user_id,signup_date,plan_tier,region,acquisition_channel,company_segment,monthly_logins,features_used,support_tickets,team_size,api_adopted,churned,churn_date,monthly_price,acquisition_cost,estimated_ltv
U00001,2025-09-13,Free,US,Organic,SMB,11,2,0,2,0,0,,0,36.37,0
U00002,2025-02-23,Pro,India,Content,Startup,12,7,1,5,1,0,,79,23.25,1027
U00003,2025-01-08,Pro,India,Organic,SMB,10,7,0,2,1,0,,79,27.29,869
U00004,2025-07-11,Pro,UK,Partner,SMB,12,9,0,4,0,0,,79,53.85,790
U00005,2025-04-20,Pro,US,Organic,SMB,11,7,1,6,0,0,,79,12.85,869
U00006,2025-05-21,Pro,Germany,Organic,Startup,8,4,4,4,0,0,,79,40.36,1106
U00007,2025-01-24,Free,Germany,Paid Search,Startup,11,4,2,2,1,1,2025-04-25,0,87.34,0
U00008,2025-04-22,Free,US,Paid Search,Startup,10,3,2,2,0,0,,0,114.97,0
U00009,2025-07-13,Pro,India,Paid Search,SMB,14,6,1,6,0,1,2025-12-27,79,98.23,474
U00010,2025-04-17,Pro,US,Content,Mid-Market,12,4,0,7,1,0,,79,33.42,948
U00011,2025-09-07,Business,US,Referral,SMB,12,8,3,7,0,0,,249,26.79,2241
U00012,2025-08-26,Pro,US,Content,Mid-Market,11,9,1,6,0,0,,79,30.27,632
U00013,2025-07-31,Pro,US,Referral,Mid-Market,10,6,2,5,1,1,2026-02-05,79,30.0,474
U00014,2025-09-29,Pro,India,Referral,Mid-Market,14,4,1,2,0,1,2026-01-26,79,21.59,316
U00015,2025-08-05,Pro,India,Referral,Startup,11,7,0,5,0,0,,79,28.09,711
U00016,2025-02-23,Pro,India,Referral,SMB,10,6,1,2,0,0,,79,41.78,869
U00017,2025-09-15,Pro,Germany,Content,SMB,12,5,0,6,1,0,,79,29.57,632
U00018,2025-07-15,Pro,UK,Referral,Mid-Market,14,5,2,4,0,0,,79,33.57,1027
U00019,2025-01-30,Free,US,Referral,SMB,9,5,4,4,0,1,2025-06-08,0,34.21,0
U00020,2025-03-31,Pro,US,Paid Search,Startup,17,7,0,8,0,1,2025-05-02,79,113.75,79
U00021,2025-02-19,Pro,India,Paid Search,Startup,9,5,1,2,1,0,,79,66.93,711
U00022,2025-10-18,Free,UK,Organic,Enterprise,3,4,2,2,0,0,,0,45.97,0
U00023,2025-08-07,Free,US,Content,SMB,12,2,4,6,0,1,2025-12-04,0,40.03,0
U00024,2025-10-03,Free,India,Content,SMB,3,4,2,3,0,0,,0,35.62,0
U00025,2025-03-26,Free,US,Organic,SMB,8,2,2,2,0,0,,0,30.32,0
U00026,2025-07-10,Business,India,Content,SMB,9,7,0,8,1,0,,249,27.38,2739
U00027,2025-07-01,Pro,India,Paid Search,Startup,8,3,1,5,0,1,2025-10-08,79,129.76,237
U00028,2025-08-14,Free,US,Referral,SMB,7,3,2,1,0,0,,0,25.47,0
U00029,2025-02-05,Free,US,Referral,Mid-Market,9,5,2,2,0,0,,0,22.23,0
U00030,2025-06-04,Free,India,Content,SMB,5,3,2,1,1,0,,0,17.11,0
U00031,2025-07-13,Free,Canada,Organic,Startup,6,3,2,3,0,1,2026-04-22,0,43.92,0
U00032,2025-09-05,Pro,UK,Referral,Startup,13,6,2,2,1,0,,79,45.94,1106
U00033,2025-07-16,Free,India,Content,Startup,7,3,1,2,0,0,,0,33.05,0
U00034,2025-05-15,Free,Germany,Referral,Startup,9,1,0,2,0,0,,0,59.67,0
U00035,2025-05-19,Pro,US,Organic,Startup,15,6,0,6,0,0,,79,35.1,632
U00036,2025-04-12,Pro,Australia,Partner,Startup,12,5,2,7,1,0,,79,87.31,1106
U00037,2025-02-17,Pro,India,Paid Search,Mid-Market,22,9,1,6,1,0,,79,65.39,869
U00038,2025-03-25,Business,UK,Referral,Mid-Market,10,8,4,6,0,0,,249,19.93,2241
U00039,2025-02-13,Pro,UK,Organic,Mid-Market,14,7,2,3,0,0,,79,36.82,1106
U00040,2025-03-09,Pro,UK,Paid Search,Mid-Market,12,5,1,4,0,1,2025-05-16,79,84.61,158
U00041,2025-09-14,Business,India,Content,SMB,17,8,1,8,0,0,,249,38.49,3237
U00042,2025-06-07,Business,Australia,Paid Search,SMB,15,5,0,9,1,0,,249,126.11,3237
U00043,2025-01-28,Free,US,Referral,Mid-Market,9,3,3,2,0,1,2025-07-28,0,20.41,0
U00044,2025-05-10,Pro,US,Organic,SMB,16,8,0,1,0,0,,79,35.05,1027
U00045,2025-03-23,Pro,India,Organic,Mid-Market,12,5,1,5,0,1,2025-07-23,79,34.98,316
U00046,2025-07-18,Pro,Australia,Organic,Mid-Market,9,4,2,4,1,0,,79,33.81,711
U00047,2025-09-07,Free,US,Organic,Startup,7,2,0,3,0,1,2025-11-12,0,17.26,0
U00048,2025-01-04,Pro,India,Organic,SMB,10,7,2,4,1,0,,79,27.53,948
U00049,2025-05-20,Business,India,Organic,SMB,20,9,0,6,0,0,,249,31.99,2739
U00050,2025-05-15,Free,Canada,Organic,SMB,14,1,0,2,0,0,,0,34.07,0
U00051,2025-10-25,Free,Canada,Organic,Startup,5,3,1,4,0,1,2026-09-07,0,43.72,0
U00052,2025-04-20,Free,India,Paid Search,Mid-Market,11,3,2,3,0,1,2025-08-20,0,117.48,0
U00053,2025-02-19,Pro,Canada,Paid Search,Startup,11,5,0,4,0,0,,79,100.92,948
U00054,2025-02-28,Business,UK,Organic,Enterprise,16,8,2,9,0,0,,249,44.44,2739
U00055,2025-05-24,Free,India,Partner,SMB,7,2,4,1,0,1,2025-11-13,0,61.11,0
U00056,2025-06-28,Business,US,Organic,SMB,19,11,0,10,0,0,,249,28.99,2739
U00057,2025-04-08,Pro,US,Partner,Startup,12,8,0,8,0,0,,79,78.89,1106
U00058,2025-05-11,Free,US,Organic,Mid-Market,15,2,1,3,0,1,2025-07-04,0,25.3,0
U00059,2025-07-18,Business,US,Content,SMB,18,8,0,7,1,0,,249,33.47,2739
U00060,2025-03-31,Free,Canada,Partner,SMB,7,6,1,2,0,1,2025-12-20,0,84.79,0
U00061,2025-10-17,Free,India,Referral,Startup,14,4,1,5,1,0,,0,34.03,0
U00062,2025-03-04,Pro,US,Referral,SMB,8,2,2,2,0,0,,79,42.22,711
U00063,2025-10-08,Free,Australia,Organic,SMB,9,2,0,2,0,0,,0,45.5,0
U00064,2025-09-20,Free,Germany,Paid Search,Startup,5,2,1,3,0,1,2026-07-22,0,131.5,0
U00065,2025-10-15,Pro,Australia,Paid Search,Mid-Market,12,5,1,2,0,0,,79,65.62,711
U00066,2025-08-28,Free,US,Organic,Startup,10,4,1,4,0,1,2025-12-22,0,36.93,0
U00067,2025-06-08,Pro,US,Partner,SMB,11,8,0,6,0,0,,79,65.54,711
U00068,2025-07-02,Business,US,Organic,SMB,11,8,1,3,1,0,,249,44.85,3486
U00069,2025-03-04,Business,UK,Paid Search,Enterprise,9,9,1,5,0,1,2025-07-30,249,90.52,1245
U00070,2025-04-14,Pro,Australia,Organic,Startup,8,7,1,3,0,0,,79,20.1,948
U00071,2025-05-19,Pro,India,Organic,Startup,16,8,1,3,0,0,,79,14.94,1106
U00072,2025-10-12,Pro,India,Paid Search,Startup,13,6,2,6,1,0,,79,95.59,1027
U00073,2025-08-27,Free,Canada,Paid Search,Mid-Market,11,3,5,2,0,1,2025-12-10,0,83.21,0
U00074,2025-06-19,Pro,India,Referral,Mid-Market,12,4,2,4,1,0,,79,21.3,1106
U00075,2025-06-28,Business,US,Paid Search,Startup,17,9,0,5,1,0,,249,94.42,2241
U00076,2025-05-10,Business,US,Organic,Startup,12,10,0,11,0,1,2025-09-27,249,33.74,1245
U00077,2025-05-06,Pro,India,Referral,Startup,16,5,1,6,0,0,,79,36.6,1106
U00078,2025-09-28,Pro,Canada,Referral,SMB,17,5,1,5,0,1,2025-12-26,79,42.77,237
U00079,2025-01-02,Pro,US,Paid Search,SMB,12,5,2,3,0,0,,79,101.68,711
U00080,2025-04-06,Free,India,Referral,Mid-Market,8,3,5,1,0,1,2025-05-29,0,21.02,0
U00081,2025-05-03,Free,US,Partner,Mid-Market,7,2,3,3,1,0,,0,73.67,0
U00082,2025-07-28,Free,Canada,Organic,SMB,8,7,3,2,0,0,,0,23.78,0
U00083,2025-05-04,Free,Canada,Content,Mid-Market,13,4,0,1,1,0,,0,45.37,0
U00084,2025-04-05,Free,India,Organic,Mid-Market,5,7,1,2,0,0,,0,36.61,0
U00085,2025-01-24,Free,US,Paid Search,Mid-Market,7,1,2,4,0,1,2025-04-26,0,96.66,0
U00086,2025-03-20,Free,US,Referral,SMB,9,4,0,2,0,1,2025-08-03,0,34.9,0
U00087,2025-02-01,Free,UK,Organic,Startup,9,5,1,2,0,0,,0,41.39,0
U00088,2025-07-30,Pro,India,Organic,Mid-Market,9,8,0,3,1,0,,79,45.42,1027
U00089,2025-05-09,Pro,US,Organic,SMB,14,9,0,4,0,0,,79,51.8,948
U00090,2025-03-10,Free,US,Referral,Mid-Market,5,3,0,4,0,1,2025-11-06,0,26.15,0
U00091,2025-06-12,Pro,UK,Referral,Startup,12,6,2,2,0,0,,79,21.96,1027
U00092,2025-05-28,Pro,India,Partner,Mid-Market,8,7,0,5,0,0,,79,71.94,790
U00093,2025-05-22,Pro,US,Paid Search,SMB,7,5,1,5,1,0,,79,115.96,790
U00094,2025-06-24,Free,UK,Referral,Startup,7,3,0,1,0,0,,0,38.18,0
U00095,2025-07-07,Pro,US,Organic,SMB,8,7,0,6,0,0,,79,35.16,948
U00096,2025-02-26,Pro,India,Referral,Mid-Market,16,4,0,1,0,0,,79,47.95,1106
U00097,2025-02-16,Free,UK,Referral,SMB,6,6,3,2,0,1,2026-01-10,0,39.63,0
U00098,2025-08-08,Pro,US,Content,Startup,20,3,2,2,0,0,,79,31.64,790
U00099,2025-10-19,Free,US,Referral,Startup,6,3,2,1,0,1,2026-08-26,0,41.09,0
U00100,2025-06-14,Pro,UK,Organic,Startup,13,7,2,3,0,0,,79,31.69,632
U00101,2025-05-16,Free,Canada,Partner,Startup,14,2,0,3,0,0,,0,76.28,0
U00102,2025-07-06,Free,India,Content,SMB,10,4,2,1,0,1,2025-10-10,0,33.61,0
U00103,2025-01-11,Free,India,Referral,Mid-Market,4,4,4,4,0,1,2025-11-07,0,48.13,0
U00104,2025-04-22,Free,India,Referral,Startup,11,6,2,6,1,0,,0,28.23,0
U00105,2025-04-18,Free,US,Organic,Startup,10,3,0,1,1,0,,0,17.64,0
U00106,2025-05-07,Free,Australia,Organic,Startup,4,3,0,1,0,1,2025-07-22,0,56.23,0
U00107,2025-08-12,Pro,UK,Partner,Startup,12,8,1,5,1,0,,79,80.82,869
U00108,2025-05-29,Pro,US,Organic,Startup,13,7,2,6,0,0,,79,26.62,869
U00109,2025-09-14,Pro,Australia,Referral,SMB,13,9,1,7,0,1,2026-04-06,79,35.62,553
U00110,2025-05-21,Free,UK,Content,Startup,9,4,0,1,0,0,,0,33.05,0
U00111,2025-01-11,Business,India,Organic,SMB,11,10,1,11,1,1,2025-11-16,249,57.41,2490
U00112,2025-07-22,Free,India,Partner,Startup,11,1,2,2,0,1,2026-04-23,0,41.43,0
U00113,2025-08-28,Pro,India,Organic,Startup,9,7,0,4,0,0,,79,37.63,948
U00114,2025-06-23,Free,UK,Content,Startup,12,3,4,3,0,1,2026-03-29,0,34.48,0
U00115,2025-10-09,Free,Canada,Organic,Startup,11,4,1,4,0,0,,0,19.87,0
U00116,2025-05-05,Free,US,Organic,SMB,8,1,4,3,0,1,2025-09-08,0,25.81,0
U00117,2025-08-28,Pro,US,Organic,Mid-Market,12,10,0,4,0,0,,79,24.29,1027
U00118,2025-01-01,Business,India,Paid Search,Startup,17,6,2,8,1,0,,249,92.08,2988
U00119,2025-01-12,Pro,US,Paid Search,Startup,14,8,2,5,0,1,2025-03-24,79,72.63,158
U00120,2025-08-27,Pro,Canada,Paid Search,Mid-Market,13,6,2,3,0,0,,79,68.89,790
U00121,2025-09-20,Business,Canada,Referral,SMB,15,9,2,15,1,0,,249,53.5,2490
U00122,2025-06-05,Pro,UK,Paid Search,SMB,11,7,1,5,1,0,,79,98.64,948
U00123,2025-08-14,Free,US,Paid Search,SMB,4,6,1,5,0,0,,0,89.07,0
U00124,2025-04-08,Free,UK,Organic,Startup,6,1,1,2,0,1,2025-06-24,0,28.12,0
U00125,2025-08-07,Pro,UK,Organic,SMB,17,5,0,2,0,0,,79,17.24,1106
U00126,2025-05-30,Free,US,Content,SMB,6,1,1,2,0,1,2026-03-14,0,68.15,0
U00127,2025-04-02,Pro,India,Organic,SMB,14,9,0,2,1,0,,79,33.3,869
U00128,2025-01-29,Free,India,Paid Search,SMB,7,3,1,3,0,0,,0,69.15,0
U00129,2025-02-22,Free,India,Organic,Startup,9,2,2,3,0,1,2025-10-24,0,27.77,0
U00130,2025-09-29,Free,US,Referral,Mid-Market,9,8,1,3,0,1,2026-03-11,0,39.52,0
U00131,2025-05-14,Free,US,Organic,Startup,8,1,3,2,0,1,2025-06-28,0,21.81,0
U00132,2025-10-24,Free,US,Partner,SMB,6,3,0,4,0,1,2025-11-24,0,62.23,0
U00133,2025-04-16,Free,India,Referral,SMB,6,3,1,4,0,0,,0,17.78,0
U00134,2025-01-18,Business,US,Organic,SMB,17,10,1,5,0,1,2025-07-15,249,33.83,1494
U00135,2025-03-18,Business,India,Referral,Mid-Market,13,9,0,7,0,0,,249,30.73,2739
U00136,2025-04-18,Pro,India,Organic,Mid-Market,9,6,1,2,0,0,,79,37.07,948
U00137,2025-07-30,Pro,India,Content,Mid-Market,20,7,2,7,0,0,,79,47.74,948
U00138,2025-08-08,Pro,India,Organic,Startup,12,7,1,7,0,0,,79,41.84,948
U00139,2025-08-10,Pro,US,Content,Startup,10,5,1,1,0,1,2025-11-02,79,21.25,237
U00140,2025-04-05,Free,Canada,Organic,Mid-Market,10,5,1,1,0,0,,0,38.24,0
U00141,2025-04-25,Pro,UK,Organic,SMB,21,6,0,4,1,0,,79,39.56,1027
U00142,2025-06-20,Pro,Canada,Referral,SMB,8,5,1,6,1,0,,79,37.54,948
U00143,2025-07-01,Pro,UK,Referral,SMB,11,8,2,4,0,0,,79,32.6,1027
U00144,2025-05-05,Free,India,Partner,Startup,10,4,4,3,0,0,,0,79.5,0
U00145,2025-02-27,Free,India,Organic,SMB,9,4,2,4,0,0,,0,19.78,0
U00146,2025-08-21,Pro,US,Content,Startup,13,8,0,5,0,1,2026-06-06,79,24.53,790
U00147,2025-06-06,Business,Canada,Content,Mid-Market,6,10,0,11,0,0,,249,43.73,3486
U00148,2025-10-15,Business,Canada,Organic,SMB,24,8,1,17,1,0,,249,39.41,2739
U00149,2025-10-11,Pro,Australia,Organic,Startup,11,6,0,5,1,0,,79,30.54,790
U00150,2025-09-24,Free,UK,Referral,Enterprise,5,2,2,4,0,1,2026-07-05,0,40.93,0
U00151,2025-10-16,Pro,Australia,Referral,SMB,13,5,1,4,1,1,2026-06-18,79,33.73,632
U00152,2025-07-06,Free,UK,Partner,Mid-Market,9,3,0,3,1,1,2026-04-24,0,76.14,0
U00153,2025-03-31,Pro,India,Content,SMB,13,3,2,4,1,1,2025-07-10,79,59.56,237
U00154,2025-02-18,Business,UK,Organic,SMB,17,10,0,6,0,1,2025-12-03,249,39.86,2490
U00155,2025-02-01,Pro,India,Organic,Startup,13,3,0,4,0,0,,79,44.51,948
U00156,2025-10-12,Pro,India,Referral,Startup,9,6,3,5,1,0,,79,32.34,869
U00157,2025-03-23,Free,Canada,Paid Search,Mid-Market,11,3,0,3,1,0,,0,72.65,0
U00158,2025-01-08,Free,Australia,Organic,Mid-Market,7,2,2,4,0,0,,0,41.76,0
U00159,2025-01-12,Business,US,Paid Search,SMB,11,4,0,8,1,0,,249,110.96,2739
U00160,2025-03-31,Pro,US,Paid Search,SMB,13,6,0,5,0,0,,79,88.57,869
U00161,2025-10-21,Pro,UK,Organic,Mid-Market,9,7,2,5,0,1,2026-01-03,79,40.24,158
U00162,2025-03-26,Free,Germany,Referral,SMB,10,1,1,4,0,1,2025-12-14,0,42.91,0
U00163,2025-01-31,Free,Germany,Paid Search,Startup,12,2,2,4,0,1,2025-06-03,0,69.45,0
U00164,2025-07-21,Pro,UK,Organic,SMB,16,7,1,4,0,0,,79,16.79,790
U00165,2025-01-18,Pro,US,Content,Startup,10,6,1,8,1,0,,79,45.13,869
U00166,2025-05-27,Free,US,Partner,Mid-Market,9,3,2,4,0,1,2025-07-11,0,89.23,0
U00167,2025-01-26,Free,India,Organic,Mid-Market,9,1,6,1,0,1,2025-10-17,0,26.52,0
U00168,2025-01-28,Pro,Canada,Paid Search,Startup,17,5,0,4,0,0,,79,62.55,948
U00169,2025-04-19,Free,Germany,Content,Mid-Market,10,4,3,3,0,0,,0,33.52,0
U00170,2025-01-04,Free,UK,Organic,SMB,6,4,0,1,0,0,,0,17.78,0
U00171,2025-09-13,Pro,US,Organic,Startup,18,8,1,2,0,0,,79,31.33,711
U00172,2025-07-01,Free,India,Partner,Mid-Market,9,1,4,3,0,0,,0,81.77,0
U00173,2025-10-08,Free,India,Referral,Mid-Market,10,7,1,4,0,0,,0,16.57,0
U00174,2025-05-28,Pro,Germany,Organic,SMB,16,4,0,6,0,0,,79,49.78,1106
U00175,2025-06-16,Free,Australia,Paid Search,Mid-Market,7,2,3,3,1,0,,0,98.42,0
U00176,2025-06-30,Free,India,Referral,SMB,13,5,2,2,0,0,,0,18.48,0
U00177,2025-05-20,Free,India,Organic,Startup,7,5,1,1,1,1,2025-08-07,0,34.79,0
U00178,2025-06-19,Pro,Canada,Referral,Mid-Market,10,7,0,4,1,0,,79,21.95,632
U00179,2025-06-21,Free,Australia,Paid Search,SMB,5,4,2,2,0,0,,0,81.5,0
U00180,2025-09-25,Free,India,Referral,SMB,7,3,0,3,0,1,2026-06-03,0,23.79,0
U00181,2025-04-02,Business,Germany,Referral,Mid-Market,17,6,0,8,0,0,,249,24.53,3237
U00182,2025-10-03,Free,Australia,Organic,Startup,6,4,1,2,0,1,2026-06-23,0,44.75,0
U00183,2025-02-21,Business,US,Organic,SMB,14,11,0,9,0,0,,249,17.98,2241
U00184,2025-02-26,Free,UK,Referral,Startup,5,2,2,3,0,1,2025-10-06,0,42.55,0
U00185,2025-03-18,Pro,US,Referral,Startup,11,6,1,5,0,0,,79,43.98,1027
U00186,2025-10-10,Pro,US,Organic,Startup,10,6,0,4,0,0,,79,36.61,1106
U00187,2025-03-15,Free,Canada,Referral,SMB,5,7,2,3,0,0,,0,50.72,0
U00188,2025-08-25,Pro,US,Organic,Mid-Market,15,5,1,3,1,0,,79,36.66,711
U00189,2025-06-24,Free,UK,Referral,Startup,8,7,2,3,0,1,2025-10-28,0,24.84,0
U00190,2025-07-11,Business,Canada,Organic,Enterprise,18,11,2,9,0,0,,249,16.16,3237
U00191,2025-01-24,Free,India,Organic,SMB,8,3,1,5,0,1,2025-07-26,0,43.97,0
U00192,2025-07-17,Business,India,Referral,SMB,8,5,1,6,0,0,,249,17.86,2739
U00193,2025-01-21,Free,India,Content,Startup,10,1,1,1,0,1,2025-10-09,0,33.16,0
U00194,2025-06-13,Pro,India,Partner,Startup,10,6,3,2,0,1,2025-09-05,79,77.29,237
U00195,2025-08-25,Pro,US,Referral,SMB,18,6,2,3,0,0,,79,21.7,869
U00196,2025-10-03,Pro,India,Referral,Mid-Market,16,6,2,10,0,0,,79,36.85,869
U00197,2025-10-24,Pro,India,Paid Search,Mid-Market,9,7,2,2,0,0,,79,115.31,790
U00198,2025-03-11,Free,US,Organic,SMB,11,2,3,3,0,1,2025-07-02,0,40.29,0
U00199,2025-08-19,Pro,UK,Paid Search,Startup,15,4,0,7,1,0,,79,99.96,948
U00200,2025-06-29,Free,Canada,Referral,SMB,10,4,0,4,0,0,,0,34.29,0
U00201,2025-08-09,Free,India,Paid Search,SMB,4,6,2,2,0,0,,0,95.37,0
U00202,2025-09-02,Free,US,Referral,SMB,12,1,0,2,0,0,,0,33.36,0
U00203,2025-05-23,Free,US,Referral,Mid-Market,8,4,2,2,0,0,,0,44.17,0
U00204,2025-02-10,Business,US,Partner,Mid-Market,10,13,1,4,0,0,,249,50.09,2988
U00205,2025-08-25,Free,Germany,Paid Search,SMB,7,4,1,4,0,1,2026-07-05,0,109.9,0
U00206,2025-07-04,Free,India,Paid Search,Startup,7,3,1,1,0,0,,0,93.69,0
U00207,2025-02-10,Business,India,Paid Search,SMB,15,6,2,6,0,0,,249,124.44,3486
U00208,2025-05-01,Free,US,Content,Enterprise,8,4,3,3,0,0,,0,41.35,0
U00209,2025-02-13,Free,India,Partner,Mid-Market,11,1,1,3,0,0,,0,98.84,0
U00210,2025-08-18,Free,Germany,Content,Startup,12,1,0,2,0,0,,0,19.83,0
U00211,2025-04-11,Business,US,Paid Search,SMB,23,9,0,5,0,0,,249,114.37,2490
U00212,2025-01-21,Free,US,Organic,Mid-Market,20,5,1,2,0,1,2025-04-09,0,35.37,0
U00213,2025-03-27,Free,Australia,Organic,Startup,11,3,3,2,0,1,2025-07-17,0,31.47,0
U00214,2025-07-02,Business,India,Organic,Startup,15,12,0,6,1,0,,249,31.91,2490
U00215,2025-06-27,Business,India,Organic,Startup,11,5,0,4,0,0,,249,31.02,3237
U00216,2025-09-15,Business,Canada,Partner,Mid-Market,18,11,1,9,0,0,,249,71.36,3486
U00217,2025-04-19,Free,US,Content,Mid-Market,5,3,1,2,0,0,,0,39.45,0
U00218,2025-07-08,Free,India,Organic,Startup,13,7,0,2,0,0,,0,30.06,0
U00219,2025-10-11,Pro,Germany,Referral,Startup,10,8,1,5,1,0,,79,35.61,1106
U00220,2025-04-07,Pro,Germany,Organic,Startup,7,8,0,5,1,0,,79,20.53,948
U00221,2025-01-10,Free,Canada,Paid Search,SMB,10,3,3,3,0,1,2025-09-22,0,115.73,0
U00222,2025-07-16,Free,Canada,Organic,Mid-Market,6,1,0,2,0,0,,0,29.9,0
U00223,2025-06-30,Free,Canada,Referral,Mid-Market,9,4,0,2,0,1,2026-04-15,0,28.6,0
U00224,2025-04-12,Pro,UK,Organic,SMB,11,6,1,4,0,0,,79,31.45,948
U00225,2025-06-18,Free,India,Organic,SMB,6,1,2,4,0,0,,0,21.44,0
U00226,2025-07-20,Business,India,Paid Search,Mid-Market,11,8,1,2,0,0,,249,81.79,2988
U00227,2025-09-03,Free,Canada,Organic,SMB,8,3,3,4,0,1,2025-12-27,0,41.83,0
U00228,2025-02-08,Pro,US,Organic,Startup,9,5,0,4,1,0,,79,37.64,1106
U00229,2025-05-22,Free,US,Organic,Startup,11,1,1,1,0,0,,0,34.21,0
U00230,2025-03-25,Free,Germany,Partner,SMB,10,1,1,5,0,0,,0,69.72,0
U00231,2025-04-11,Free,India,Content,SMB,4,1,2,2,0,1,2025-10-31,0,23.77,0
U00232,2025-01-10,Pro,Canada,Content,Mid-Market,14,7,2,6,0,0,,79,27.75,948
U00233,2025-05-07,Business,Germany,Organic,SMB,17,8,0,8,0,0,,249,35.44,3237
U00234,2025-01-26,Business,Germany,Paid Search,Startup,17,6,0,6,0,0,,249,106.11,2988
U00235,2025-10-05,Free,US,Paid Search,SMB,5,2,0,3,0,1,2026-04-26,0,122.31,0
U00236,2025-06-16,Pro,US,Organic,SMB,12,5,1,1,0,0,,79,48.2,948
U00237,2025-05-07,Pro,US,Paid Search,Startup,10,4,0,5,0,0,,79,48.06,948
U00238,2025-03-11,Free,US,Content,Enterprise,8,3,1,2,1,0,,0,24.72,0
U00239,2025-10-09,Pro,US,Paid Search,SMB,18,6,3,3,0,0,,79,76.26,711
U00240,2025-06-04,Business,US,Referral,SMB,16,3,0,10,0,0,,249,28.33,2988
U00241,2025-10-23,Pro,Germany,Organic,SMB,10,2,2,6,1,1,2026-05-30,79,32.25,553
U00242,2025-07-17,Pro,India,Referral,SMB,12,8,1,5,0,0,,79,28.56,948
U00243,2025-10-26,Pro,Germany,Organic,Mid-Market,17,6,0,3,0,0,,79,24.78,711
U00244,2025-09-22,Free,US,Organic,SMB,6,3,2,3,0,0,,0,42.21,0
U00245,2025-08-11,Free,Australia,Paid Search,Mid-Market,4,3,1,4,1,0,,0,107.02,0
U00246,2025-04-17,Pro,Germany,Organic,SMB,12,4,3,4,0,1,2025-09-19,79,51.19,395
U00247,2025-08-22,Pro,India,Paid Search,Startup,21,6,1,3,1,1,2026-02-06,79,104.18,474
U00248,2025-04-06,Pro,Germany,Paid Search,Mid-Market,11,9,1,3,0,0,,79,116.91,711
U00249,2025-09-15,Free,US,Content,SMB,11,1,0,1,0,1,2025-12-15,0,27.93,0
U00250,2025-04-05,Pro,India,Referral,Mid-Market,18,5,0,8,0,1,2025-05-27,79,31.45,158
U00251,2025-01-24,Free,US,Organic,SMB,6,2,1,3,1,1,2025-10-02,0,39.83,0
U00252,2025-02-05,Free,India,Paid Search,Mid-Market,11,2,2,2,1,0,,0,96.95,0
U00253,2025-05-17,Pro,US,Referral,Startup,12,4,1,3,1,0,,79,34.79,632
U00254,2025-07-18,Pro,US,Organic,Startup,20,2,1,1,0,1,2025-12-25,79,30.7,395
U00255,2025-03-28,Free,Canada,Referral,SMB,12,5,1,3,0,0,,0,17.47,0
U00256,2025-09-03,Free,US,Content,Startup,8,6,0,3,1,0,,0,34.52,0
U00257,2025-03-18,Free,US,Organic,Startup,12,2,0,1,0,0,,0,35.73,0
U00258,2025-05-22,Pro,Germany,Content,Startup,11,7,2,8,0,0,,79,37.52,869
U00259,2025-04-11,Free,UK,Organic,SMB,9,3,2,2,0,0,,0,19.01,0
U00260,2025-06-17,Free,US,Paid Search,SMB,11,4,2,1,0,0,,0,83.18,0
U00261,2025-02-26,Free,India,Paid Search,Startup,8,4,0,4,0,0,,0,69.21,0
U00262,2025-10-15,Free,Germany,Referral,Startup,11,2,4,2,0,0,,0,42.75,0
U00263,2025-10-05,Pro,UK,Paid Search,Enterprise,20,3,4,7,0,1,2026-05-02,79,78.17,553
U00264,2025-07-29,Pro,Australia,Organic,SMB,16,7,0,5,0,0,,79,36.63,1027
U00265,2025-06-09,Pro,US,Paid Search,SMB,16,5,1,4,0,0,,79,77.22,869
U00266,2025-08-12,Free,US,Referral,SMB,14,6,2,2,0,0,,0,46.43,0
U00267,2025-05-21,Pro,India,Organic,Mid-Market,17,1,2,3,1,1,2025-11-05,79,28.27,474
U00268,2025-09-24,Pro,US,Paid Search,SMB,16,6,1,6,0,0,,79,55.22,869
U00269,2025-01-20,Free,Canada,Paid Search,Mid-Market,10,4,0,6,0,1,2025-07-03,0,103.36,0
U00270,2025-03-06,Pro,UK,Organic,SMB,18,5,0,4,1,1,2025-10-16,79,29.16,553
U00271,2025-05-17,Pro,US,Referral,Startup,11,7,2,8,0,0,,79,31.2,790
U00272,2025-07-15,Free,US,Organic,SMB,9,2,3,2,1,1,2026-01-30,0,38.81,0
U00273,2025-08-01,Free,UK,Referral,SMB,5,1,1,5,1,0,,0,29.78,0
U00274,2025-08-04,Free,UK,Partner,Startup,6,4,1,4,0,0,,0,75.42,0
U00275,2025-10-10,Free,India,Organic,SMB,13,1,1,4,0,1,2026-01-01,0,44.21,0
U00276,2025-09-10,Free,India,Partner,Startup,9,1,1,1,1,1,2026-03-05,0,62.98,0
U00277,2025-10-02,Free,India,Content,Startup,6,3,5,3,0,0,,0,51.81,0
U00278,2025-04-14,Free,India,Paid Search,Mid-Market,10,3,2,2,0,1,2025-08-04,0,101.52,0
U00279,2025-07-28,Free,US,Organic,SMB,10,1,2,1,0,0,,0,24.34,0
U00280,2025-07-26,Pro,US,Paid Search,Startup,8,3,2,2,0,0,,79,67.1,948
U00281,2025-07-01,Free,India,Paid Search,Startup,11,3,4,2,1,0,,0,92.9,0
U00282,2025-07-01,Pro,Australia,Paid Search,Startup,13,6,5,4,0,0,,79,128.11,790
U00283,2025-06-07,Free,UK,Referral,SMB,10,5,1,2,1,0,,0,44.88,0
U00284,2025-05-03,Free,US,Organic,Startup,4,7,1,5,0,0,,0,29.43,0
U00285,2025-02-11,Free,India,Content,SMB,10,5,3,3,0,1,2025-04-18,0,27.9,0
U00286,2025-01-31,Free,Germany,Paid Search,Mid-Market,6,3,2,3,0,1,2025-12-08,0,67.34,0
U00287,2025-01-01,Free,US,Content,SMB,7,1,1,3,0,0,,0,55.36,0
U00288,2025-04-16,Free,US,Content,Startup,11,4,0,4,0,0,,0,32.24,0
U00289,2025-04-22,Pro,Canada,Organic,Enterprise,8,7,0,5,1,0,,79,29.09,711
U00290,2025-10-17,Free,India,Paid Search,SMB,11,8,4,2,0,0,,0,97.35,0
U00291,2025-03-14,Pro,US,Referral,Enterprise,9,5,3,7,1,0,,79,31.99,711
U00292,2025-03-06,Free,India,Organic,Startup,8,1,1,3,0,1,2025-07-30,0,43.22,0
U00293,2025-01-14,Free,US,Organic,Startup,8,7,1,1,0,0,,0,38.86,0
U00294,2025-02-04,Free,Canada,Referral,Startup,5,4,0,2,0,1,2025-09-08,0,38.61,0
U00295,2025-07-17,Free,India,Paid Search,SMB,10,4,0,2,0,0,,0,76.12,0
U00296,2025-04-21,Free,US,Content,Startup,6,2,0,1,0,1,2025-09-14,0,29.42,0
U00297,2025-07-05,Pro,US,Paid Search,Mid-Market,14,8,1,6,0,0,,79,90.55,869
U00298,2025-01-31,Free,India,Paid Search,SMB,8,3,2,4,0,1,2025-09-03,0,71.75,0
U00299,2025-08-17,Pro,India,Paid Search,Mid-Market,13,2,1,5,0,0,,79,100.04,711
U00300,2025-03-22,Free,India,Paid Search,SMB,10,1,0,1,0,0,,0,95.67,0
U00301,2025-01-18,Free,US,Paid Search,Startup,8,2,1,3,0,1,2025-10-21,0,68.76,0
U00302,2025-10-02,Free,India,Content,Mid-Market,8,3,2,3,1,1,2026-02-28,0,30.8,0
U00303,2025-04-18,Free,Canada,Referral,SMB,9,3,2,3,1,0,,0,39.85,0
U00304,2025-04-06,Pro,US,Paid Search,SMB,13,5,1,2,1,0,,79,73.2,790
U00305,2025-01-15,Free,Australia,Paid Search,Enterprise,14,2,2,5,0,0,,0,114.16,0
U00306,2025-06-25,Free,Australia,Referral,Enterprise,6,2,1,1,0,0,,0,42.37,0
U00307,2025-03-25,Pro,Germany,Paid Search,SMB,15,2,1,5,0,0,,79,119.24,1027
U00308,2025-03-13,Free,India,Organic,Startup,6,5,3,4,0,1,2025-09-15,0,25.9,0
U00309,2025-07-22,Business,India,Paid Search,Mid-Market,18,5,0,9,1,0,,249,122.72,3486
U00310,2025-07-20,Free,US,Organic,Mid-Market,8,2,0,1,0,0,,0,29.96,0
U00311,2025-02-13,Pro,India,Paid Search,SMB,10,8,0,3,1,0,,79,100.21,790
U00312,2025-02-08,Pro,US,Organic,SMB,19,7,1,2,0,0,,79,17.32,1027
U00313,2025-03-14,Free,India,Partner,Mid-Market,7,4,0,3,0,0,,0,60.99,0
U00314,2025-08-25,Pro,US,Organic,Mid-Market,10,6,0,4,0,0,,79,22.36,1027
U00315,2025-03-21,Pro,India,Partner,Startup,15,4,1,4,0,1,2025-10-17,79,69.91,553
U00316,2025-05-07,Pro,Australia,Referral,Enterprise,13,5,1,4,0,0,,79,36.16,711
U00317,2025-02-08,Free,UK,Content,Mid-Market,4,4,1,3,0,1,2025-09-30,0,50.94,0
U00318,2025-02-25,Pro,US,Content,SMB,7,4,1,7,1,0,,79,29.23,1106
U00319,2025-07-19,Pro,US,Partner,SMB,10,7,1,3,1,0,,79,86.38,1027
U00320,2025-08-16,Free,Australia,Paid Search,Mid-Market,8,2,1,3,0,0,,0,119.53,0
U00321,2025-09-17,Free,Canada,Content,Mid-Market,7,2,2,2,0,1,2026-01-13,0,32.04,0
U00322,2025-06-16,Free,India,Organic,Startup,11,4,2,1,1,1,2025-07-23,0,35.68,0
U00323,2025-03-25,Pro,Germany,Organic,Mid-Market,18,6,2,5,0,0,,79,29.95,1027
U00324,2025-05-12,Pro,UK,Partner,Mid-Market,12,6,1,3,1,1,2025-11-15,79,62.14,474
U00325,2025-02-16,Free,Canada,Partner,Startup,9,7,2,1,0,1,2025-06-07,0,81.01,0
U00326,2025-03-14,Pro,US,Content,Startup,9,6,1,7,0,1,2025-12-25,79,47.38,790
U00327,2025-05-25,Free,India,Content,Startup,13,3,3,2,1,0,,0,23.78,0
U00328,2025-08-23,Pro,US,Organic,SMB,9,7,0,6,0,1,2025-10-02,79,52.56,79
U00329,2025-03-19,Pro,India,Paid Search,Startup,16,4,0,3,0,0,,79,80.48,711
U00330,2025-04-20,Pro,India,Paid Search,SMB,16,8,1,5,1,0,,79,94.21,869
U00331,2025-01-12,Pro,Germany,Paid Search,Startup,8,8,1,3,1,0,,79,88.74,948
U00332,2025-01-13,Free,India,Paid Search,Mid-Market,11,2,2,3,0,1,2025-08-02,0,96.61,0
U00333,2025-06-13,Free,UK,Paid Search,Mid-Market,7,4,0,1,0,0,,0,84.94,0
U00334,2025-10-17,Pro,India,Partner,Mid-Market,19,7,4,5,0,1,2026-07-05,79,56.66,711
U00335,2025-06-22,Free,UK,Partner,Startup,13,6,3,1,0,1,2025-11-15,0,82.77,0
U00336,2025-01-10,Pro,India,Partner,Mid-Market,13,4,0,4,0,0,,79,98.94,1106
U00337,2025-06-22,Free,US,Paid Search,SMB,6,2,0,1,0,0,,0,103.32,0
U00338,2025-02-06,Pro,UK,Organic,Mid-Market,15,3,2,2,0,0,,79,33.5,711
U00339,2025-07-27,Pro,US,Partner,Enterprise,12,9,4,5,0,0,,79,49.34,869
U00340,2025-05-20,Free,Australia,Partner,SMB,7,5,2,3,0,1,2025-09-12,0,73.77,0
U00341,2025-04-20,Pro,UK,Referral,Enterprise,13,5,3,3,1,0,,79,38.12,869
U00342,2025-03-04,Free,US,Organic,SMB,12,4,0,1,0,0,,0,27.25,0
U00343,2025-02-22,Free,India,Paid Search,Startup,11,3,1,5,0,0,,0,93.31,0
U00344,2025-04-11,Pro,India,Paid Search,Startup,13,7,0,5,1,0,,79,75.54,869
U00345,2025-05-16,Free,Australia,Partner,Startup,9,5,2,3,0,0,,0,61.35,0
U00346,2025-06-20,Free,UK,Organic,Enterprise,10,7,2,3,0,0,,0,36.32,0
U00347,2025-07-26,Pro,Australia,Referral,Enterprise,14,8,1,7,1,0,,79,12.4,711
U00348,2025-10-15,Business,Germany,Referral,Startup,12,8,0,11,1,0,,249,27.87,2739
U00349,2025-01-10,Pro,India,Referral,Mid-Market,15,8,1,4,0,0,,79,14.65,1027
U00350,2025-10-08,Free,India,Paid Search,SMB,8,1,1,1,0,1,2026-03-10,0,117.82,0
U00351,2025-06-18,Business,US,Paid Search,SMB,21,10,1,5,1,1,2026-01-06,249,97.37,1743
U00352,2025-01-23,Free,Germany,Paid Search,Enterprise,10,5,1,1,0,0,,0,133.7,0
U00353,2025-09-18,Business,US,Content,Startup,17,10,1,10,1,1,2026-04-18,249,36.94,1743
U00354,2025-09-13,Free,Canada,Referral,SMB,13,6,3,3,0,0,,0,17.48,0
U00355,2025-03-28,Free,Canada,Organic,Mid-Market,5,7,2,2,0,1,2025-05-11,0,38.35,0
U00356,2025-02-20,Pro,UK,Paid Search,SMB,7,7,0,4,0,0,,79,93.17,1027
U00357,2025-04-01,Pro,US,Organic,Startup,15,7,3,3,0,0,,79,45.12,1106
U00358,2025-09-01,Pro,Australia,Content,SMB,16,7,0,6,0,0,,79,40.04,1106
U00359,2025-10-03,Free,US,Content,Mid-Market,5,4,1,2,0,0,,0,40.97,0
U00360,2025-03-30,Free,India,Paid Search,Startup,12,5,1,1,0,1,2025-05-11,0,79.92,0
U00361,2025-05-23,Pro,UK,Organic,SMB,8,5,1,4,0,0,,79,45.68,1027
U00362,2025-08-04,Free,UK,Partner,Mid-Market,8,1,1,3,0,0,,0,50.7,0
U00363,2025-02-24,Free,US,Referral,Mid-Market,8,2,2,2,0,0,,0,24.69,0
U00364,2025-08-04,Free,India,Organic,Mid-Market,6,7,2,1,0,0,,0,43.95,0
U00365,2025-03-09,Pro,UK,Organic,SMB,13,6,1,5,0,0,,79,32.81,790
U00366,2025-09-13,Free,Canada,Partner,Startup,5,1,2,3,1,0,,0,59.69,0
U00367,2025-02-10,Free,Australia,Content,Mid-Market,13,3,1,1,0,0,,0,14.77,0
U00368,2025-10-21,Pro,US,Organic,Startup,11,4,1,2,1,0,,79,31.68,711
U00369,2025-08-05,Pro,India,Referral,Mid-Market,14,4,0,7,0,1,2025-10-19,79,31.15,158
U00370,2025-03-24,Pro,US,Referral,Enterprise,13,5,1,8,1,0,,79,37.61,1027
U00371,2025-08-31,Pro,Germany,Referral,Mid-Market,8,6,1,4,0,0,,79,45.97,711
U00372,2025-07-08,Pro,Canada,Paid Search,Enterprise,16,4,2,4,1,0,,79,88.29,711
U00373,2025-05-23,Free,US,Partner,Mid-Market,6,3,0,2,1,0,,0,81.97,0
U00374,2025-08-10,Free,Canada,Partner,Enterprise,7,3,2,2,0,1,2026-06-22,0,52.34,0
U00375,2025-07-26,Pro,Australia,Organic,Mid-Market,12,10,0,6,0,1,2025-09-24,79,38.85,158
U00376,2025-01-24,Free,Canada,Organic,SMB,7,1,4,2,0,0,,0,32.93,0
U00377,2025-03-10,Free,US,Referral,SMB,4,1,0,1,0,0,,0,16.88,0
U00378,2025-07-18,Business,Canada,Organic,SMB,8,7,0,10,1,0,,249,32.19,3486
U00379,2025-05-02,Free,Australia,Referral,SMB,8,7,1,3,1,0,,0,40.08,0
U00380,2025-04-07,Free,India,Paid Search,SMB,15,3,3,2,0,1,2025-10-26,0,74.39,0
U00381,2025-06-13,Pro,India,Referral,Startup,10,7,1,3,1,1,2025-10-29,79,32.91,395
U00382,2025-02-18,Free,Canada,Content,SMB,11,6,2,1,0,0,,0,43.23,0
U00383,2025-10-22,Pro,Germany,Organic,SMB,14,8,2,7,0,0,,79,45.16,790
U00384,2025-06-14,Pro,UK,Paid Search,Startup,10,6,3,2,0,0,,79,107.64,1106
U00385,2025-01-03,Free,US,Organic,SMB,8,4,0,3,0,1,2025-10-18,0,19.74,0
U00386,2025-05-19,Free,UK,Referral,Startup,9,2,0,1,0,0,,0,37.92,0
U00387,2025-08-12,Pro,India,Organic,SMB,14,7,0,4,1,0,,79,41.13,790
U00388,2025-06-23,Free,US,Paid Search,Startup,10,6,1,2,0,1,2025-12-02,0,91.25,0
U00389,2025-06-02,Pro,US,Paid Search,SMB,18,8,0,3,1,1,2025-07-04,79,73.08,79
U00390,2025-07-12,Business,UK,Partner,Startup,12,6,0,13,1,0,,249,42.3,3237
U00391,2025-01-08,Free,US,Partner,SMB,8,4,2,2,0,0,,0,80.09,0
U00392,2025-05-30,Pro,US,Referral,Startup,13,4,1,7,0,0,,79,28.22,790
U00393,2025-05-01,Pro,US,Paid Search,Mid-Market,9,7,0,5,0,0,,79,106.74,711
U00394,2025-09-29,Pro,US,Content,SMB,16,5,0,3,0,0,,79,36.83,1106
U00395,2025-06-25,Free,US,Paid Search,SMB,10,3,2,2,0,1,2025-11-13,0,90.0,0
U00396,2025-02-23,Free,UK,Referral,Mid-Market,9,1,0,5,0,1,2025-06-19,0,31.8,0
U00397,2025-09-14,Free,India,Paid Search,Mid-Market,17,1,2,4,0,0,,0,86.25,0
U00398,2025-03-28,Business,Germany,Paid Search,SMB,19,9,0,6,1,0,,249,85.83,2490
U00399,2025-10-26,Free,Canada,Referral,Startup,8,5,1,2,0,0,,0,17.43,0
U00400,2025-04-17,Free,US,Content,Startup,14,4,1,3,0,0,,0,31.48,0
U00401,2025-09-12,Free,Canada,Content,SMB,9,1,1,2,0,0,,0,25.23,0
U00402,2025-08-21,Free,US,Paid Search,Startup,7,4,3,1,0,0,,0,106.58,0
U00403,2025-08-05,Free,UK,Organic,Startup,10,3,1,2,0,1,2026-06-25,0,31.85,0
U00404,2025-07-15,Pro,Germany,Partner,Mid-Market,17,6,0,7,0,1,2025-10-09,79,61.13,237
U00405,2025-01-07,Free,US,Paid Search,Enterprise,9,1,1,3,0,0,,0,128.08,0
U00406,2025-03-03,Free,India,Content,Startup,11,5,1,4,0,0,,0,32.98,0
U00407,2025-09-19,Free,US,Organic,SMB,11,1,1,1,0,1,2025-11-15,0,37.39,0
U00408,2025-08-12,Free,India,Organic,Mid-Market,10,4,2,4,0,0,,0,31.94,0
U00409,2025-05-19,Free,US,Organic,SMB,8,2,2,3,0,0,,0,52.21,0
U00410,2025-08-20,Free,US,Content,Mid-Market,10,6,1,1,0,0,,0,21.38,0
U00411,2025-07-17,Free,Australia,Paid Search,Mid-Market,11,6,3,3,0,0,,0,95.87,0
U00412,2025-08-20,Pro,US,Paid Search,SMB,13,6,5,3,0,0,,79,98.78,1106
U00413,2025-06-09,Pro,Germany,Referral,Enterprise,8,5,1,3,0,0,,79,30.83,790
U00414,2025-01-24,Pro,US,Partner,SMB,15,10,1,3,0,0,,79,80.05,869
U00415,2025-05-03,Pro,Germany,Paid Search,Mid-Market,11,6,0,6,0,0,,79,123.81,790
U00416,2025-03-05,Pro,US,Content,Startup,14,8,2,3,0,0,,79,23.34,948
U00417,2025-09-16,Pro,India,Paid Search,SMB,11,9,1,6,0,1,2026-04-03,79,84.86,553
U00418,2025-09-26,Free,Canada,Paid Search,Startup,5,4,0,3,0,1,2026-04-27,0,120.79,0
U00419,2025-03-02,Free,US,Partner,Mid-Market,5,1,0,2,0,0,,0,68.86,0
U00420,2025-09-21,Pro,India,Content,SMB,8,4,1,1,0,0,,79,38.14,948
U00421,2025-04-09,Free,US,Partner,SMB,8,4,2,2,0,1,2025-07-21,0,82.18,0
U00422,2025-03-03,Free,India,Paid Search,Enterprise,13,2,1,1,0,0,,0,134.41,0
U00423,2025-03-23,Free,Germany,Organic,Mid-Market,8,3,1,2,0,0,,0,44.79,0
U00424,2025-06-15,Pro,Australia,Referral,Startup,8,4,2,5,1,0,,79,31.11,1027
U00425,2025-03-13,Free,India,Paid Search,Startup,9,6,1,2,0,1,2025-12-24,0,89.52,0
U00426,2025-03-20,Free,US,Organic,Mid-Market,10,2,1,2,1,1,2025-09-18,0,27.94,0
U00427,2025-07-29,Pro,India,Paid Search,SMB,14,6,1,6,0,0,,79,115.87,711
U00428,2025-05-05,Free,US,Organic,Startup,7,4,2,2,0,1,2026-03-10,0,38.2,0
U00429,2025-07-29,Free,Australia,Referral,Enterprise,7,2,1,2,0,1,2026-03-16,0,23.53,0
U00430,2025-01-07,Pro,US,Content,Startup,8,4,1,1,1,0,,79,36.81,790
U00431,2025-01-30,Free,UK,Organic,Startup,9,3,3,4,0,0,,0,41.35,0
U00432,2025-03-26,Free,India,Organic,SMB,9,5,1,1,0,0,,0,36.5,0
U00433,2025-04-19,Free,UK,Organic,Mid-Market,9,4,1,1,0,0,,0,26.99,0
U00434,2025-03-23,Free,Canada,Organic,Startup,8,1,1,2,0,0,,0,18.01,0
U00435,2025-04-29,Pro,Germany,Content,Startup,12,5,2,3,1,0,,79,33.19,1106
U00436,2025-10-03,Free,US,Organic,Startup,12,4,1,2,1,0,,0,41.93,0
U00437,2025-05-19,Pro,Germany,Paid Search,Startup,13,5,1,2,0,0,,79,143.98,711
U00438,2025-06-26,Free,US,Partner,Mid-Market,9,5,3,3,0,1,2026-02-24,0,66.64,0
U00439,2025-08-25,Business,Canada,Content,Startup,16,7,0,5,0,0,,249,38.01,2739
U00440,2025-02-23,Free,US,Content,Enterprise,8,2,3,3,0,1,2025-03-29,0,34.74,0
U00441,2025-02-13,Pro,Canada,Referral,Startup,18,6,1,6,1,0,,79,31.18,790
U00442,2025-05-09,Pro,UK,Organic,Startup,13,5,2,7,0,1,2026-02-21,79,35.63,790
U00443,2025-07-06,Pro,India,Paid Search,Mid-Market,8,7,2,5,0,0,,79,83.1,1027
U00444,2025-05-28,Free,India,Organic,Startup,6,3,0,1,0,0,,0,51.93,0
U00445,2025-02-05,Free,UK,Referral,Enterprise,9,3,0,2,0,0,,0,27.09,0
U00446,2025-07-11,Pro,US,Partner,Enterprise,9,8,0,4,0,0,,79,63.01,948
U00447,2025-10-05,Free,Germany,Referral,Mid-Market,2,3,1,2,0,0,,0,47.42,0
U00448,2025-06-09,Free,India,Content,Mid-Market,6,5,1,4,0,0,,0,59.21,0
U00449,2025-09-27,Pro,Germany,Partner,Startup,13,7,0,5,1,0,,79,60.78,869
U00450,2025-05-07,Free,India,Organic,Startup,10,1,1,3,0,0,,0,8.47,0
U00451,2025-05-01,Free,US,Referral,SMB,10,4,1,2,0,0,,0,25.76,0
U00452,2025-04-04,Pro,UK,Organic,Mid-Market,17,6,0,4,0,0,,79,47.34,948
U00453,2025-06-06,Free,UK,Referral,Mid-Market,11,1,0,1,0,0,,0,22.37,0
U00454,2025-06-22,Pro,Australia,Organic,Startup,9,7,2,3,1,0,,79,49.93,948
U00455,2025-02-01,Business,Germany,Paid Search,SMB,11,10,0,8,0,0,,249,100.74,2241
U00456,2025-10-20,Pro,US,Organic,SMB,14,6,3,5,1,1,2026-06-24,79,37.54,632
U00457,2025-02-15,Free,Germany,Content,Mid-Market,10,3,2,2,0,1,2025-10-14,0,48.45,0
U00458,2025-06-15,Pro,India,Organic,SMB,13,4,2,3,0,0,,79,45.31,711
U00459,2025-04-04,Free,Canada,Organic,Mid-Market,11,3,3,1,0,1,2025-09-24,0,28.48,0
U00460,2025-09-24,Pro,US,Paid Search,Startup,14,6,3,5,0,1,2026-05-08,79,108.9,632
U00461,2025-07-13,Free,US,Partner,SMB,9,1,3,1,0,1,2025-08-26,0,53.21,0
U00462,2025-01-05,Business,Australia,Partner,Mid-Market,23,7,0,5,1,0,,249,75.67,2490
U00463,2025-01-09,Free,UK,Organic,SMB,6,1,1,1,0,1,2025-11-10,0,42.71,0
U00464,2025-03-02,Free,Germany,Organic,Startup,8,2,3,2,0,0,,0,32.71,0
U00465,2025-09-04,Business,UK,Paid Search,SMB,13,8,0,5,0,0,,249,87.38,2490
U00466,2025-09-17,Pro,India,Content,SMB,14,5,0,1,1,0,,79,30.34,869
U00467,2025-06-15,Pro,US,Paid Search,SMB,15,3,0,6,0,0,,79,52.88,790
U00468,2025-06-20,Pro,US,Paid Search,Startup,19,5,2,6,0,0,,79,115.83,711
U00469,2025-07-14,Free,India,Content,SMB,6,2,0,3,0,0,,0,23.59,0
U00470,2025-05-27,Pro,Germany,Referral,Startup,18,6,1,5,1,0,,79,24.73,948
U00471,2025-06-03,Business,US,Paid Search,Startup,18,11,2,7,1,0,,249,75.6,2241
U00472,2025-04-21,Free,Canada,Paid Search,Startup,9,3,3,2,0,0,,0,98.91,0
U00473,2025-05-28,Pro,Germany,Content,SMB,7,9,1,4,0,0,,79,43.05,948
U00474,2025-03-30,Free,US,Referral,Mid-Market,11,1,1,5,0,0,,0,27.91,0
U00475,2025-08-13,Free,India,Content,SMB,8,1,3,3,0,1,2026-05-21,0,27.48,0
U00476,2025-07-23,Free,Australia,Organic,SMB,11,1,1,3,0,0,,0,37.53,0
U00477,2025-08-04,Free,India,Organic,SMB,7,2,1,4,0,1,2026-05-04,0,29.49,0
U00478,2025-04-20,Free,US,Partner,Startup,6,4,2,3,0,0,,0,64.7,0
U00479,2025-04-29,Pro,India,Partner,Startup,8,7,3,2,0,0,,79,69.27,869
U00480,2025-05-11,Free,Australia,Paid Search,Startup,5,3,1,2,0,0,,0,108.39,0
U00481,2025-06-30,Free,Canada,Partner,Mid-Market,8,3,1,2,0,0,,0,66.23,0
U00482,2025-08-22,Free,India,Organic,Startup,6,5,0,3,0,1,2025-12-20,0,34.78,0
U00483,2025-01-03,Free,India,Paid Search,SMB,12,7,2,2,0,1,2025-02-07,0,99.48,0
U00484,2025-10-11,Pro,India,Partner,SMB,8,8,3,4,0,1,2026-05-03,79,79.93,553
U00485,2025-09-16,Business,India,Content,SMB,17,10,0,8,0,0,,249,41.03,2739
U00486,2025-10-26,Pro,India,Content,Enterprise,10,3,0,7,1,0,,79,21.08,632
U00487,2025-03-25,Pro,US,Referral,Startup,10,7,1,6,1,0,,79,43.23,948
U00488,2025-05-26,Free,US,Organic,SMB,8,2,2,4,0,1,2025-10-01,0,28.12,0
U00489,2025-06-13,Pro,UK,Paid Search,Mid-Market,7,7,1,4,0,0,,79,103.43,1027
U00490,2025-02-11,Business,India,Partner,Startup,10,9,2,5,0,0,,249,67.14,3486
U00491,2025-04-18,Business,India,Organic,Startup,12,9,2,5,1,0,,249,40.22,2739
U00492,2025-01-08,Free,US,Organic,Mid-Market,11,2,0,3,0,0,,0,35.38,0
U00493,2025-02-05,Free,India,Referral,SMB,5,4,0,1,0,0,,0,37.47,0
U00494,2025-05-29,Free,US,Organic,SMB,4,5,4,2,1,1,2025-10-27,0,26.28,0
U00495,2025-04-05,Free,Australia,Content,SMB,5,5,2,2,0,1,2026-01-18,0,36.0,0
U00496,2025-01-23,Business,India,Paid Search,SMB,15,11,0,9,0,1,2025-10-04,249,101.79,1992
U00497,2025-09-08,Free,US,Referral,Mid-Market,9,6,1,2,0,0,,0,23.51,0
U00498,2025-02-05,Free,US,Content,SMB,4,1,0,2,0,0,,0,10.83,0
U00499,2025-03-11,Business,UK,Organic,Startup,19,9,0,6,1,1,2025-05-15,249,31.55,498
U00500,2025-03-12,Business,Germany,Content,SMB,16,8,0,9,1,1,2025-08-31,249,26.19,1494
U00501,2025-06-04,Pro,US,Paid Search,SMB,7,8,0,6,0,0,,79,116.24,948
U00502,2025-10-25,Free,US,Content,Startup,7,3,1,2,0,1,2026-08-26,0,49.81,0
U00503,2025-01-09,Pro,India,Content,SMB,13,6,0,6,0,1,2025-05-28,79,37.19,395
U00504,2025-02-18,Free,US,Content,SMB,7,4,1,2,0,0,,0,24.69,0
U00505,2025-04-10,Free,US,Partner,Enterprise,9,5,0,2,0,0,,0,84.0,0
U00506,2025-02-03,Pro,US,Content,SMB,9,9,0,3,0,0,,79,60.14,1027
U00507,2025-01-03,Free,UK,Content,SMB,8,1,2,3,1,0,,0,49.8,0
U00508,2025-10-02,Free,Germany,Content,Enterprise,10,2,2,1,0,0,,0,29.54,0
U00509,2025-03-09,Business,UK,Paid Search,SMB,11,10,1,6,1,0,,249,110.6,2988
U00510,2025-07-06,Free,UK,Paid Search,SMB,6,2,2,2,0,1,2026-01-07,0,119.35,0
U00511,2025-09-23,Pro,India,Organic,Mid-Market,16,7,0,4,0,0,,79,29.98,1106
U00512,2025-08-10,Free,UK,Organic,Startup,14,3,1,3,0,0,,0,58.21,0
U00513,2025-01-13,Pro,India,Referral,SMB,21,6,0,2,0,1,2025-05-17,79,27.27,316
U00514,2025-04-17,Free,Germany,Paid Search,Enterprise,12,3,2,1,0,0,,0,89.33,0
U00515,2025-01-16,Free,India,Partner,Enterprise,6,1,3,2,0,1,2025-10-01,0,56.9,0
U00516,2025-10-08,Pro,India,Organic,Startup,15,10,0,6,1,0,,79,32.33,948
U00517,2025-05-20,Pro,US,Organic,SMB,14,5,2,3,1,0,,79,40.02,632
U00518,2025-10-20,Free,US,Paid Search,Startup,12,6,3,3,0,1,2026-06-16,0,83.57,0
U00519,2025-05-01,Pro,India,Referral,SMB,14,3,0,9,0,0,,79,17.26,1027
U00520,2025-06-17,Pro,India,Paid Search,Startup,12,6,0,4,1,1,2025-12-02,79,97.94,474
U00521,2025-01-19,Pro,India,Organic,SMB,11,6,1,3,1,0,,79,39.13,1027
U00522,2025-10-24,Business,US,Organic,SMB,19,9,1,11,1,0,,249,24.45,3486
U00523,2025-09-15,Pro,US,Referral,Enterprise,17,5,3,3,0,1,2026-05-15,79,27.02,632
U00524,2025-06-01,Pro,India,Paid Search,SMB,13,6,2,3,0,0,,79,100.28,790
U00525,2025-03-11,Free,Canada,Content,Startup,11,1,0,3,0,0,,0,57.73,0
U00526,2025-05-12,Free,India,Paid Search,SMB,9,3,2,1,0,0,,0,81.15,0
U00527,2025-05-12,Business,India,Referral,SMB,18,9,1,8,1,0,,249,41.78,3237
U00528,2025-08-24,Pro,Germany,Referral,SMB,18,7,0,3,0,1,2026-03-01,79,28.5,474
U00529,2025-03-31,Free,UK,Referral,SMB,7,1,1,5,0,0,,0,40.8,0
U00530,2025-07-13,Pro,UK,Content,SMB,10,4,5,4,0,0,,79,38.51,869
U00531,2025-08-31,Pro,Germany,Partner,SMB,9,11,2,4,1,0,,79,95.3,869
U00532,2025-03-02,Pro,US,Content,Mid-Market,14,8,0,5,0,1,2025-11-15,79,51.52,711
U00533,2025-08-22,Free,US,Organic,SMB,10,5,0,2,0,1,2026-02-14,0,47.58,0
U00534,2025-06-04,Free,Australia,Content,Enterprise,10,1,2,1,0,0,,0,44.63,0
U00535,2025-03-03,Pro,India,Referral,Startup,10,7,0,3,0,1,2025-11-15,79,47.66,711
U00536,2025-01-05,Business,India,Organic,Mid-Market,10,10,0,8,0,0,,249,28.9,2988
U00537,2025-09-23,Free,Australia,Organic,SMB,16,2,4,2,0,1,2026-07-11,0,23.44,0
U00538,2025-09-20,Pro,US,Content,SMB,9,9,0,4,1,0,,79,50.05,632
U00539,2025-01-19,Business,UK,Content,Startup,11,8,3,6,0,0,,249,49.07,3486
U00540,2025-06-12,Free,India,Content,Startup,7,5,1,3,1,0,,0,29.84,0
U00541,2025-01-29,Free,US,Partner,Startup,8,4,3,3,0,0,,0,65.71,0
U00542,2025-01-14,Free,US,Organic,Startup,15,2,3,5,0,0,,0,36.08,0
U00543,2025-01-18,Free,Australia,Organic,SMB,6,3,1,2,0,1,2025-10-04,0,36.09,0
U00544,2025-10-09,Pro,UK,Organic,SMB,11,7,0,7,0,0,,79,29.35,948
U00545,2025-06-02,Free,Germany,Content,SMB,5,4,2,2,0,1,2025-09-02,0,35.25,0
U00546,2025-10-27,Pro,Canada,Organic,Enterprise,5,2,1,4,1,0,,79,44.11,790
U00547,2025-08-20,Free,India,Paid Search,Mid-Market,8,2,0,4,0,1,2026-04-30,0,104.96,0
U00548,2025-08-10,Pro,India,Paid Search,Startup,16,8,0,2,0,0,,79,82.72,1106
U00549,2025-02-02,Free,UK,Partner,Startup,10,6,2,2,0,1,2025-09-08,0,76.14,0
U00550,2025-05-10,Pro,Australia,Organic,SMB,16,9,1,6,1,0,,79,25.99,869
U00551,2025-06-18,Free,India,Organic,Startup,7,4,1,2,0,1,2025-12-21,0,29.76,0
U00552,2025-06-27,Pro,Canada,Organic,Mid-Market,12,6,0,5,1,0,,79,35.21,711
U00553,2025-02-11,Pro,India,Partner,SMB,13,5,0,4,0,0,,79,64.13,948
U00554,2025-01-04,Free,US,Partner,Startup,12,4,0,2,0,0,,0,90.5,0
U00555,2025-07-03,Pro,US,Referral,SMB,11,5,1,4,0,1,2026-01-06,79,18.53,474
U00556,2025-02-02,Free,US,Referral,Mid-Market,3,4,0,2,0,0,,0,51.72,0
U00557,2025-10-08,Free,US,Organic,Mid-Market,7,5,3,2,1,0,,0,45.29,0
U00558,2025-04-10,Pro,India,Referral,Enterprise,13,7,1,3,0,0,,79,36.69,711
U00559,2025-10-06,Free,UK,Organic,Startup,11,3,3,1,0,1,2026-08-30,0,38.5,0
U00560,2025-05-04,Free,US,Partner,SMB,14,3,1,1,0,1,2025-11-25,0,58.19,0
U00561,2025-05-07,Free,Canada,Organic,Mid-Market,11,5,3,4,0,1,2025-10-30,0,30.73,0
U00562,2025-08-15,Pro,Canada,Organic,Startup,17,7,2,2,0,1,2026-04-07,79,39.88,632
U00563,2025-09-27,Free,US,Paid Search,Mid-Market,9,4,1,2,0,0,,0,102.23,0
U00564,2025-02-21,Free,UK,Paid Search,Startup,12,3,2,3,0,0,,0,97.78,0
U00565,2025-05-13,Free,Germany,Referral,Startup,10,2,0,1,0,1,2025-12-03,0,21.55,0
U00566,2025-02-04,Free,US,Content,SMB,10,3,1,1,0,0,,0,50.46,0
U00567,2025-07-30,Pro,Canada,Referral,Startup,9,7,2,7,0,0,,79,40.21,869
U00568,2025-07-29,Free,UK,Organic,Startup,9,4,0,2,0,1,2025-11-04,0,27.77,0
U00569,2025-02-12,Free,Canada,Referral,Enterprise,5,1,4,1,0,1,2025-06-23,0,35.63,0
U00570,2025-09-24,Free,India,Organic,Startup,6,5,1,2,0,0,,0,37.91,0
U00571,2025-10-22,Business,India,Organic,Startup,16,10,0,5,0,0,,249,6.03,2739
U00572,2025-09-21,Pro,US,Organic,Enterprise,7,8,3,3,0,0,,79,27.3,1106
U00573,2025-08-29,Free,India,Content,SMB,8,3,1,1,0,0,,0,33.15,0
U00574,2025-08-11,Business,Australia,Paid Search,Startup,15,9,1,10,0,0,,249,77.76,2490
U00575,2025-03-25,Pro,US,Organic,Startup,13,4,2,4,0,0,,79,49.9,1027
U00576,2025-10-23,Free,India,Organic,Startup,9,3,1,3,0,1,2026-05-14,0,46.35,0
U00577,2025-04-03,Pro,India,Organic,Mid-Market,24,8,3,2,1,0,,79,18.6,1106
U00578,2025-06-06,Pro,UK,Content,Startup,12,6,0,4,0,0,,79,43.78,790
U00579,2025-07-30,Free,US,Paid Search,SMB,10,3,1,5,0,1,2025-10-29,0,78.09,0
U00580,2025-08-21,Free,India,Organic,Startup,9,2,3,2,0,1,2025-10-08,0,30.01,0
U00581,2025-04-08,Pro,India,Paid Search,Enterprise,11,2,1,8,1,0,,79,100.21,869
U00582,2025-05-06,Free,US,Organic,Startup,15,5,1,2,0,0,,0,21.95,0
U00583,2025-05-23,Free,Canada,Organic,Startup,8,1,0,2,0,0,,0,28.51,0
U00584,2025-04-16,Pro,UK,Paid Search,SMB,11,8,2,6,0,1,2026-01-04,79,96.97,711
U00585,2025-04-09,Free,US,Organic,Mid-Market,5,5,0,2,0,0,,0,30.89,0
U00586,2025-10-01,Pro,India,Organic,SMB,10,5,1,6,0,0,,79,37.55,790
U00587,2025-03-14,Free,Canada,Paid Search,SMB,7,3,2,2,0,1,2025-11-14,0,97.21,0
U00588,2025-05-10,Free,Germany,Organic,Mid-Market,8,3,0,1,0,0,,0,38.25,0
U00589,2025-02-14,Pro,India,Content,SMB,22,9,2,4,1,0,,79,50.11,632
U00590,2025-08-12,Free,Germany,Partner,Mid-Market,13,5,1,1,0,0,,0,66.74,0
U00591,2025-08-30,Pro,India,Referral,Startup,12,8,0,8,0,0,,79,31.56,711
U00592,2025-05-30,Pro,UK,Referral,Startup,14,8,1,2,0,0,,79,49.27,948
U00593,2025-01-19,Free,India,Organic,SMB,6,1,0,2,0,0,,0,30.5,0
U00594,2025-02-03,Free,US,Organic,SMB,9,3,0,2,0,0,,0,11.97,0
U00595,2025-03-18,Pro,Germany,Organic,Mid-Market,5,7,0,4,0,0,,79,27.54,1027
U00596,2025-02-08,Business,India,Referral,Startup,17,9,0,7,0,0,,249,28.66,1992
U00597,2025-03-09,Pro,Germany,Organic,Enterprise,5,7,3,4,0,1,2025-09-26,79,22.09,553
U00598,2025-06-03,Pro,US,Paid Search,Startup,14,7,3,2,1,0,,79,99.5,711
U00599,2025-06-25,Business,Canada,Paid Search,Startup,11,10,0,8,1,0,,249,98.01,2988
U00600,2025-08-01,Pro,UK,Content,SMB,14,11,1,2,0,0,,79,26.1,1106
U00601,2025-10-07,Pro,US,Organic,Startup,15,9,1,4,0,0,,79,38.77,869
U00602,2025-08-11,Free,UK,Paid Search,SMB,10,7,2,4,0,0,,0,91.82,0
U00603,2025-05-23,Free,Australia,Organic,Enterprise,8,6,0,5,0,1,2025-08-18,0,22.18,0
U00604,2025-04-11,Free,Germany,Content,Startup,9,1,3,2,0,0,,0,34.72,0
U00605,2025-09-18,Free,UK,Paid Search,Mid-Market,4,4,0,2,0,0,,0,83.81,0
U00606,2025-01-03,Pro,Canada,Content,Enterprise,8,3,2,4,1,0,,79,36.2,711
U00607,2025-08-08,Free,US,Organic,Mid-Market,7,3,0,2,0,0,,0,27.84,0
U00608,2025-06-10,Free,Canada,Paid Search,Startup,10,5,1,1,1,0,,0,61.14,0
U00609,2025-05-28,Free,US,Paid Search,Startup,14,1,1,4,0,0,,0,115.7,0
U00610,2025-02-26,Free,UK,Organic,SMB,8,1,3,2,0,0,,0,45.87,0
U00611,2025-03-27,Free,India,Organic,Mid-Market,12,5,1,4,0,0,,0,20.7,0
U00612,2025-04-07,Pro,US,Paid Search,Startup,12,6,1,4,1,0,,79,68.76,869
U00613,2025-01-13,Free,UK,Partner,Mid-Market,9,5,3,3,0,0,,0,53.57,0
U00614,2025-06-19,Business,India,Paid Search,Enterprise,13,6,2,8,0,0,,249,95.48,2490
U00615,2025-06-20,Free,US,Organic,Enterprise,10,4,2,4,0,0,,0,50.1,0
U00616,2025-04-28,Free,India,Organic,SMB,9,2,2,2,0,0,,0,35.19,0
U00617,2025-09-28,Free,India,Organic,SMB,9,4,2,1,0,1,2026-05-04,0,51.11,0
U00618,2025-05-18,Free,UK,Organic,SMB,9,2,0,2,0,1,2026-02-24,0,37.35,0
U00619,2025-01-22,Pro,Australia,Content,Startup,16,9,3,4,1,1,2025-11-21,79,43.03,790
U00620,2025-01-16,Free,Germany,Paid Search,SMB,6,3,1,4,0,0,,0,115.37,0
U00621,2025-04-21,Business,US,Paid Search,Mid-Market,12,8,1,7,0,0,,249,75.35,3486
U00622,2025-02-24,Free,Australia,Organic,Startup,11,2,0,1,0,1,2025-08-15,0,23.39,0
U00623,2025-09-16,Pro,Australia,Referral,Startup,17,5,1,4,1,0,,79,22.29,948
U00624,2025-09-10,Free,UK,Paid Search,SMB,11,4,2,3,0,1,2026-02-23,0,105.47,0
U00625,2025-10-17,Free,UK,Content,Startup,7,6,3,1,0,1,2026-06-15,0,43.23,0
U00626,2025-06-03,Business,India,Organic,Startup,15,9,1,11,1,1,2025-11-09,249,32.64,1245
U00627,2025-05-27,Free,US,Referral,Mid-Market,15,3,1,4,0,0,,0,42.16,0
U00628,2025-09-23,Business,India,Referral,SMB,17,8,1,3,0,1,2026-07-10,249,47.85,2490
U00629,2025-07-10,Free,UK,Content,Mid-Market,6,2,3,4,0,1,2026-05-31,0,25.67,0
U00630,2025-09-15,Pro,India,Content,SMB,19,6,1,3,0,0,,79,23.37,711
U00631,2025-02-28,Free,US,Referral,Startup,15,3,3,2,0,0,,0,43.98,0
U00632,2025-02-27,Pro,UK,Content,Startup,9,4,2,4,1,1,2025-04-09,79,49.39,79
U00633,2025-01-17,Pro,India,Paid Search,Startup,13,6,2,5,0,0,,79,87.34,948
U00634,2025-04-30,Free,US,Organic,SMB,6,5,1,2,0,0,,0,28.13,0
U00635,2025-08-25,Business,India,Organic,Startup,13,10,1,5,1,0,,249,20.82,3237
U00636,2025-06-07,Pro,US,Organic,SMB,12,9,2,4,1,0,,79,36.36,869
U00637,2025-06-14,Pro,US,Content,Mid-Market,17,7,2,7,0,0,,79,21.28,790
U00638,2025-01-30,Free,India,Referral,Enterprise,7,2,2,3,1,0,,0,44.77,0
U00639,2025-02-08,Pro,UK,Organic,SMB,12,7,0,6,1,0,,79,44.34,711
U00640,2025-01-26,Pro,Australia,Content,Mid-Market,19,4,2,5,0,0,,79,32.42,790
U00641,2025-04-21,Free,India,Organic,Enterprise,4,3,1,3,0,0,,0,26.83,0
U00642,2025-09-10,Free,US,Organic,Startup,9,3,2,3,0,1,2025-12-06,0,28.15,0
U00643,2025-08-10,Free,Australia,Referral,Enterprise,9,3,3,3,1,1,2026-02-03,0,25.44,0
U00644,2025-09-06,Business,India,Partner,Enterprise,14,8,1,7,0,0,,249,71.75,3486
U00645,2025-03-31,Free,US,Partner,Startup,13,6,2,5,0,0,,0,77.21,0
U00646,2025-04-25,Free,US,Organic,Mid-Market,11,1,1,2,1,0,,0,16.31,0
U00647,2025-10-15,Free,US,Content,Startup,6,5,0,2,0,0,,0,47.65,0
U00648,2025-07-31,Free,US,Organic,Mid-Market,7,4,0,1,0,0,,0,47.46,0
U00649,2025-07-26,Free,US,Referral,Mid-Market,7,1,3,3,0,1,2026-01-23,0,26.62,0
U00650,2025-06-05,Free,India,Paid Search,SMB,9,3,4,3,0,0,,0,109.61,0
U00651,2025-02-01,Free,Canada,Paid Search,Startup,6,3,0,2,1,0,,0,94.44,0
U00652,2025-08-13,Pro,India,Partner,SMB,15,4,1,7,0,0,,79,72.09,869
U00653,2025-04-21,Business,US,Organic,Mid-Market,13,9,0,10,0,0,,249,38.44,2988
U00654,2025-04-05,Business,UK,Partner,SMB,17,7,0,5,1,0,,249,66.63,3237
U00655,2025-08-06,Free,India,Paid Search,Mid-Market,12,5,1,1,0,0,,0,73.58,0
U00656,2025-05-23,Pro,India,Organic,SMB,11,6,1,5,0,0,,79,21.73,948
U00657,2025-02-20,Pro,UK,Paid Search,Enterprise,14,6,3,6,0,0,,79,89.75,869
U00658,2025-09-25,Free,US,Referral,Mid-Market,8,4,0,2,0,0,,0,24.2,0
U00659,2025-04-29,Pro,Canada,Referral,SMB,13,5,2,5,0,0,,79,29.86,1106
U00660,2025-09-02,Business,India,Paid Search,Mid-Market,21,7,2,5,0,0,,249,92.45,3486
U00661,2025-05-02,Free,US,Content,Enterprise,9,3,1,1,0,0,,0,39.17,0
U00662,2025-04-03,Business,Australia,Referral,Startup,10,8,3,11,0,1,2026-01-02,249,29.31,2241
U00663,2025-08-29,Pro,US,Organic,Startup,13,5,1,8,0,0,,79,48.59,790
U00664,2025-09-22,Free,India,Paid Search,SMB,8,6,1,3,0,0,,0,87.88,0
U00665,2025-04-05,Free,Germany,Paid Search,Startup,7,3,1,4,0,1,2026-01-26,0,81.35,0
U00666,2025-04-30,Pro,India,Organic,SMB,6,4,1,3,0,0,,79,18.45,869
U00667,2025-06-15,Free,India,Referral,Enterprise,10,5,1,2,0,0,,0,50.9,0
U00668,2025-07-24,Free,India,Organic,SMB,9,4,0,2,0,0,,0,39.71,0
U00669,2025-05-31,Pro,Germany,Organic,Startup,10,9,1,8,0,1,2025-12-12,79,48.05,474
U00670,2025-08-02,Pro,Australia,Partner,SMB,15,6,3,4,0,0,,79,45.02,790
U00671,2025-09-06,Pro,Canada,Organic,SMB,9,4,0,5,0,0,,79,19.25,790
U00672,2025-05-01,Free,US,Paid Search,SMB,14,5,1,1,0,0,,0,128.99,0
U00673,2025-09-11,Free,US,Paid Search,Startup,4,2,0,1,0,1,2025-12-14,0,41.76,0
U00674,2025-09-06,Free,India,Organic,Startup,8,1,1,4,0,1,2025-12-10,0,39.77,0
U00675,2025-10-21,Pro,India,Organic,SMB,10,2,1,4,1,1,2026-05-18,79,30.6,553
U00676,2025-05-20,Pro,India,Referral,SMB,14,6,0,5,0,0,,79,32.27,948
U00677,2025-09-11,Free,Germany,Organic,Startup,10,4,0,3,0,0,,0,28.73,0
U00678,2025-10-16,Free,UK,Referral,SMB,5,5,2,1,0,1,2026-05-28,0,34.69,0
U00679,2025-10-10,Free,US,Organic,Mid-Market,11,2,1,5,0,1,2026-01-28,0,32.92,0
U00680,2025-10-09,Free,US,Referral,SMB,6,6,1,7,0,1,2026-04-20,0,51.54,0
U00681,2025-04-28,Free,US,Partner,Startup,8,4,0,6,0,0,,0,94.85,0
U00682,2025-09-28,Pro,UK,Paid Search,Mid-Market,16,8,1,3,0,0,,79,123.26,1027
U00683,2025-05-12,Free,Australia,Partner,Startup,11,4,0,4,0,0,,0,67.41,0
U00684,2025-09-30,Free,US,Referral,SMB,7,4,0,5,0,0,,0,46.96,0
U00685,2025-08-31,Pro,Australia,Referral,Mid-Market,15,8,0,2,1,1,2025-11-24,79,37.65,237
U00686,2025-02-14,Pro,Canada,Organic,Startup,11,7,0,4,1,0,,79,43.82,869
U00687,2025-02-08,Pro,US,Organic,Startup,18,8,1,2,0,1,2025-04-27,79,26.34,237
U00688,2025-07-14,Pro,US,Organic,SMB,18,8,1,6,0,1,2025-12-04,79,47.94,395
U00689,2025-03-15,Business,India,Referral,Startup,20,6,1,4,1,0,,249,35.44,2739
U00690,2025-08-11,Pro,India,Paid Search,SMB,17,7,1,6,0,0,,79,107.23,948
U00691,2025-08-23,Free,Australia,Content,Enterprise,14,4,0,3,0,0,,0,38.5,0
U00692,2025-06-08,Business,US,Paid Search,SMB,14,11,1,10,1,0,,249,112.37,2988
U00693,2025-08-22,Pro,Canada,Content,Mid-Market,6,5,0,1,1,0,,79,37.59,948
U00694,2025-06-08,Pro,Germany,Content,Enterprise,9,6,2,4,1,1,2025-08-07,79,42.23,158
U00695,2025-06-20,Business,Germany,Partner,SMB,14,8,1,5,0,0,,249,52.79,3486
U00696,2025-03-02,Business,US,Organic,SMB,18,6,2,10,1,1,2025-10-03,249,60.89,1743
U00697,2025-06-25,Free,US,Paid Search,Startup,4,5,2,2,0,1,2026-03-31,0,138.77,0
U00698,2025-02-18,Free,Germany,Content,SMB,8,1,3,3,1,0,,0,44.46,0
U00699,2025-07-06,Pro,Germany,Organic,Startup,12,4,0,1,0,0,,79,44.9,632
U00700,2025-08-23,Pro,US,Organic,SMB,16,5,1,8,0,0,,79,42.23,948
U00701,2025-08-19,Free,Germany,Organic,Mid-Market,14,2,0,3,0,0,,0,33.27,0
U00702,2025-02-14,Free,US,Partner,Mid-Market,9,4,0,2,0,1,2025-05-01,0,74.54,0
U00703,2025-08-25,Free,Australia,Organic,Startup,12,6,3,2,0,0,,0,39.57,0
U00704,2025-08-07,Free,Australia,Partner,Startup,9,4,1,5,0,0,,0,66.8,0
U00705,2025-02-14,Business,US,Content,Mid-Market,17,7,1,11,0,0,,249,29.64,3486
U00706,2025-01-24,Free,India,Organic,SMB,10,3,1,2,0,1,2025-12-16,0,37.7,0
U00707,2025-07-15,Pro,UK,Organic,Mid-Market,14,9,0,4,0,0,,79,21.96,711
U00708,2025-05-04,Pro,UK,Paid Search,SMB,9,8,4,5,0,0,,79,83.87,1027
U00709,2025-05-30,Free,India,Content,SMB,8,3,2,2,0,0,,0,31.62,0
U00710,2025-01-08,Pro,India,Content,SMB,15,5,2,5,1,0,,79,34.26,869
U00711,2025-03-13,Business,US,Content,SMB,8,10,1,7,1,0,,249,24.27,2739
U00712,2025-07-18,Business,US,Organic,Startup,17,6,0,8,1,0,,249,46.49,3237
U00713,2025-07-09,Pro,Canada,Paid Search,Mid-Market,10,6,2,6,0,0,,79,84.16,790
U00714,2025-03-29,Free,US,Referral,Enterprise,6,4,0,2,0,0,,0,28.7,0
U00715,2025-04-13,Business,India,Referral,Mid-Market,11,11,0,5,1,0,,249,30.09,2988
U00716,2025-05-21,Pro,India,Paid Search,SMB,8,4,0,8,0,0,,79,100.64,1027
U00717,2025-04-13,Business,US,Partner,Startup,11,8,2,3,1,0,,249,87.46,2739
U00718,2025-03-27,Free,Canada,Paid Search,SMB,7,5,0,2,0,1,2025-11-17,0,63.92,0
U00719,2025-04-04,Pro,Canada,Partner,Startup,17,3,3,5,0,0,,79,70.3,1027
U00720,2025-06-04,Business,US,Partner,Startup,13,9,0,14,1,0,,249,83.02,2739
U00721,2025-06-16,Free,US,Content,Enterprise,8,5,0,1,0,0,,0,39.95,0
U00722,2025-07-17,Free,Australia,Content,Startup,4,1,1,1,0,1,2025-11-03,0,48.03,0
U00723,2025-03-16,Free,India,Partner,Startup,10,1,0,3,0,0,,0,80.59,0
U00724,2025-02-20,Free,US,Organic,SMB,11,1,0,1,0,0,,0,49.51,0
U00725,2025-04-05,Free,India,Referral,SMB,11,2,2,1,0,1,2026-02-05,0,27.72,0
U00726,2025-08-22,Pro,US,Paid Search,SMB,12,8,1,5,0,0,,79,100.77,632
U00727,2025-09-08,Pro,Germany,Organic,SMB,11,4,1,4,1,0,,79,29.55,1027
U00728,2025-08-23,Pro,UK,Referral,Startup,14,9,3,5,1,0,,79,48.47,869
U00729,2025-04-28,Free,US,Organic,Startup,5,5,5,4,1,0,,0,45.87,0
U00730,2025-10-10,Pro,UK,Organic,Startup,8,7,1,3,0,0,,79,25.53,790
U00731,2025-06-21,Free,US,Paid Search,Startup,8,1,1,1,0,1,2025-09-01,0,84.32,0
U00732,2025-04-25,Free,US,Referral,SMB,6,5,3,3,1,0,,0,36.49,0
U00733,2025-06-25,Business,Canada,Content,SMB,16,9,1,11,0,1,2026-05-16,249,5.0,2739
U00734,2025-09-19,Free,UK,Partner,Mid-Market,13,3,0,1,0,1,2026-05-03,0,53.18,0
U00735,2025-05-11,Business,India,Partner,Startup,15,10,0,13,0,0,,249,62.04,2739
U00736,2025-01-29,Pro,India,Organic,Mid-Market,20,8,3,8,0,1,2025-10-12,79,22.22,711
U00737,2025-04-02,Business,Germany,Referral,SMB,17,12,1,11,0,0,,249,32.79,3237
U00738,2025-10-26,Pro,Canada,Organic,Enterprise,17,6,1,8,1,1,2026-03-20,79,32.19,395
U00739,2025-05-20,Pro,US,Organic,Enterprise,9,5,0,6,1,0,,79,23.87,632
U00740,2025-03-05,Pro,US,Paid Search,Startup,10,6,0,5,0,0,,79,96.91,948
U00741,2025-09-22,Free,UK,Partner,Mid-Market,10,3,0,2,0,1,2026-01-27,0,71.95,0
U00742,2025-04-23,Free,India,Partner,SMB,8,3,2,2,0,1,2025-12-18,0,93.79,0
U00743,2025-04-06,Pro,India,Referral,Mid-Market,15,5,0,6,1,0,,79,43.7,790
U00744,2025-01-29,Free,India,Referral,SMB,7,3,0,3,0,1,2025-12-08,0,35.64,0
U00745,2025-10-11,Business,Australia,Paid Search,Mid-Market,24,6,0,8,1,0,,249,93.77,3486
U00746,2025-09-08,Pro,UK,Partner,SMB,18,8,3,2,0,0,,79,70.23,711
U00747,2025-04-27,Pro,India,Organic,SMB,8,8,2,4,0,0,,79,24.14,790
U00748,2025-05-26,Free,US,Organic,Mid-Market,12,8,2,2,0,0,,0,41.69,0
U00749,2025-03-18,Business,Australia,Organic,Mid-Market,9,8,0,7,0,0,,249,38.27,2241
U00750,2025-10-16,Pro,India,Content,Startup,14,5,1,6,0,0,,79,51.1,948
U00751,2025-10-03,Pro,Canada,Paid Search,Startup,14,7,0,7,0,1,2025-11-02,79,99.7,79
U00752,2025-02-13,Pro,US,Organic,SMB,9,4,2,6,0,1,2025-04-23,79,27.99,158
U00753,2025-03-14,Free,Germany,Organic,Mid-Market,11,3,1,1,0,1,2025-06-25,0,49.21,0
U00754,2025-09-25,Free,UK,Paid Search,Startup,10,5,2,3,1,1,2025-10-27,0,83.23,0
U00755,2025-03-07,Free,US,Paid Search,Startup,10,1,1,2,0,1,2025-07-28,0,123.11,0
U00756,2025-04-18,Free,US,Organic,SMB,9,1,1,2,0,0,,0,34.37,0
U00757,2025-08-31,Pro,India,Organic,Mid-Market,3,4,2,5,0,0,,79,50.8,790
U00758,2025-03-12,Free,India,Referral,SMB,13,2,2,1,0,0,,0,57.65,0
U00759,2025-09-11,Free,US,Content,SMB,7,4,1,2,0,1,2026-05-24,0,35.96,0
U00760,2025-07-17,Free,India,Organic,Startup,3,4,1,4,0,1,2025-10-11,0,32.16,0
U00761,2025-02-25,Business,US,Referral,Startup,19,7,2,5,0,0,,249,35.59,2490
U00762,2025-01-10,Free,India,Organic,Startup,12,4,0,1,0,0,,0,24.64,0
U00763,2025-02-21,Pro,Australia,Partner,Startup,14,9,1,4,0,0,,79,72.61,1106
U00764,2025-06-07,Free,UK,Referral,Startup,11,2,1,1,1,0,,0,41.34,0
U00765,2025-10-15,Free,India,Referral,SMB,10,5,4,1,0,1,2026-03-14,0,32.7,0
U00766,2025-05-23,Pro,India,Paid Search,Startup,8,7,2,4,0,1,2025-09-16,79,73.19,316
U00767,2025-02-08,Pro,US,Partner,Mid-Market,12,5,1,2,0,0,,79,114.42,790
U00768,2025-01-15,Pro,US,Referral,SMB,14,8,2,6,0,0,,79,39.28,948
U00769,2025-02-26,Business,US,Paid Search,SMB,15,10,0,4,0,0,,249,84.15,3237
U00770,2025-05-11,Pro,US,Referral,SMB,13,4,0,9,1,0,,79,57.09,1106
U00771,2025-05-13,Free,US,Partner,Startup,5,3,0,4,0,1,2025-07-30,0,56.64,0
U00772,2025-04-02,Pro,Germany,Organic,Startup,15,4,1,1,0,0,,79,22.31,869
U00773,2025-07-06,Pro,US,Paid Search,Mid-Market,9,5,3,7,1,1,2025-10-01,79,77.39,237
U00774,2025-03-16,Free,India,Organic,SMB,9,1,2,6,0,1,2025-06-29,0,36.29,0
U00775,2025-03-18,Business,UK,Partner,Startup,23,10,0,7,1,0,,249,77.39,2739
U00776,2025-10-07,Business,UK,Organic,SMB,17,8,3,11,1,0,,249,25.25,2739
U00777,2025-06-10,Pro,US,Paid Search,Mid-Market,15,6,1,5,1,0,,79,112.51,790
U00778,2025-06-29,Free,US,Referral,SMB,7,3,4,1,0,0,,0,47.93,0
U00779,2025-06-21,Pro,US,Paid Search,SMB,9,8,2,4,0,0,,79,133.43,1027
U00780,2025-02-16,Free,UK,Content,Startup,11,4,1,2,0,0,,0,38.75,0
U00781,2025-06-24,Free,India,Partner,Mid-Market,7,2,2,3,0,0,,0,69.33,0
U00782,2025-08-16,Free,Germany,Referral,Startup,8,4,0,2,0,0,,0,17.11,0
U00783,2025-01-13,Pro,Australia,Paid Search,Mid-Market,15,6,1,7,0,1,2025-07-29,79,112.14,553
U00784,2025-04-21,Pro,India,Organic,Mid-Market,10,7,0,3,0,0,,79,52.92,1027
U00785,2025-03-25,Pro,India,Paid Search,Startup,9,8,0,2,0,0,,79,84.19,790
U00786,2025-06-29,Free,Germany,Organic,Startup,8,2,0,4,0,0,,0,44.05,0
U00787,2025-09-29,Pro,Canada,Organic,SMB,16,6,1,4,0,0,,79,55.41,711
U00788,2025-04-24,Free,US,Partner,Mid-Market,6,4,1,2,0,0,,0,82.45,0
U00789,2025-01-20,Free,India,Paid Search,Mid-Market,10,4,3,1,0,0,,0,110.19,0
U00790,2025-07-11,Pro,US,Paid Search,Startup,15,9,2,1,0,0,,79,86.49,948
U00791,2025-04-03,Pro,US,Organic,Startup,15,6,2,4,1,0,,79,19.38,790
U00792,2025-07-24,Free,India,Content,Startup,10,1,1,3,0,0,,0,39.38,0
U00793,2025-02-12,Pro,India,Content,Enterprise,9,5,2,3,1,0,,79,32.72,1106
U00794,2025-03-27,Pro,India,Organic,Enterprise,10,4,2,5,0,0,,79,43.44,790
U00795,2025-04-27,Free,India,Paid Search,Startup,11,3,3,1,0,0,,0,101.11,0
U00796,2025-09-07,Free,US,Organic,SMB,4,2,1,5,0,1,2025-10-28,0,18.02,0
U00797,2025-06-15,Free,India,Paid Search,Startup,10,4,3,3,0,0,,0,103.93,0
U00798,2025-07-05,Free,India,Organic,Startup,7,5,1,2,1,1,2025-10-03,0,26.39,0
U00799,2025-07-31,Free,India,Organic,SMB,10,3,0,3,0,0,,0,23.04,0
U00800,2025-07-01,Free,India,Content,Startup,10,1,4,2,0,1,2026-05-12,0,49.89,0
U00801,2025-09-22,Pro,US,Content,Startup,15,6,0,5,0,0,,79,30.96,790
U00802,2025-03-07,Free,Germany,Organic,SMB,13,2,0,2,1,1,2025-12-14,0,44.69,0
U00803,2025-07-11,Pro,Canada,Partner,Startup,11,7,1,4,1,0,,79,76.28,948
U00804,2025-03-18,Pro,US,Referral,SMB,9,8,0,3,1,0,,79,43.11,1106
U00805,2025-06-17,Pro,Germany,Content,SMB,13,5,1,5,0,0,,79,16.41,790
U00806,2025-04-29,Free,US,Referral,SMB,16,3,2,2,0,0,,0,46.98,0
U00807,2025-10-03,Free,UK,Paid Search,Startup,6,4,0,3,0,1,2026-05-23,0,98.08,0
U00808,2025-01-11,Free,India,Content,Mid-Market,10,1,0,1,0,0,,0,29.21,0
U00809,2025-06-14,Free,US,Organic,Mid-Market,10,5,1,2,0,0,,0,32.25,0
U00810,2025-01-17,Pro,UK,Referral,Startup,6,4,3,7,0,0,,79,28.51,869
U00811,2025-04-20,Pro,India,Organic,Startup,11,6,0,7,1,0,,79,15.28,948
U00812,2025-07-18,Pro,US,Organic,Mid-Market,15,7,0,7,1,0,,79,32.25,1027
U00813,2025-03-13,Free,US,Content,Startup,1,3,0,1,0,0,,0,29.5,0
U00814,2025-04-05,Free,India,Content,Mid-Market,8,1,2,5,0,0,,0,38.64,0
U00815,2025-07-22,Free,Canada,Paid Search,SMB,10,2,2,3,0,0,,0,81.57,0
U00816,2025-08-05,Free,India,Organic,Startup,4,2,1,2,0,0,,0,35.86,0
U00817,2025-07-13,Pro,India,Partner,SMB,14,8,2,4,0,0,,79,79.55,1027
U00818,2025-01-23,Free,UK,Paid Search,SMB,8,1,0,1,0,0,,0,104.23,0
U00819,2025-04-12,Free,India,Organic,Startup,8,5,0,1,0,0,,0,28.27,0
U00820,2025-08-11,Free,India,Referral,Startup,15,6,1,1,0,0,,0,19.94,0
U00821,2025-09-16,Free,Canada,Organic,SMB,7,4,1,1,0,0,,0,42.62,0
U00822,2025-03-06,Free,US,Partner,SMB,13,3,1,4,0,0,,0,83.24,0
U00823,2025-04-29,Pro,India,Referral,SMB,5,8,0,3,0,0,,79,18.43,1027
U00824,2025-09-18,Free,US,Paid Search,SMB,9,4,1,2,0,0,,0,78.05,0
U00825,2025-02-07,Free,Australia,Organic,Startup,6,2,1,3,0,0,,0,36.81,0
U00826,2025-09-29,Pro,Australia,Content,Mid-Market,12,6,0,3,0,0,,79,40.87,790
U00827,2025-04-23,Free,US,Organic,SMB,12,3,1,2,0,0,,0,24.76,0
U00828,2025-07-26,Free,US,Referral,Mid-Market,5,3,3,1,0,1,2026-04-29,0,49.18,0
U00829,2025-05-12,Pro,US,Organic,Mid-Market,9,6,2,2,1,0,,79,36.54,1027
U00830,2025-04-29,Business,Germany,Organic,SMB,11,7,1,8,0,0,,249,39.54,3237
U00831,2025-04-23,Pro,UK,Paid Search,Startup,14,6,0,5,0,0,,79,70.04,948
U00832,2025-01-08,Free,India,Partner,SMB,10,6,3,1,0,0,,0,75.5,0
U00833,2025-10-01,Pro,India,Referral,SMB,17,5,2,5,0,0,,79,34.55,790
U00834,2025-08-17,Pro,Australia,Referral,Mid-Market,9,6,1,6,0,0,,79,41.63,948
U00835,2025-10-04,Free,US,Organic,Startup,12,2,0,1,0,1,2025-12-10,0,27.5,0
U00836,2025-06-18,Pro,UK,Content,Mid-Market,10,6,0,3,0,0,,79,31.8,1106
U00837,2025-10-16,Pro,Canada,Referral,SMB,8,4,0,8,1,0,,79,36.54,1027
U00838,2025-01-25,Pro,US,Partner,Startup,11,7,0,1,0,0,,79,70.81,1027
U00839,2025-04-18,Free,UK,Paid Search,SMB,12,7,1,5,0,0,,0,96.04,0
U00840,2025-06-21,Business,US,Paid Search,Mid-Market,12,8,1,12,0,0,,249,88.07,2490
U00841,2025-05-25,Free,UK,Organic,Startup,12,4,2,3,0,1,2026-01-10,0,31.4,0
U00842,2025-01-02,Pro,US,Partner,Startup,16,5,2,3,1,0,,79,42.5,711
U00843,2025-01-31,Pro,US,Partner,SMB,15,8,1,5,0,0,,79,80.14,948
U00844,2025-05-16,Business,Australia,Content,Startup,17,8,1,7,0,0,,249,26.71,3486
U00845,2025-09-06,Pro,US,Partner,Mid-Market,10,9,2,4,0,1,2026-03-22,79,102.02,553
U00846,2025-07-03,Business,UK,Organic,Startup,20,8,0,9,1,0,,249,22.86,3237
U00847,2025-03-27,Free,US,Referral,Mid-Market,12,3,2,5,0,1,2026-02-11,0,22.72,0
U00848,2025-08-29,Free,US,Partner,SMB,10,4,2,4,0,0,,0,57.81,0
U00849,2025-09-24,Pro,Australia,Content,Mid-Market,19,6,1,4,0,1,2025-12-30,79,21.73,237
U00850,2025-03-29,Pro,UK,Content,SMB,10,4,2,5,0,0,,79,44.94,869
U00851,2025-10-03,Free,Germany,Organic,Enterprise,9,5,1,1,0,0,,0,46.63,0
U00852,2025-03-11,Pro,UK,Partner,Mid-Market,17,4,1,3,0,0,,79,62.57,711
U00853,2025-06-22,Free,Germany,Organic,SMB,5,6,4,3,0,1,2025-11-10,0,42.34,0
U00854,2025-04-10,Pro,UK,Content,SMB,10,5,1,6,1,0,,79,26.24,711
U00855,2025-08-04,Free,Germany,Paid Search,SMB,8,3,1,4,0,0,,0,73.66,0
U00856,2025-01-18,Free,US,Content,Startup,11,3,1,2,0,1,2025-10-25,0,46.56,0
U00857,2025-01-17,Business,Germany,Organic,SMB,16,6,3,8,1,1,2025-05-02,249,26.95,996
U00858,2025-10-07,Free,US,Content,Startup,17,2,0,4,0,1,2026-07-31,0,32.34,0
U00859,2025-02-23,Pro,Germany,Paid Search,SMB,7,6,0,8,0,0,,79,108.41,711
U00860,2025-09-22,Business,US,Referral,Mid-Market,15,9,1,8,0,0,,249,43.12,2988
U00861,2025-07-20,Pro,India,Organic,SMB,12,6,2,3,0,1,2026-03-25,79,14.09,632
U00862,2025-06-30,Free,Canada,Referral,Mid-Market,9,2,2,4,1,0,,0,44.25,0
U00863,2025-08-06,Free,India,Content,Startup,10,4,3,5,0,1,2026-04-26,0,50.99,0
U00864,2025-01-23,Business,US,Content,Startup,9,8,2,13,1,1,2025-04-11,249,28.76,747
U00865,2025-01-16,Free,US,Partner,Mid-Market,3,1,2,2,0,0,,0,46.85,0
U00866,2025-01-26,Free,India,Paid Search,SMB,7,1,3,1,0,0,,0,56.95,0
U00867,2025-01-07,Pro,Australia,Organic,SMB,12,5,1,8,1,0,,79,30.64,711
U00868,2025-10-07,Business,Australia,Organic,Enterprise,19,10,2,6,0,1,2026-02-04,249,40.62,996
U00869,2025-05-15,Free,Australia,Paid Search,SMB,13,3,4,2,0,1,2025-08-23,0,99.12,0
U00870,2025-02-07,Free,US,Organic,Startup,10,5,0,1,0,1,2025-11-18,0,26.22,0
U00871,2025-04-05,Free,US,Organic,SMB,9,6,1,3,0,0,,0,27.91,0
U00872,2025-02-13,Pro,US,Referral,SMB,22,6,1,1,1,0,,79,31.3,1027
U00873,2025-09-29,Free,US,Organic,SMB,8,2,0,2,0,1,2025-12-20,0,49.81,0
U00874,2025-08-24,Free,US,Organic,SMB,13,3,3,1,0,0,,0,43.62,0
U00875,2025-01-03,Free,UK,Referral,SMB,7,5,5,1,1,0,,0,9.1,0
U00876,2025-04-01,Free,US,Content,SMB,10,1,3,2,0,1,2025-12-27,0,30.52,0
U00877,2025-07-16,Business,India,Organic,Enterprise,16,8,0,8,0,0,,249,36.7,2241
U00878,2025-05-04,Pro,India,Paid Search,SMB,14,7,1,4,0,0,,79,101.57,869
U00879,2025-03-09,Pro,India,Referral,Enterprise,9,4,0,5,0,0,,79,45.39,869
U00880,2025-05-04,Pro,US,Organic,Enterprise,5,5,0,3,0,0,,79,29.09,1106
U00881,2025-05-08,Business,India,Paid Search,SMB,13,6,1,8,1,0,,249,105.56,2490
U00882,2025-07-30,Pro,US,Paid Search,Startup,11,6,0,5,0,0,,79,70.9,948
U00883,2025-06-16,Free,US,Paid Search,Mid-Market,15,4,4,2,0,0,,0,97.19,0
U00884,2025-05-22,Free,Germany,Paid Search,SMB,8,4,1,2,0,0,,0,87.74,0
U00885,2025-07-04,Free,Canada,Referral,SMB,9,1,3,3,0,1,2025-09-22,0,42.98,0
U00886,2025-09-01,Free,India,Referral,SMB,8,5,1,3,0,0,,0,37.9,0
U00887,2025-01-28,Pro,Canada,Referral,Mid-Market,11,6,0,3,1,0,,79,41.61,869
U00888,2025-05-29,Pro,US,Partner,SMB,7,4,1,4,0,1,2025-07-24,79,69.13,158
U00889,2025-08-15,Pro,US,Content,SMB,7,7,1,5,0,0,,79,41.4,1027
U00890,2025-03-29,Pro,India,Paid Search,Startup,11,8,2,7,0,0,,79,104.53,790
U00891,2025-09-18,Pro,India,Partner,Enterprise,14,7,2,4,0,1,2025-10-29,79,65.61,79
U00892,2025-02-28,Pro,Canada,Paid Search,Startup,14,7,2,5,0,0,,79,100.74,869
U00893,2025-01-11,Business,US,Organic,Mid-Market,11,7,1,7,0,0,,249,37.21,2241
U00894,2025-08-15,Pro,India,Referral,SMB,10,9,2,4,1,1,2025-10-12,79,33.67,158
U00895,2025-08-18,Pro,Germany,Organic,SMB,11,9,1,5,1,1,2026-01-18,79,37.87,395
U00896,2025-03-07,Free,US,Partner,Startup,4,6,2,3,0,1,2025-05-09,0,81.31,0
U00897,2025-10-26,Pro,Germany,Paid Search,Startup,13,5,0,5,0,0,,79,79.85,869
U00898,2025-07-02,Business,US,Paid Search,Mid-Market,14,8,2,7,0,1,2026-03-15,249,107.56,2241
U00899,2025-01-11,Free,US,Organic,Startup,5,6,1,1,0,1,2025-12-05,0,38.88,0
U00900,2025-06-30,Free,Germany,Paid Search,Startup,5,1,1,4,0,0,,0,97.57,0
U00901,2025-04-15,Free,US,Referral,Mid-Market,6,4,0,2,1,0,,0,25.68,0
U00902,2025-10-16,Pro,US,Content,Startup,16,7,1,7,1,0,,79,43.77,1106
U00903,2025-03-24,Business,India,Content,SMB,13,12,0,8,0,0,,249,59.78,3237
U00904,2025-01-27,Pro,US,Paid Search,Mid-Market,10,6,1,3,0,0,,79,75.51,790
U00905,2025-09-20,Free,US,Paid Search,SMB,4,7,1,2,0,1,2026-02-13,0,58.88,0
U00906,2025-03-04,Free,US,Referral,Startup,7,5,1,3,0,0,,0,31.37,0
U00907,2025-04-09,Free,Australia,Organic,SMB,5,4,3,1,0,0,,0,38.65,0
U00908,2025-07-18,Business,Germany,Organic,SMB,21,10,0,8,1,0,,249,21.65,2490
U00909,2025-04-09,Pro,US,Content,Startup,10,7,1,3,0,0,,79,30.29,790
U00910,2025-04-10,Free,Canada,Organic,SMB,14,5,1,2,0,0,,0,42.68,0
U00911,2025-05-29,Pro,Germany,Partner,SMB,12,6,1,5,0,1,2025-11-07,79,78.49,395
U00912,2025-02-08,Pro,India,Partner,SMB,10,6,0,5,1,0,,79,51.46,869
U00913,2025-06-12,Pro,Australia,Partner,Mid-Market,13,7,0,1,1,1,2025-12-12,79,62.06,474
U00914,2025-09-26,Pro,Germany,Organic,SMB,12,4,1,5,0,0,,79,41.3,790
U00915,2025-10-25,Free,Canada,Content,SMB,10,3,2,3,0,0,,0,28.15,0
U00916,2025-08-08,Pro,Australia,Paid Search,Mid-Market,18,7,1,4,1,0,,79,110.06,711
U00917,2025-06-28,Free,US,Organic,Mid-Market,8,5,4,2,0,1,2025-10-12,0,35.89,0
U00918,2025-03-08,Free,Canada,Organic,SMB,13,3,5,9,1,1,2025-09-20,0,5.0,0
U00919,2025-09-19,Free,US,Organic,Startup,11,7,2,3,0,0,,0,54.75,0
U00920,2025-01-29,Pro,UK,Paid Search,Startup,15,5,0,2,0,0,,79,42.9,1027
U00921,2025-08-02,Business,Australia,Content,SMB,12,11,0,12,1,0,,249,39.11,2988
U00922,2025-09-10,Business,Australia,Content,SMB,11,9,1,8,0,0,,249,42.88,3237
U00923,2025-05-20,Pro,US,Organic,Startup,6,5,1,3,0,0,,79,21.19,711
U00924,2025-06-20,Pro,US,Paid Search,SMB,13,7,0,2,0,0,,79,101.06,790
U00925,2025-09-01,Free,Canada,Partner,Startup,10,1,4,4,0,0,,0,57.01,0
U00926,2025-10-06,Pro,Canada,Paid Search,SMB,20,5,2,2,1,1,2026-02-09,79,98.01,316
U00927,2025-01-10,Free,India,Partner,Mid-Market,9,1,1,2,0,1,2025-03-11,0,54.62,0
U00928,2025-06-05,Pro,India,Paid Search,SMB,16,8,1,5,0,0,,79,76.55,790
U00929,2025-05-03,Free,India,Paid Search,Startup,6,8,1,4,0,0,,0,127.41,0
U00930,2025-03-11,Free,US,Organic,Startup,1,7,1,2,0,0,,0,22.33,0
U00931,2025-09-17,Pro,India,Organic,Mid-Market,9,3,0,3,0,1,2026-06-16,79,31.17,711
U00932,2025-02-10,Free,Germany,Organic,Mid-Market,9,1,0,2,0,1,2025-10-07,0,40.4,0
U00933,2025-04-11,Free,Germany,Organic,Startup,2,1,1,3,0,0,,0,35.51,0
U00934,2025-05-06,Free,US,Organic,Startup,12,3,1,3,0,1,2025-10-29,0,28.87,0
U00935,2025-03-10,Business,US,Organic,SMB,9,4,0,12,0,0,,249,28.81,2739
U00936,2025-07-25,Free,UK,Paid Search,Startup,8,3,1,4,1,0,,0,78.7,0
U00937,2025-07-11,Business,India,Organic,Startup,12,8,1,11,1,0,,249,41.71,2241
U00938,2025-01-02,Pro,India,Paid Search,Startup,15,4,2,7,0,0,,79,38.28,711
U00939,2025-02-16,Business,US,Paid Search,Startup,15,10,0,11,1,0,,249,107.99,2490
U00940,2025-04-29,Pro,India,Referral,SMB,13,5,3,6,0,0,,79,42.5,632
U00941,2025-09-22,Free,India,Content,SMB,5,2,2,2,0,0,,0,35.32,0
U00942,2025-05-02,Pro,Australia,Paid Search,Startup,15,8,2,5,0,0,,79,109.63,1106
U00943,2025-05-08,Business,Australia,Referral,Mid-Market,12,7,0,7,1,0,,249,37.74,2490
U00944,2025-07-21,Pro,UK,Partner,Startup,9,5,3,5,0,0,,79,61.73,948
U00945,2025-08-25,Free,Germany,Paid Search,Enterprise,10,2,1,1,0,1,2026-04-09,0,106.93,0
U00946,2025-02-28,Free,India,Organic,Startup,7,4,1,2,0,0,,0,36.67,0
U00947,2025-07-21,Business,Germany,Partner,SMB,14,8,3,6,1,0,,249,74.26,1992
U00948,2025-09-20,Free,India,Paid Search,SMB,11,2,4,1,0,0,,0,118.5,0
U00949,2025-09-24,Free,US,Paid Search,Startup,8,5,0,4,0,0,,0,106.34,0
U00950,2025-04-08,Pro,US,Paid Search,Mid-Market,18,8,0,9,0,0,,79,89.9,948
U00951,2025-08-19,Free,Canada,Content,Mid-Market,10,1,0,2,0,0,,0,37.39,0
U00952,2025-09-06,Free,Canada,Paid Search,SMB,9,6,4,3,0,0,,0,125.59,0
U00953,2025-02-15,Free,US,Referral,Mid-Market,7,4,2,2,0,0,,0,22.23,0
U00954,2025-09-06,Pro,US,Partner,SMB,6,5,2,5,1,0,,79,80.43,1027
U00955,2025-10-06,Free,US,Content,SMB,10,3,2,4,0,0,,0,26.18,0
U00956,2025-09-23,Pro,UK,Paid Search,SMB,9,7,1,6,0,0,,79,82.57,869
U00957,2025-09-19,Pro,India,Paid Search,Startup,12,8,0,9,1,0,,79,82.48,711
U00958,2025-03-19,Free,India,Organic,Startup,9,5,1,3,1,0,,0,36.09,0
U00959,2025-05-30,Free,UK,Partner,SMB,16,1,0,2,0,0,,0,59.98,0
U00960,2025-09-09,Free,US,Referral,Startup,7,1,3,4,1,1,2026-02-21,0,22.24,0
U00961,2025-01-27,Business,UK,Content,Mid-Market,12,11,2,6,0,1,2025-08-10,249,51.12,1494
U00962,2025-03-11,Free,US,Organic,Mid-Market,6,4,1,3,0,0,,0,32.44,0
U00963,2025-03-04,Business,India,Organic,Startup,17,9,2,7,0,0,,249,17.36,3486
U00964,2025-04-30,Free,US,Referral,SMB,7,3,1,1,0,0,,0,36.71,0
U00965,2025-02-04,Free,Canada,Organic,Mid-Market,9,4,1,1,0,0,,0,18.28,0
U00966,2025-02-23,Pro,India,Referral,Startup,16,10,0,3,0,1,2025-04-16,79,34.58,158
U00967,2025-10-23,Free,Germany,Referral,Mid-Market,10,4,1,3,0,1,2026-04-03,0,40.47,0
U00968,2025-05-26,Free,India,Paid Search,Startup,6,3,3,2,0,1,2025-09-25,0,93.22,0
U00969,2025-09-02,Pro,Germany,Organic,SMB,12,7,2,7,0,0,,79,32.31,948
U00970,2025-01-23,Free,US,Organic,SMB,5,5,0,3,0,0,,0,33.27,0
U00971,2025-01-16,Free,US,Referral,Startup,11,5,0,3,0,1,2025-11-03,0,39.58,0
U00972,2025-10-15,Pro,India,Paid Search,Startup,10,6,3,3,0,0,,79,100.31,711
U00973,2025-10-16,Free,Canada,Content,Startup,8,5,0,1,0,0,,0,27.44,0
U00974,2025-01-04,Free,India,Organic,Enterprise,8,3,1,2,0,0,,0,13.23,0
U00975,2025-03-15,Free,US,Content,SMB,12,5,3,3,0,0,,0,52.16,0
U00976,2025-05-29,Free,US,Paid Search,Startup,6,3,1,4,0,0,,0,81.41,0
U00977,2025-07-12,Business,India,Paid Search,Mid-Market,16,6,1,8,0,0,,249,108.19,2988
U00978,2025-09-09,Free,US,Organic,Mid-Market,5,4,0,2,0,1,2026-07-01,0,18.5,0
U00979,2025-01-03,Free,Australia,Organic,SMB,5,1,0,1,0,0,,0,33.77,0
U00980,2025-02-09,Free,US,Organic,Enterprise,9,1,0,1,0,0,,0,34.88,0
U00981,2025-01-07,Free,Germany,Partner,Startup,6,5,2,1,0,0,,0,58.34,0
U00982,2025-06-29,Free,Canada,Paid Search,SMB,7,4,0,1,0,0,,0,109.06,0
U00983,2025-06-12,Business,US,Organic,Enterprise,26,5,1,4,0,1,2026-02-09,249,39.97,1992
U00984,2025-06-09,Pro,Germany,Partner,SMB,12,7,2,5,1,1,2026-02-28,79,73.7,711
U00985,2025-03-02,Pro,India,Partner,Startup,13,6,0,5,1,0,,79,80.98,632
U00986,2025-08-16,Pro,Australia,Content,SMB,12,7,1,3,0,0,,79,38.34,790
U00987,2025-10-02,Free,US,Referral,Mid-Market,9,4,1,3,1,0,,0,34.49,0
U00988,2025-07-29,Pro,India,Content,SMB,10,6,2,4,1,0,,79,28.1,948
U00989,2025-10-23,Free,India,Organic,Startup,11,5,3,2,0,0,,0,23.13,0
U00990,2025-09-05,Business,US,Organic,SMB,15,7,0,5,0,1,2026-01-10,249,21.58,996
U00991,2025-01-26,Free,US,Content,Startup,11,3,2,1,0,0,,0,35.03,0
U00992,2025-08-26,Business,Canada,Organic,Mid-Market,14,11,1,11,1,0,,249,29.42,3486
U00993,2025-07-05,Free,UK,Referral,Startup,9,1,0,4,0,1,2026-04-09,0,23.92,0
U00994,2025-06-24,Pro,India,Referral,SMB,14,5,1,2,0,1,2026-03-05,79,42.54,632
U00995,2025-03-02,Business,Australia,Paid Search,Startup,20,8,0,10,1,0,,249,87.86,2241
U00996,2025-04-15,Pro,US,Paid Search,SMB,17,10,1,1,0,1,2025-10-24,79,88.37,474
U00997,2025-04-17,Pro,Canada,Organic,Startup,13,4,0,3,1,0,,79,38.37,1027
U00998,2025-02-02,Free,Canada,Organic,Mid-Market,7,5,1,3,0,0,,0,25.48,0
U00999,2025-04-11,Free,India,Referral,SMB,7,3,1,4,0,0,,0,57.36,0
U01000,2025-02-19,Free,India,Organic,Mid-Market,11,5,0,2,0,0,,0,39.41,0
U01001,2025-05-17,Business,US,Organic,SMB,11,10,1,4,1,0,,249,25.32,2241
U01002,2025-09-19,Pro,US,Content,SMB,15,7,1,1,0,0,,79,32.71,711
U01003,2025-08-11,Free,India,Paid Search,Startup,11,7,3,5,0,0,,0,93.12,0
U01004,2025-03-21,Pro,US,Referral,Startup,17,7,2,4,1,0,,79,26.89,711
U01005,2025-06-24,Free,US,Organic,SMB,10,2,1,2,0,0,,0,17.96,0
U01006,2025-09-26,Business,Germany,Partner,SMB,18,9,0,3,0,0,,249,54.74,1992
U01007,2025-10-12,Free,India,Partner,SMB,3,3,0,1,0,0,,0,93.01,0
U01008,2025-04-02,Pro,Canada,Paid Search,Startup,19,3,1,4,0,0,,79,72.35,632
U01009,2025-04-03,Pro,Australia,Paid Search,SMB,20,5,1,6,1,0,,79,71.81,1106
U01010,2025-01-18,Pro,Germany,Organic,Startup,9,4,0,4,0,0,,79,33.72,711
U01011,2025-08-18,Business,India,Organic,Startup,16,8,2,8,0,0,,249,37.92,3486
U01012,2025-03-28,Free,Canada,Content,SMB,9,4,0,3,0,0,,0,39.45,0
U01013,2025-04-17,Free,Australia,Organic,SMB,11,2,2,2,0,0,,0,18.41,0
U01014,2025-04-26,Free,India,Paid Search,Mid-Market,7,5,0,2,0,1,2026-03-18,0,90.42,0
U01015,2025-01-30,Pro,India,Paid Search,Startup,16,9,3,3,1,0,,79,125.88,869
U01016,2025-02-01,Free,India,Paid Search,Startup,15,2,1,3,0,0,,0,120.25,0
U01017,2025-06-24,Free,Canada,Content,Startup,9,4,2,2,0,1,2025-10-05,0,45.67,0
U01018,2025-05-09,Free,Canada,Paid Search,Startup,11,2,1,1,0,1,2026-03-05,0,108.51,0
U01019,2025-04-09,Business,US,Content,SMB,18,9,1,8,0,1,2026-01-11,249,41.52,2241
U01020,2025-08-28,Free,India,Content,SMB,9,2,0,1,0,0,,0,49.97,0
U01021,2025-03-06,Free,Canada,Organic,Startup,13,3,0,3,0,0,,0,34.33,0
U01022,2025-05-05,Free,Australia,Organic,SMB,13,6,1,4,0,0,,0,41.97,0
U01023,2025-04-05,Pro,Canada,Organic,Mid-Market,8,3,0,7,0,0,,79,26.1,869
U01024,2025-05-29,Pro,US,Organic,Startup,9,8,5,4,0,0,,79,27.71,948
U01025,2025-02-09,Free,Canada,Partner,SMB,10,5,2,4,0,0,,0,86.72,0
U01026,2025-10-27,Free,Canada,Referral,Mid-Market,8,2,3,1,0,1,2026-08-04,0,53.66,0
U01027,2025-03-29,Free,Germany,Organic,Mid-Market,10,4,3,4,0,0,,0,41.97,0
U01028,2025-03-06,Free,Germany,Referral,SMB,15,3,0,2,0,0,,0,25.1,0
U01029,2025-07-29,Business,India,Organic,SMB,17,7,0,6,1,1,2025-11-01,249,41.12,747
U01030,2025-06-13,Free,Canada,Partner,Startup,4,4,2,2,0,1,2026-02-21,0,79.1,0
U01031,2025-08-12,Free,India,Content,SMB,17,2,0,1,0,0,,0,7.04,0
U01032,2025-10-24,Pro,US,Organic,SMB,9,8,0,2,0,0,,79,34.78,948
U01033,2025-07-29,Pro,India,Referral,Mid-Market,21,9,2,5,0,0,,79,43.91,1027
U01034,2025-05-29,Free,Germany,Organic,SMB,6,5,2,2,0,0,,0,43.79,0
U01035,2025-04-07,Pro,India,Paid Search,Mid-Market,11,2,2,3,0,1,2025-05-11,79,116.56,79
U01036,2025-06-27,Pro,UK,Paid Search,Mid-Market,16,6,1,3,1,0,,79,111.32,869
U01037,2025-10-01,Pro,US,Content,Mid-Market,13,5,2,3,0,0,,79,33.87,1106
U01038,2025-06-14,Pro,US,Referral,Startup,14,6,0,7,0,0,,79,17.09,948
U01039,2025-06-15,Business,US,Organic,Startup,17,10,1,7,0,0,,249,33.07,3486
U01040,2025-02-04,Free,UK,Paid Search,Mid-Market,9,2,1,2,0,0,,0,73.64,0
U01041,2025-05-12,Free,UK,Organic,Startup,8,4,0,1,0,1,2025-11-20,0,17.02,0
U01042,2025-08-03,Free,Australia,Organic,Startup,10,1,4,2,0,1,2025-12-24,0,28.58,0
U01043,2025-09-04,Free,Germany,Referral,Startup,7,1,1,2,0,1,2026-07-06,0,44.75,0
U01044,2025-10-01,Pro,US,Organic,Startup,8,7,1,6,1,1,2026-03-23,79,35.0,474
U01045,2025-07-14,Business,India,Referral,SMB,12,9,1,10,0,0,,249,32.59,1992
U01046,2025-10-05,Free,Germany,Content,Startup,8,3,2,1,0,0,,0,49.96,0
U01047,2025-01-19,Business,US,Organic,Startup,17,9,1,7,1,0,,249,53.12,2988
U01048,2025-06-26,Pro,Germany,Partner,Mid-Market,14,6,0,8,1,0,,79,72.51,711
U01049,2025-03-19,Free,India,Referral,Startup,5,4,1,4,0,1,2025-06-22,0,29.72,0
U01050,2025-04-16,Free,US,Organic,Startup,7,3,1,1,0,1,2026-01-20,0,25.78,0
U01051,2025-10-11,Free,US,Organic,SMB,8,6,1,2,0,1,2026-02-10,0,36.46,0
U01052,2025-07-22,Pro,US,Partner,Enterprise,12,5,1,1,0,0,,79,84.05,1027
U01053,2025-05-14,Free,US,Organic,SMB,4,5,1,3,0,1,2026-03-12,0,42.33,0
U01054,2025-10-11,Free,Germany,Paid Search,SMB,9,5,0,6,0,0,,0,102.38,0
U01055,2025-04-30,Free,India,Partner,SMB,11,7,2,2,0,0,,0,60.19,0
U01056,2025-10-21,Free,Canada,Organic,Startup,8,7,0,2,0,1,2026-06-27,0,44.87,0
U01057,2025-03-29,Free,US,Partner,SMB,11,3,1,1,0,0,,0,84.32,0
U01058,2025-03-26,Free,US,Paid Search,SMB,4,5,1,1,0,0,,0,99.03,0
U01059,2025-07-12,Free,UK,Organic,Startup,11,2,2,1,0,1,2026-04-21,0,41.45,0
U01060,2025-10-08,Pro,Canada,Paid Search,Enterprise,7,7,0,4,0,1,2025-11-21,79,102.77,79
U01061,2025-01-24,Business,India,Content,Enterprise,14,9,0,10,1,0,,249,34.32,2739
U01062,2025-08-08,Free,India,Content,Startup,11,1,0,1,0,0,,0,31.04,0
U01063,2025-05-05,Free,Germany,Organic,SMB,9,3,1,2,1,0,,0,36.26,0
U01064,2025-09-19,Free,UK,Organic,SMB,7,2,0,4,0,1,2026-03-10,0,52.92,0
U01065,2025-08-22,Pro,US,Organic,Startup,12,9,3,6,1,0,,79,17.54,948
U01066,2025-02-20,Free,US,Partner,SMB,11,6,1,4,0,0,,0,51.01,0
U01067,2025-07-21,Free,UK,Partner,Startup,6,3,1,3,0,1,2026-02-20,0,72.47,0
U01068,2025-10-20,Pro,India,Referral,Startup,12,10,0,4,0,0,,79,36.93,1027
U01069,2025-02-14,Free,India,Organic,Mid-Market,14,3,0,2,0,0,,0,24.14,0
U01070,2025-08-15,Business,US,Organic,Mid-Market,13,9,0,11,0,0,,249,41.17,2241
U01071,2025-02-02,Free,US,Referral,Startup,8,2,0,3,0,1,2025-12-08,0,47.42,0
U01072,2025-02-19,Pro,India,Organic,Startup,13,7,1,4,1,0,,79,31.66,1027
U01073,2025-03-20,Free,Canada,Paid Search,Startup,10,1,1,4,0,1,2025-05-18,0,97.65,0
U01074,2025-06-12,Free,US,Organic,Startup,5,1,1,3,0,0,,0,41.92,0
U01075,2025-08-24,Pro,Canada,Referral,SMB,7,4,0,4,1,0,,79,37.15,869
U01076,2025-02-03,Pro,Germany,Partner,SMB,8,5,0,3,1,0,,79,82.59,948
U01077,2025-01-12,Pro,Germany,Organic,Startup,12,6,4,5,1,0,,79,31.58,711
U01078,2025-08-06,Free,Germany,Referral,SMB,6,3,2,1,0,0,,0,37.48,0
U01079,2025-04-08,Pro,India,Partner,Mid-Market,8,6,1,3,0,1,2025-08-03,79,70.23,316
U01080,2025-06-28,Pro,India,Paid Search,Mid-Market,9,7,1,4,0,0,,79,87.04,1027
U01081,2025-05-08,Pro,India,Organic,SMB,14,7,1,1,1,0,,79,31.7,869
U01082,2025-06-23,Business,Canada,Partner,SMB,11,12,3,13,0,1,2025-11-21,249,79.34,1245
U01083,2025-04-10,Free,US,Paid Search,SMB,13,1,2,1,0,0,,0,111.95,0
U01084,2025-09-12,Pro,Germany,Organic,SMB,20,4,1,3,0,0,,79,34.98,711
U01085,2025-02-04,Free,US,Partner,SMB,8,4,2,1,0,1,2025-12-13,0,55.39,0
U01086,2025-08-19,Pro,Australia,Content,Startup,12,3,1,3,0,0,,79,45.59,948
U01087,2025-05-09,Free,US,Referral,Enterprise,6,2,1,1,1,0,,0,47.26,0
U01088,2025-01-28,Free,India,Organic,SMB,8,4,1,4,0,1,2025-07-12,0,31.13,0
U01089,2025-09-28,Pro,India,Organic,Mid-Market,13,7,0,6,1,0,,79,46.68,948
U01090,2025-08-17,Free,India,Partner,Startup,6,4,2,3,1,0,,0,64.83,0
U01091,2025-02-16,Free,UK,Content,Mid-Market,5,6,0,1,0,0,,0,33.3,0
U01092,2025-06-12,Free,UK,Organic,Startup,7,1,3,3,0,1,2025-12-17,0,36.68,0
U01093,2025-02-16,Pro,Germany,Organic,Mid-Market,14,5,2,5,0,0,,79,42.56,948
U01094,2025-02-26,Free,India,Referral,Mid-Market,7,3,3,1,1,1,2025-04-06,0,41.34,0
U01095,2025-03-30,Pro,Germany,Paid Search,Mid-Market,9,5,1,6,0,1,2026-01-25,79,121.12,790
U01096,2025-04-15,Free,Canada,Content,Startup,12,4,0,3,0,0,,0,24.93,0
U01097,2025-10-23,Free,India,Content,Mid-Market,11,7,0,4,0,1,2026-07-26,0,40.62,0
U01098,2025-06-02,Pro,Canada,Content,SMB,11,7,2,5,0,0,,79,52.27,790
U01099,2025-05-06,Free,Canada,Paid Search,SMB,8,2,5,3,0,1,2025-08-17,0,89.48,0
U01100,2025-09-15,Pro,US,Paid Search,SMB,13,7,4,4,0,0,,79,58.4,711
U01101,2025-01-12,Free,Germany,Organic,Mid-Market,13,2,5,3,0,1,2025-05-02,0,26.51,0
U01102,2025-09-22,Pro,Australia,Partner,Startup,9,5,1,3,0,0,,79,48.58,869
U01103,2025-01-12,Free,Australia,Organic,SMB,4,5,0,1,0,0,,0,31.14,0
U01104,2025-01-31,Pro,US,Organic,SMB,9,4,1,5,0,0,,79,28.14,711
U01105,2025-01-10,Free,US,Organic,Mid-Market,9,1,1,1,0,0,,0,14.6,0
U01106,2025-05-13,Business,Germany,Referral,Startup,9,8,2,7,1,0,,249,38.79,3486
U01107,2025-10-21,Free,Germany,Paid Search,Startup,7,8,1,2,0,1,2025-11-28,0,71.91,0
U01108,2025-09-11,Pro,Germany,Paid Search,Mid-Market,9,6,0,5,1,0,,79,48.19,711
U01109,2025-01-22,Free,US,Paid Search,Startup,5,7,0,4,0,1,2025-03-25,0,110.87,0
U01110,2025-06-30,Pro,UK,Organic,SMB,9,7,0,5,0,0,,79,33.0,948
U01111,2025-10-09,Pro,Australia,Organic,Mid-Market,12,6,2,4,0,1,2026-06-21,79,42.04,632
U01112,2025-09-14,Free,India,Organic,SMB,10,3,0,4,0,0,,0,30.72,0
U01113,2025-03-26,Free,India,Partner,SMB,6,4,2,1,0,0,,0,77.21,0
U01114,2025-06-29,Business,US,Partner,SMB,16,6,3,10,0,1,2025-08-16,249,75.25,498
U01115,2025-04-16,Free,UK,Referral,Mid-Market,9,4,3,2,0,0,,0,48.31,0
U01116,2025-03-08,Pro,US,Content,Mid-Market,8,9,0,4,0,1,2025-04-25,79,29.49,158
U01117,2025-09-22,Pro,India,Content,SMB,14,8,0,3,1,1,2026-08-16,79,30.81,869
U01118,2025-05-31,Pro,India,Paid Search,Startup,15,7,1,4,0,0,,79,101.14,1027
U01119,2025-05-23,Free,US,Paid Search,Startup,4,1,3,3,0,1,2025-09-20,0,126.31,0
U01120,2025-06-04,Pro,Germany,Referral,Startup,19,4,0,3,0,0,,79,27.88,869
U01121,2025-03-05,Pro,India,Referral,SMB,9,6,0,7,0,0,,79,43.74,869
U01122,2025-09-26,Free,India,Organic,SMB,4,4,0,2,0,0,,0,36.37,0
U01123,2025-06-29,Free,US,Referral,SMB,5,3,1,2,0,1,2026-05-22,0,53.59,0
U01124,2025-04-17,Free,India,Content,SMB,10,8,1,3,0,0,,0,38.08,0
U01125,2025-06-29,Free,US,Paid Search,Startup,7,5,1,4,0,0,,0,133.86,0
U01126,2025-03-12,Free,Australia,Paid Search,Mid-Market,5,3,1,2,0,1,2025-06-15,0,92.54,0
U01127,2025-05-27,Business,India,Organic,SMB,17,7,2,12,0,1,2025-07-11,249,28.24,498
U01128,2025-08-13,Pro,Canada,Paid Search,Mid-Market,15,4,3,7,0,0,,79,115.35,1027
U01129,2025-09-06,Free,US,Organic,SMB,9,4,1,5,0,0,,0,12.24,0
U01130,2025-05-06,Free,India,Organic,Startup,7,2,0,3,0,1,2025-08-24,0,21.6,0
U01131,2025-08-03,Free,US,Organic,Mid-Market,7,3,0,3,0,1,2026-02-01,0,41.18,0
U01132,2025-05-26,Pro,US,Referral,Startup,13,7,0,6,0,0,,79,35.41,711
U01133,2025-01-24,Free,UK,Organic,SMB,11,3,2,1,0,1,2025-09-18,0,43.37,0
U01134,2025-10-20,Free,US,Paid Search,Startup,12,1,2,1,0,1,2026-01-03,0,96.91,0
U01135,2025-09-18,Free,US,Organic,SMB,7,1,1,3,0,1,2026-03-02,0,41.75,0
U01136,2025-07-22,Pro,Germany,Paid Search,Startup,10,4,1,4,0,1,2026-02-16,79,58.95,553
U01137,2025-01-16,Free,UK,Referral,Mid-Market,14,2,1,3,0,0,,0,39.09,0
U01138,2025-07-21,Free,Canada,Organic,Startup,8,4,4,2,0,0,,0,49.51,0
U01139,2025-03-13,Free,US,Organic,Mid-Market,4,2,1,2,0,0,,0,27.05,0
U01140,2025-10-08,Free,Australia,Organic,Enterprise,8,4,3,1,0,1,2026-01-01,0,29.46,0
U01141,2025-01-27,Business,US,Organic,Mid-Market,15,5,0,9,0,0,,249,26.15,2241
U01142,2025-08-03,Pro,US,Content,SMB,11,7,1,4,1,0,,79,36.64,1106
U01143,2025-04-28,Pro,India,Partner,SMB,13,5,1,2,0,0,,79,51.28,948
U01144,2025-10-14,Free,US,Partner,SMB,5,1,2,2,0,0,,0,69.42,0
U01145,2025-08-23,Pro,India,Referral,SMB,19,4,1,8,1,1,2026-06-09,79,31.46,790
U01146,2025-07-09,Free,US,Organic,Mid-Market,5,5,0,5,0,0,,0,25.13,0
U01147,2025-06-06,Free,Canada,Partner,Startup,14,2,0,3,0,0,,0,72.51,0
U01148,2025-06-26,Free,US,Content,Startup,11,1,1,3,0,0,,0,28.62,0
U01149,2025-07-03,Free,US,Paid Search,Startup,9,2,0,5,0,0,,0,84.89,0
U01150,2025-03-27,Pro,UK,Organic,SMB,10,6,1,3,0,1,2026-02-01,79,26.32,790
U01151,2025-06-10,Pro,India,Paid Search,Startup,6,6,3,4,0,0,,79,89.78,1106
U01152,2025-03-11,Free,India,Paid Search,Startup,8,2,1,4,0,1,2025-05-08,0,66.25,0
U01153,2025-03-24,Pro,India,Organic,Startup,9,7,1,4,0,0,,79,35.2,1106
U01154,2025-06-09,Business,India,Partner,SMB,16,6,2,9,0,0,,249,83.42,3237
U01155,2025-07-10,Free,India,Organic,Startup,6,3,4,3,0,0,,0,44.13,0
U01156,2025-01-18,Free,UK,Organic,SMB,7,4,0,3,0,0,,0,26.47,0
U01157,2025-10-22,Business,Australia,Paid Search,SMB,13,9,0,9,1,0,,249,105.7,2241
U01158,2025-02-20,Free,US,Paid Search,Startup,3,4,1,3,0,0,,0,108.88,0
U01159,2025-06-15,Free,Canada,Referral,Mid-Market,9,3,1,5,0,0,,0,18.34,0
U01160,2025-08-01,Free,India,Organic,SMB,6,2,0,1,0,1,2026-01-22,0,35.62,0
U01161,2025-03-22,Pro,India,Organic,SMB,15,6,2,7,0,0,,79,43.54,1027
U01162,2025-07-23,Pro,US,Partner,Mid-Market,16,4,2,4,0,0,,79,80.97,711
U01163,2025-06-02,Free,India,Referral,Startup,3,2,4,3,1,0,,0,41.79,0
U01164,2025-01-09,Free,US,Referral,Startup,7,5,1,2,0,1,2025-10-18,0,44.44,0
U01165,2025-09-18,Pro,US,Content,Mid-Market,13,5,0,4,0,1,2026-03-14,79,38.69,474
U01166,2025-02-18,Pro,UK,Referral,Mid-Market,10,4,1,3,1,0,,79,44.35,790
U01167,2025-02-06,Free,India,Content,Startup,9,3,1,4,0,1,2025-10-16,0,54.68,0
U01168,2025-07-05,Business,India,Organic,Mid-Market,10,8,1,7,0,0,,249,36.04,2988
U01169,2025-02-27,Free,India,Content,SMB,8,4,1,1,0,0,,0,44.7,0
U01170,2025-05-03,Free,Germany,Content,SMB,7,3,2,2,1,0,,0,31.25,0
U01171,2025-01-11,Pro,US,Paid Search,Enterprise,13,9,1,2,0,0,,79,89.55,790
U01172,2025-06-26,Business,Germany,Referral,Startup,13,10,0,12,1,0,,249,31.6,3237
U01173,2025-09-20,Pro,Australia,Content,Mid-Market,9,4,1,5,0,0,,79,32.73,869
U01174,2025-02-08,Pro,Germany,Referral,Startup,17,10,0,4,0,0,,79,36.1,711
U01175,2025-06-21,Pro,US,Paid Search,SMB,5,6,1,6,0,0,,79,116.73,948
U01176,2025-09-16,Free,US,Partner,SMB,10,3,3,2,0,1,2026-01-08,0,83.97,0
U01177,2025-03-06,Business,Canada,Organic,Mid-Market,20,11,0,7,0,0,,249,39.03,3237
U01178,2025-03-19,Free,Germany,Referral,SMB,5,3,0,2,0,0,,0,49.74,0
U01179,2025-05-18,Business,Australia,Content,SMB,17,8,0,8,1,0,,249,28.26,3237
U01180,2025-04-23,Free,India,Organic,Startup,13,3,1,2,0,1,2025-10-07,0,22.92,0
U01181,2025-01-26,Pro,Canada,Organic,SMB,17,7,1,5,1,0,,79,40.2,632
U01182,2025-05-15,Pro,Canada,Organic,Mid-Market,20,8,0,6,1,0,,79,25.92,1106
U01183,2025-10-02,Pro,UK,Content,SMB,15,7,3,3,1,0,,79,29.42,790
U01184,2025-06-27,Free,India,Content,Startup,13,5,0,3,0,1,2026-01-31,0,55.58,0
U01185,2025-04-06,Pro,Germany,Organic,Startup,7,6,1,10,1,1,2025-06-13,79,39.56,158
U01186,2025-10-22,Pro,US,Organic,Mid-Market,11,4,0,1,0,0,,79,39.89,869
U01187,2025-01-27,Free,US,Partner,SMB,8,3,4,4,0,1,2025-12-05,0,57.64,0
U01188,2025-03-04,Free,Germany,Content,Startup,10,3,2,1,0,0,,0,41.64,0
U01189,2025-10-24,Business,India,Paid Search,Startup,17,10,1,10,0,1,2026-07-21,249,86.84,2241
U01190,2025-02-18,Business,US,Partner,Mid-Market,11,8,0,6,0,1,2025-09-12,249,65.16,1743
U01191,2025-09-02,Free,Australia,Organic,SMB,8,1,0,2,0,1,2025-12-13,0,43.42,0
U01192,2025-02-13,Pro,Germany,Organic,SMB,12,6,0,3,0,0,,79,58.18,711
U01193,2025-03-09,Free,India,Content,Mid-Market,13,4,1,4,0,0,,0,47.1,0
U01194,2025-08-21,Business,UK,Paid Search,Mid-Market,23,9,2,10,0,0,,249,107.4,2241
U01195,2025-07-15,Free,India,Content,Startup,8,2,3,2,0,1,2025-11-19,0,30.25,0
U01196,2025-04-25,Pro,India,Content,Startup,13,7,0,4,1,0,,79,23.31,1106
U01197,2025-03-22,Free,India,Organic,SMB,9,2,1,5,0,0,,0,44.42,0
U01198,2025-10-06,Business,US,Organic,Startup,17,6,0,4,1,0,,249,23.27,2490
U01199,2025-05-19,Pro,India,Referral,Startup,11,7,0,7,0,1,2025-11-10,79,38.82,474
U01200,2025-01-20,Free,UK,Paid Search,SMB,8,2,2,2,0,0,,0,76.73,0
U01201,2025-08-25,Pro,Canada,Content,Startup,13,5,0,4,0,1,2025-10-15,79,24.39,158
U01202,2025-06-09,Business,UK,Paid Search,Startup,18,6,1,15,1,0,,249,117.65,2490
U01203,2025-02-20,Free,US,Organic,SMB,13,4,0,5,0,0,,0,43.35,0
U01204,2025-08-16,Pro,Australia,Partner,Startup,10,3,0,3,0,1,2026-02-15,79,59.1,474
U01205,2025-06-04,Pro,India,Paid Search,Mid-Market,18,5,5,3,1,1,2026-03-11,79,68.77,711
U01206,2025-06-02,Free,UK,Organic,Startup,12,5,1,3,0,1,2026-01-03,0,23.87,0
U01207,2025-09-12,Pro,UK,Referral,Startup,7,5,1,7,0,0,,79,28.67,790
U01208,2025-05-02,Pro,Australia,Organic,Mid-Market,6,3,2,9,1,0,,79,42.87,711
U01209,2025-01-13,Pro,Germany,Organic,Mid-Market,10,4,1,5,0,0,,79,22.29,1027
U01210,2025-09-01,Pro,US,Referral,Enterprise,14,9,0,5,1,0,,79,44.78,948
U01211,2025-03-03,Free,US,Partner,SMB,7,3,0,5,0,0,,0,46.07,0
U01212,2025-06-02,Pro,UK,Partner,Startup,15,2,2,4,0,0,,79,81.23,711
U01213,2025-05-10,Business,US,Partner,Startup,19,9,0,9,1,0,,249,77.07,2490
U01214,2025-09-29,Free,UK,Content,Startup,8,1,4,2,0,0,,0,43.52,0
U01215,2025-01-07,Free,US,Paid Search,SMB,8,3,1,1,0,0,,0,113.5,0
U01216,2025-03-13,Pro,US,Referral,Startup,9,3,2,4,1,1,2025-05-09,79,32.75,158
U01217,2025-04-24,Pro,Canada,Organic,Startup,11,4,0,6,0,0,,79,49.34,948
U01218,2025-06-29,Free,US,Paid Search,Mid-Market,14,3,1,2,0,0,,0,77.84,0
U01219,2025-03-07,Business,India,Organic,SMB,14,11,0,5,1,0,,249,29.32,2241
U01220,2025-07-10,Pro,US,Referral,SMB,19,10,1,4,1,0,,79,36.89,790
U01221,2025-02-22,Pro,UK,Content,Mid-Market,8,9,0,1,0,0,,79,25.13,711
U01222,2025-09-30,Business,India,Organic,Startup,18,7,1,12,1,0,,249,38.83,2739
U01223,2025-10-08,Business,US,Referral,Startup,9,9,0,8,1,1,2026-03-26,249,37.37,1494
U01224,2025-01-28,Free,US,Organic,SMB,15,5,0,3,0,0,,0,23.27,0
U01225,2025-07-02,Business,India,Partner,Mid-Market,17,8,2,8,1,0,,249,85.82,2988
U01226,2025-08-30,Pro,Germany,Organic,SMB,14,4,1,4,0,0,,79,21.42,948
U01227,2025-04-16,Business,India,Referral,Enterprise,10,10,0,7,0,0,,249,26.61,2490
U01228,2025-07-25,Free,US,Organic,Startup,10,2,0,2,1,1,2026-02-13,0,27.66,0
U01229,2025-08-29,Pro,Canada,Paid Search,Startup,8,8,0,6,0,0,,79,94.84,790
U01230,2025-09-16,Free,India,Paid Search,Startup,7,4,1,2,0,0,,0,83.19,0
U01231,2025-06-24,Free,US,Referral,Startup,6,5,1,3,0,1,2026-01-28,0,29.94,0
U01232,2025-07-02,Business,India,Organic,Mid-Market,13,6,3,5,1,1,2025-11-25,249,31.24,1245
U01233,2025-02-12,Free,Canada,Content,Startup,5,2,2,2,0,0,,0,35.92,0
U01234,2025-05-17,Pro,Canada,Organic,Enterprise,9,5,1,3,0,0,,79,46.04,869
U01235,2025-08-06,Pro,Germany,Content,Enterprise,19,4,0,4,1,1,2026-06-15,79,27.12,790
U01236,2025-08-27,Free,India,Paid Search,Mid-Market,9,1,3,3,0,0,,0,119.65,0
U01237,2025-04-15,Free,Germany,Organic,Mid-Market,4,5,1,4,0,0,,0,35.58,0
U01238,2025-03-27,Free,India,Content,Startup,12,5,1,2,1,0,,0,36.75,0
U01239,2025-08-02,Pro,Australia,Content,Enterprise,12,5,1,4,0,0,,79,31.43,711
U01240,2025-01-17,Pro,US,Organic,SMB,19,8,1,3,0,0,,79,29.29,1027
U01241,2025-03-06,Free,US,Paid Search,SMB,11,3,0,5,0,0,,0,113.4,0
U01242,2025-08-13,Free,Australia,Paid Search,Mid-Market,7,3,0,3,1,1,2026-05-23,0,79.64,0
U01243,2025-07-22,Free,Germany,Content,Startup,11,3,2,3,0,0,,0,45.42,0
U01244,2025-09-01,Pro,India,Organic,Startup,9,3,1,2,0,0,,79,44.8,790
U01245,2025-08-21,Business,India,Paid Search,SMB,18,7,1,7,0,0,,249,102.79,1992
U01246,2025-09-06,Pro,US,Referral,Startup,10,5,2,4,1,0,,79,27.32,711
U01247,2025-04-07,Free,US,Organic,SMB,8,4,2,2,0,1,2025-08-01,0,13.46,0
U01248,2025-05-15,Pro,India,Content,Startup,12,9,0,4,1,0,,79,50.13,1027
U01249,2025-07-02,Free,India,Content,Mid-Market,7,3,1,2,0,1,2025-09-08,0,29.59,0
U01250,2025-08-08,Pro,India,Paid Search,SMB,16,4,1,4,1,0,,79,117.81,790
U01251,2025-04-24,Free,Germany,Organic,Enterprise,8,5,3,2,0,1,2026-01-05,0,47.55,0
U01252,2025-08-03,Free,US,Paid Search,Startup,6,4,1,4,0,1,2025-10-01,0,73.7,0
U01253,2025-02-23,Free,India,Partner,Startup,8,1,2,2,0,0,,0,46.74,0
U01254,2025-03-28,Free,US,Organic,Startup,12,4,0,2,0,0,,0,38.86,0
U01255,2025-07-20,Pro,UK,Content,SMB,12,5,2,2,1,0,,79,34.13,790
U01256,2025-08-18,Pro,Germany,Referral,Startup,15,9,2,4,0,0,,79,34.89,711
U01257,2025-01-23,Free,India,Content,Startup,6,1,0,4,0,0,,0,24.15,0
U01258,2025-10-17,Pro,India,Content,Startup,17,6,1,10,1,0,,79,25.32,948
U01259,2025-08-25,Business,US,Partner,Startup,13,8,0,6,0,0,,249,77.32,2241
U01260,2025-04-16,Pro,US,Paid Search,SMB,10,1,2,2,1,1,2025-11-14,79,108.89,553
U01261,2025-07-15,Free,Germany,Organic,Startup,5,3,6,1,0,1,2025-10-05,0,20.09,0
U01262,2025-03-24,Pro,Australia,Organic,SMB,22,8,0,2,0,0,,79,20.6,1106
U01263,2025-02-03,Free,India,Content,SMB,9,6,3,4,0,1,2025-03-10,0,28.93,0
U01264,2025-06-25,Pro,UK,Referral,Mid-Market,8,11,5,6,0,0,,79,40.61,1106
U01265,2025-09-26,Free,India,Organic,SMB,7,3,0,3,0,1,2026-04-23,0,26.21,0
U01266,2025-09-21,Free,Canada,Paid Search,SMB,10,2,1,4,0,0,,0,119.82,0
U01267,2025-01-24,Pro,UK,Content,Startup,9,4,0,4,0,0,,79,53.48,869
U01268,2025-07-02,Pro,India,Paid Search,SMB,11,7,0,3,1,0,,79,79.54,632
U01269,2025-01-23,Pro,US,Partner,Enterprise,9,7,1,2,1,0,,79,81.78,948
U01270,2025-10-19,Free,Germany,Organic,Startup,10,3,2,1,0,1,2026-06-26,0,23.07,0
U01271,2025-05-04,Pro,US,Paid Search,Mid-Market,6,4,0,3,0,0,,79,61.96,790
U01272,2025-10-04,Free,Canada,Paid Search,Startup,5,2,2,2,0,1,2026-08-21,0,79.58,0
U01273,2025-06-03,Pro,US,Organic,Mid-Market,10,3,0,2,1,0,,79,39.76,869
U01274,2025-08-02,Pro,India,Organic,SMB,13,3,1,5,0,0,,79,38.59,790
U01275,2025-01-05,Business,Germany,Paid Search,Startup,12,8,1,7,0,0,,249,102.75,3486
U01276,2025-08-01,Free,Germany,Content,Mid-Market,7,4,1,2,0,1,2025-12-18,0,24.68,0
U01277,2025-06-29,Free,Germany,Content,SMB,15,3,1,3,0,0,,0,21.05,0
U01278,2025-02-23,Pro,UK,Referral,Enterprise,17,4,1,5,0,0,,79,44.64,869
U01279,2025-05-15,Free,US,Paid Search,SMB,9,2,2,2,0,1,2026-02-28,0,83.85,0
U01280,2025-04-13,Free,India,Content,SMB,5,2,1,4,0,0,,0,30.15,0
U01281,2025-01-10,Business,India,Organic,Startup,8,10,0,6,0,0,,249,19.43,2241
U01282,2025-09-01,Free,India,Partner,Mid-Market,7,1,3,3,0,1,2026-02-24,0,52.44,0
U01283,2025-07-22,Pro,UK,Organic,Enterprise,11,8,2,1,0,0,,79,32.36,948
U01284,2025-05-01,Free,India,Content,Startup,9,2,1,2,0,0,,0,34.01,0
U01285,2025-04-02,Pro,Germany,Partner,Mid-Market,7,6,1,7,0,0,,79,71.36,790
U01286,2025-03-10,Free,India,Organic,SMB,7,2,4,4,0,1,2025-09-22,0,34.37,0
U01287,2025-08-17,Pro,US,Organic,SMB,11,6,0,2,0,0,,79,46.5,1027
U01288,2025-01-19,Pro,UK,Paid Search,Mid-Market,8,4,0,5,0,0,,79,91.6,1106
U01289,2025-06-04,Pro,Canada,Referral,SMB,9,5,1,5,0,1,2025-08-31,79,39.52,237
U01290,2025-03-08,Pro,Germany,Referral,Mid-Market,15,5,0,5,1,1,2025-07-19,79,38.0,316
U01291,2025-01-24,Business,US,Organic,Startup,15,6,3,9,1,0,,249,44.59,2241
U01292,2025-06-23,Free,India,Organic,Mid-Market,6,2,2,2,0,1,2025-07-28,0,29.91,0
U01293,2025-03-25,Pro,US,Organic,SMB,13,8,2,5,0,0,,79,48.85,790
U01294,2025-10-05,Free,US,Paid Search,Mid-Market,13,2,2,2,0,0,,0,96.28,0
U01295,2025-08-01,Free,UK,Referral,Mid-Market,7,2,3,2,0,1,2025-11-03,0,35.6,0
U01296,2025-04-28,Pro,US,Paid Search,SMB,9,6,1,6,1,0,,79,125.84,711
U01297,2025-10-23,Free,US,Organic,Startup,10,5,2,2,0,0,,0,48.72,0
U01298,2025-08-25,Free,India,Referral,Startup,8,1,0,1,0,0,,0,27.46,0
U01299,2025-05-30,Pro,Canada,Referral,SMB,14,7,1,3,0,0,,79,44.82,790
U01300,2025-02-08,Free,Canada,Organic,SMB,7,2,0,4,0,0,,0,40.04,0
U01301,2025-01-24,Free,India,Organic,SMB,5,4,1,1,0,0,,0,40.8,0
U01302,2025-09-04,Business,US,Referral,Startup,15,9,3,10,1,1,2026-03-09,249,32.57,1494
U01303,2025-05-22,Pro,Germany,Referral,Mid-Market,9,5,3,5,1,0,,79,26.61,711
U01304,2025-10-06,Free,UK,Content,SMB,5,5,4,2,0,0,,0,31.12,0
U01305,2025-05-25,Pro,UK,Content,SMB,16,7,0,7,0,1,2025-12-26,79,29.73,553
U01306,2025-05-31,Pro,Germany,Paid Search,SMB,11,5,4,5,1,1,2025-10-09,79,99.54,316
U01307,2025-09-05,Business,UK,Content,SMB,8,8,1,10,1,0,,249,23.05,2988
U01308,2025-05-17,Pro,US,Paid Search,SMB,10,4,0,4,0,0,,79,107.47,790
U01309,2025-06-05,Free,US,Referral,SMB,7,7,1,3,0,0,,0,31.05,0
U01310,2025-09-30,Business,US,Organic,Mid-Market,14,9,0,9,0,0,,249,27.08,2988
U01311,2025-03-13,Free,Germany,Partner,Startup,7,1,0,4,0,0,,0,66.12,0
U01312,2025-03-10,Free,US,Referral,Startup,7,3,2,4,1,1,2025-09-27,0,37.27,0
U01313,2025-10-06,Free,India,Partner,Enterprise,6,3,4,4,0,1,2026-08-20,0,72.13,0
U01314,2025-10-04,Free,India,Paid Search,SMB,3,5,1,4,0,0,,0,110.01,0
U01315,2025-10-22,Free,US,Organic,Mid-Market,15,3,0,1,0,0,,0,37.07,0
U01316,2025-10-03,Pro,India,Content,SMB,17,6,2,2,0,1,2026-06-21,79,40.03,711
U01317,2025-01-06,Free,UK,Paid Search,Mid-Market,7,3,3,4,1,0,,0,70.0,0
U01318,2025-10-15,Business,US,Content,SMB,13,11,0,6,1,0,,249,18.63,2241
U01319,2025-02-16,Free,India,Partner,Startup,5,4,1,2,0,0,,0,101.55,0
U01320,2025-09-25,Free,India,Content,Enterprise,9,2,3,1,0,0,,0,16.75,0
U01321,2025-07-27,Free,Germany,Organic,SMB,12,5,3,3,0,1,2025-09-16,0,31.24,0
U01322,2025-06-07,Business,US,Referral,SMB,9,11,1,9,0,0,,249,46.32,2241
U01323,2025-05-17,Pro,India,Referral,Mid-Market,17,7,1,7,0,0,,79,48.26,1027
U01324,2025-07-24,Free,US,Organic,SMB,16,5,0,1,0,0,,0,43.49,0
U01325,2025-07-15,Free,Canada,Organic,Mid-Market,6,4,2,2,1,0,,0,29.13,0
U01326,2025-06-09,Pro,India,Referral,Mid-Market,9,7,0,3,1,0,,79,23.93,1027
U01327,2025-01-25,Business,India,Referral,Startup,15,11,3,6,1,0,,249,45.76,1992
U01328,2025-04-01,Free,UK,Partner,Mid-Market,10,4,1,3,0,1,2025-06-20,0,64.67,0
U01329,2025-02-23,Pro,US,Organic,Enterprise,13,7,1,5,1,0,,79,35.69,1106
U01330,2025-10-25,Pro,Canada,Referral,Startup,16,5,0,7,0,0,,79,19.08,1106
U01331,2025-09-10,Free,India,Paid Search,Startup,14,3,0,2,1,1,2026-06-22,0,80.46,0
U01332,2025-01-08,Pro,Germany,Paid Search,SMB,9,6,2,5,0,0,,79,92.34,869
U01333,2025-07-07,Business,India,Organic,SMB,16,6,1,7,0,0,,249,42.93,2241
U01334,2025-03-17,Pro,UK,Paid Search,Startup,18,4,0,4,1,1,2025-09-29,79,116.14,553
U01335,2025-06-01,Pro,UK,Organic,Startup,17,4,0,2,0,0,,79,22.27,948
U01336,2025-10-06,Free,UK,Content,Startup,10,1,2,2,0,0,,0,34.83,0
U01337,2025-06-26,Free,US,Content,SMB,11,4,0,2,0,0,,0,46.21,0
U01338,2025-10-13,Pro,India,Organic,SMB,21,6,1,5,0,0,,79,31.24,711
U01339,2025-04-08,Pro,Germany,Referral,Mid-Market,10,6,2,1,0,0,,79,53.83,1027
U01340,2025-03-25,Pro,India,Referral,Enterprise,7,5,3,4,0,0,,79,27.22,1027
U01341,2025-09-10,Pro,UK,Organic,Mid-Market,16,6,0,5,0,0,,79,42.53,790
U01342,2025-10-27,Free,Canada,Paid Search,Mid-Market,8,2,2,1,0,0,,0,105.74,0
U01343,2025-07-16,Pro,Germany,Referral,Startup,13,9,1,2,0,0,,79,30.54,790
U01344,2025-09-01,Free,US,Content,Mid-Market,7,2,0,2,0,1,2026-03-01,0,31.08,0
U01345,2025-05-01,Free,Australia,Partner,SMB,13,1,3,5,0,1,2025-08-26,0,80.7,0
U01346,2025-08-22,Free,US,Paid Search,SMB,11,3,0,4,0,1,2026-01-10,0,112.88,0
U01347,2025-02-23,Free,UK,Content,Mid-Market,5,2,1,1,1,0,,0,35.85,0
U01348,2025-06-21,Free,US,Referral,SMB,13,3,2,1,0,1,2026-03-17,0,41.32,0
U01349,2025-08-12,Business,UK,Organic,Enterprise,18,7,0,4,1,0,,249,33.93,2739
U01350,2025-04-29,Free,Australia,Partner,Mid-Market,13,2,1,4,1,0,,0,95.97,0
U01351,2025-03-24,Free,Germany,Partner,Startup,16,4,5,3,0,1,2025-12-08,0,74.93,0
U01352,2025-01-03,Pro,UK,Paid Search,Mid-Market,11,10,1,5,0,0,,79,114.05,1106
U01353,2025-05-19,Free,US,Paid Search,SMB,9,4,1,6,0,1,2025-10-14,0,115.01,0
U01354,2025-04-20,Free,India,Organic,SMB,13,1,5,4,0,1,2026-03-01,0,22.02,0
U01355,2025-07-17,Business,Canada,Partner,Startup,22,7,2,7,0,0,,249,70.44,2490
U01356,2025-04-23,Pro,India,Organic,Startup,13,6,5,2,0,0,,79,32.61,948
U01357,2025-08-03,Free,US,Organic,Startup,3,5,0,2,0,1,2026-05-16,0,43.27,0
U01358,2025-01-25,Free,India,Referral,SMB,10,1,1,4,0,1,2025-03-26,0,46.34,0
U01359,2025-10-25,Free,India,Partner,SMB,9,2,0,3,0,0,,0,80.93,0
U01360,2025-01-26,Free,US,Content,Startup,9,6,0,2,0,0,,0,29.45,0
U01361,2025-04-17,Free,US,Organic,Enterprise,8,5,2,3,0,0,,0,24.8,0
U01362,2025-03-21,Free,US,Organic,Startup,10,4,1,2,0,1,2025-05-25,0,40.96,0
U01363,2025-08-28,Pro,Germany,Referral,Mid-Market,13,6,4,3,1,0,,79,37.5,1106
U01364,2025-05-29,Business,India,Paid Search,Mid-Market,22,13,1,5,1,0,,249,105.83,2988
U01365,2025-08-14,Free,Australia,Organic,Startup,8,4,2,3,0,1,2026-01-02,0,28.68,0
U01366,2025-08-21,Free,UK,Referral,SMB,6,2,0,3,0,0,,0,39.35,0
U01367,2025-07-14,Free,India,Content,Startup,8,6,1,2,0,0,,0,38.21,0
U01368,2025-06-26,Business,US,Referral,SMB,14,8,0,4,1,0,,249,35.44,2988
U01369,2025-06-03,Free,US,Referral,Mid-Market,9,3,0,3,0,0,,0,42.93,0
U01370,2025-06-12,Free,UK,Paid Search,SMB,4,1,1,3,0,1,2025-12-09,0,79.1,0
U01371,2025-08-21,Free,US,Organic,Startup,7,2,0,3,0,1,2026-04-27,0,45.73,0
U01372,2025-08-27,Pro,Canada,Paid Search,SMB,10,7,0,5,0,0,,79,47.48,948
U01373,2025-05-17,Pro,India,Content,Startup,10,5,1,4,0,0,,79,38.39,790
U01374,2025-09-12,Free,US,Referral,SMB,12,3,1,3,0,1,2026-02-13,0,48.83,0
U01375,2025-01-06,Pro,US,Partner,SMB,16,5,1,5,1,0,,79,77.34,790
U01376,2025-05-12,Free,US,Content,SMB,10,3,1,1,0,1,2025-08-26,0,38.3,0
U01377,2025-07-26,Pro,India,Partner,Enterprise,12,5,3,4,0,0,,79,79.4,790
U01378,2025-07-02,Free,UK,Content,Startup,10,3,1,4,0,1,2026-01-09,0,36.54,0
U01379,2025-05-03,Free,India,Content,Startup,5,5,0,2,0,0,,0,39.05,0
U01380,2025-10-04,Pro,Canada,Organic,Startup,10,5,0,4,0,0,,79,26.69,948
U01381,2025-01-20,Free,Australia,Partner,SMB,11,1,2,1,0,1,2025-09-19,0,71.52,0
U01382,2025-01-24,Pro,UK,Organic,Startup,19,8,1,5,0,0,,79,29.09,711
U01383,2025-05-21,Pro,US,Paid Search,Mid-Market,8,8,0,4,1,0,,79,56.98,790
U01384,2025-07-02,Free,Germany,Organic,Startup,3,1,0,2,0,1,2026-05-10,0,22.41,0
U01385,2025-05-04,Free,UK,Organic,Mid-Market,11,1,2,3,0,0,,0,45.36,0
U01386,2025-08-21,Free,India,Organic,Startup,14,4,3,1,0,1,2026-04-01,0,29.78,0
U01387,2025-07-13,Free,US,Partner,SMB,10,3,0,1,0,1,2025-09-09,0,42.35,0
U01388,2025-05-09,Free,US,Content,SMB,13,4,2,2,0,1,2025-10-08,0,32.77,0
U01389,2025-03-28,Free,UK,Partner,Startup,12,2,0,1,1,0,,0,58.76,0
U01390,2025-08-13,Free,India,Paid Search,SMB,18,5,1,2,0,1,2025-11-25,0,84.78,0
U01391,2025-05-28,Pro,India,Organic,SMB,11,11,2,6,1,0,,79,38.95,711
U01392,2025-09-10,Pro,US,Paid Search,Enterprise,11,5,2,2,0,0,,79,55.86,790
U01393,2025-03-03,Free,India,Partner,SMB,7,3,3,2,0,1,2025-10-13,0,60.42,0
U01394,2025-08-18,Pro,Canada,Organic,SMB,14,5,1,9,0,0,,79,24.83,1106
U01395,2025-07-31,Free,India,Referral,SMB,8,4,1,2,0,1,2025-12-06,0,27.43,0
U01396,2025-06-11,Free,India,Organic,SMB,12,4,0,4,0,1,2025-10-13,0,49.19,0
U01397,2025-10-13,Pro,India,Paid Search,Startup,10,8,0,2,1,1,2026-02-14,79,107.72,316
U01398,2025-08-06,Pro,Canada,Organic,SMB,7,6,1,5,0,1,2026-02-28,79,46.71,553
U01399,2025-10-06,Free,US,Paid Search,SMB,9,6,1,2,0,0,,0,117.35,0
U01400,2025-08-01,Pro,India,Content,Mid-Market,13,5,0,5,1,0,,79,23.52,948
U01401,2025-03-29,Pro,US,Paid Search,Mid-Market,12,1,1,5,1,0,,79,97.27,869
U01402,2025-04-26,Pro,India,Organic,SMB,15,6,0,3,1,1,2026-01-12,79,27.28,711
U01403,2025-09-23,Business,US,Paid Search,Mid-Market,24,5,1,5,0,1,2026-02-12,249,122.89,1245
U01404,2025-01-07,Free,India,Paid Search,Mid-Market,11,3,2,4,0,0,,0,131.45,0
U01405,2025-10-02,Pro,US,Content,Enterprise,13,7,1,3,1,0,,79,12.16,948
U01406,2025-10-12,Free,India,Paid Search,Startup,13,3,2,4,0,1,2026-08-19,0,111.4,0
U01407,2025-09-09,Free,Germany,Paid Search,Enterprise,8,3,1,2,0,0,,0,83.28,0
U01408,2025-05-21,Pro,US,Paid Search,Enterprise,12,6,1,3,0,1,2026-04-10,79,91.28,869
U01409,2025-07-26,Business,Australia,Referral,Startup,9,10,0,8,1,0,,249,21.18,2490
U01410,2025-03-31,Free,India,Organic,SMB,5,5,1,2,1,0,,0,17.57,0
U01411,2025-02-24,Free,India,Paid Search,Mid-Market,8,4,3,3,0,1,2025-09-18,0,91.78,0
U01412,2025-03-17,Pro,UK,Referral,Mid-Market,11,6,1,2,0,1,2025-09-11,79,37.0,474
U01413,2025-09-26,Free,India,Content,SMB,7,2,4,1,0,0,,0,27.8,0
U01414,2025-04-30,Free,US,Organic,Startup,5,1,3,2,0,1,2025-08-25,0,23.85,0
U01415,2025-08-03,Free,India,Referral,Mid-Market,7,6,2,3,1,1,2026-06-14,0,27.58,0
U01416,2025-06-23,Free,US,Organic,Startup,8,4,2,2,0,0,,0,42.72,0
U01417,2025-10-24,Free,Canada,Referral,SMB,7,4,1,1,0,1,2026-05-11,0,24.74,0
U01418,2025-06-05,Free,US,Paid Search,Startup,6,5,1,2,0,1,2026-02-11,0,99.64,0
U01419,2025-05-13,Free,India,Content,Startup,7,2,5,2,0,1,2025-11-26,0,38.61,0
U01420,2025-04-25,Free,India,Organic,Enterprise,13,4,1,3,0,0,,0,19.59,0
U01421,2025-07-22,Pro,India,Paid Search,Mid-Market,11,3,0,3,0,0,,79,88.44,711
U01422,2025-01-24,Free,India,Organic,Startup,6,1,5,2,0,1,2025-08-03,0,45.63,0
U01423,2025-10-17,Free,India,Organic,SMB,10,5,1,1,0,1,2026-06-05,0,29.08,0
U01424,2025-10-22,Pro,India,Referral,Startup,14,7,2,2,0,1,2026-05-03,79,43.58,474
U01425,2025-01-31,Business,Germany,Referral,SMB,9,9,1,3,1,0,,249,23.87,2988
U01426,2025-01-05,Business,UK,Partner,Mid-Market,21,8,3,10,1,0,,249,42.66,2241
U01427,2025-09-21,Free,US,Referral,SMB,13,3,0,4,0,0,,0,34.41,0
U01428,2025-10-03,Free,US,Partner,Startup,6,4,1,4,0,1,2026-08-12,0,97.63,0
U01429,2025-05-19,Pro,US,Partner,Startup,11,1,0,6,1,0,,79,78.56,948
U01430,2025-01-10,Pro,US,Content,Enterprise,14,6,1,5,0,0,,79,42.18,790
U01431,2025-01-31,Pro,Australia,Organic,Startup,9,4,1,4,0,1,2025-04-20,79,49.16,237
U01432,2025-06-01,Free,India,Paid Search,Mid-Market,10,1,1,3,0,0,,0,85.21,0
U01433,2025-10-11,Business,India,Partner,Mid-Market,20,8,0,9,1,0,,249,57.51,2739
U01434,2025-08-24,Pro,India,Organic,SMB,13,5,1,6,0,0,,79,48.62,711
U01435,2025-01-09,Pro,India,Organic,SMB,15,9,1,1,1,0,,79,29.85,1027
U01436,2025-07-19,Free,India,Referral,SMB,8,6,0,2,0,0,,0,34.73,0
U01437,2025-08-31,Free,India,Paid Search,SMB,8,6,1,3,0,0,,0,80.49,0
U01438,2025-07-31,Pro,Australia,Paid Search,SMB,10,3,1,3,1,0,,79,108.26,948
U01439,2025-05-11,Free,US,Partner,Enterprise,7,3,2,1,1,1,2025-09-14,0,87.37,0
U01440,2025-01-30,Free,UK,Paid Search,SMB,6,2,1,1,0,0,,0,82.3,0
U01441,2025-08-08,Free,US,Paid Search,Mid-Market,11,4,1,4,0,0,,0,72.46,0
U01442,2025-09-17,Free,Canada,Organic,SMB,9,2,1,3,0,0,,0,22.05,0
U01443,2025-06-13,Pro,Australia,Organic,Mid-Market,11,6,1,5,1,0,,79,48.67,790
U01444,2025-07-14,Pro,Australia,Paid Search,Mid-Market,11,6,3,5,1,1,2026-02-03,79,120.48,553
U01445,2025-01-31,Free,India,Referral,Startup,9,4,0,3,0,0,,0,55.46,0
U01446,2025-10-10,Free,Canada,Content,Mid-Market,7,2,3,2,1,1,2026-01-09,0,34.77,0
U01447,2025-04-18,Free,India,Referral,SMB,3,4,0,3,0,0,,0,23.62,0
U01448,2025-10-26,Free,US,Referral,Startup,7,3,3,3,0,1,2026-02-06,0,43.68,0
U01449,2025-02-16,Free,Australia,Paid Search,Mid-Market,7,5,3,4,0,0,,0,115.22,0
U01450,2025-08-15,Free,India,Partner,Startup,10,6,1,4,0,1,2025-10-17,0,54.61,0
U01451,2025-08-14,Free,India,Paid Search,Mid-Market,7,4,0,4,0,1,2026-04-08,0,87.7,0
U01452,2025-08-30,Free,India,Organic,Startup,9,3,2,1,0,1,2026-04-17,0,44.67,0
U01453,2025-03-22,Business,US,Paid Search,Startup,13,11,3,12,0,1,2025-09-20,249,89.82,1494
U01454,2025-10-16,Free,Canada,Paid Search,SMB,11,4,0,2,0,0,,0,65.63,0
U01455,2025-05-04,Free,Canada,Content,Enterprise,8,4,0,4,0,0,,0,40.66,0
U01456,2025-08-04,Pro,India,Organic,Mid-Market,16,6,1,4,0,0,,79,39.53,711
U01457,2025-01-25,Pro,US,Paid Search,Startup,9,5,0,6,0,0,,79,116.69,948
U01458,2025-07-03,Pro,Canada,Organic,SMB,9,2,0,5,0,0,,79,50.85,711
U01459,2025-03-18,Free,US,Partner,Mid-Market,12,4,1,4,0,0,,0,71.23,0
U01460,2025-06-08,Free,US,Content,Startup,7,2,2,1,0,1,2026-04-29,0,32.87,0
U01461,2025-08-10,Free,US,Organic,SMB,12,1,0,3,0,0,,0,22.04,0
U01462,2025-06-06,Pro,India,Paid Search,Startup,16,7,3,1,0,1,2026-02-28,79,127.9,711
U01463,2025-01-22,Pro,India,Content,Startup,9,6,0,7,0,0,,79,35.42,790
U01464,2025-07-11,Free,US,Paid Search,Mid-Market,8,2,1,2,1,0,,0,76.65,0
U01465,2025-04-18,Business,Canada,Paid Search,SMB,19,7,0,4,1,0,,249,72.52,3237
U01466,2025-07-07,Business,India,Content,Startup,15,8,1,11,1,0,,249,38.7,2490
U01467,2025-07-25,Free,US,Paid Search,Startup,4,3,1,2,1,1,2025-12-02,0,82.06,0
U01468,2025-01-01,Free,UK,Paid Search,Mid-Market,13,4,1,3,0,0,,0,89.04,0
U01469,2025-03-25,Business,India,Organic,Startup,19,8,1,8,1,0,,249,36.61,2490
U01470,2025-02-14,Free,UK,Content,SMB,6,2,3,1,0,0,,0,28.4,0
U01471,2025-07-27,Pro,US,Partner,Mid-Market,14,7,0,4,1,0,,79,52.17,1027
U01472,2025-05-06,Free,UK,Content,Mid-Market,10,1,1,2,1,0,,0,30.0,0
U01473,2025-01-30,Free,India,Paid Search,Mid-Market,6,2,1,2,0,1,2025-10-27,0,120.9,0
U01474,2025-03-28,Pro,UK,Content,SMB,18,10,0,5,1,0,,79,44.06,790
U01475,2025-10-14,Free,India,Paid Search,Mid-Market,10,2,0,1,1,0,,0,105.64,0
U01476,2025-07-22,Free,Canada,Paid Search,SMB,12,3,1,1,0,1,2026-05-12,0,68.97,0
U01477,2025-04-29,Free,UK,Organic,Startup,7,4,3,3,0,1,2025-11-18,0,40.55,0
U01478,2025-10-25,Free,UK,Referral,Enterprise,6,2,0,2,0,0,,0,31.96,0
U01479,2025-07-22,Pro,India,Paid Search,Mid-Market,10,3,1,4,0,0,,79,73.28,869
U01480,2025-03-21,Free,Australia,Referral,SMB,7,2,3,2,0,1,2025-08-15,0,44.76,0
U01481,2025-02-17,Free,India,Organic,Mid-Market,11,2,2,2,0,0,,0,43.38,0
U01482,2025-09-01,Business,India,Referral,SMB,14,6,0,6,0,0,,249,15.88,2739
U01483,2025-04-03,Free,US,Content,Enterprise,10,2,4,1,0,0,,0,23.3,0
U01484,2025-04-22,Pro,India,Paid Search,Startup,10,5,2,3,0,0,,79,88.74,869
U01485,2025-03-17,Free,India,Organic,SMB,5,6,2,4,0,0,,0,32.34,0
U01486,2025-08-06,Business,India,Referral,SMB,17,10,1,9,0,0,,249,30.74,3237
U01487,2025-02-13,Pro,India,Organic,Startup,12,8,2,5,0,0,,79,27.25,948
U01488,2025-01-27,Free,India,Organic,Enterprise,7,4,0,3,0,0,,0,26.8,0
U01489,2025-06-25,Business,Germany,Partner,SMB,11,8,1,9,0,1,2025-08-09,249,87.9,498
U01490,2025-07-07,Free,UK,Referral,Mid-Market,8,3,1,2,0,1,2026-02-09,0,10.63,0
U01491,2025-07-11,Free,Germany,Content,Startup,10,3,2,1,1,0,,0,46.45,0
U01492,2025-06-06,Free,US,Organic,Startup,4,1,3,1,0,1,2025-08-20,0,32.28,0
U01493,2025-03-16,Free,Germany,Partner,Mid-Market,9,2,2,4,0,0,,0,79.02,0
U01494,2025-09-06,Pro,Australia,Referral,Mid-Market,7,8,2,2,0,0,,79,37.32,790
U01495,2025-10-22,Free,India,Organic,SMB,11,4,1,3,1,1,2026-08-29,0,28.59,0
U01496,2025-02-05,Free,US,Referral,SMB,10,5,0,3,0,1,2025-12-02,0,25.17,0
U01497,2025-04-03,Free,Canada,Paid Search,Startup,8,4,3,2,0,1,2026-01-19,0,73.95,0
U01498,2025-06-06,Business,US,Paid Search,Mid-Market,18,12,0,13,1,0,,249,110.37,3486
U01499,2025-05-06,Free,US,Organic,Startup,6,4,5,2,0,0,,0,51.09,0
U01500,2025-09-17,Free,India,Paid Search,Enterprise,12,1,0,2,0,0,,0,98.2,0
U01501,2025-10-17,Pro,Australia,Organic,SMB,17,9,1,3,1,0,,79,30.45,1027
U01502,2025-07-28,Pro,Germany,Content,Mid-Market,6,7,0,4,0,0,,79,34.96,948
U01503,2025-04-30,Free,Canada,Organic,SMB,7,4,2,1,0,0,,0,33.79,0
U01504,2025-02-18,Free,Germany,Referral,Startup,9,3,1,2,0,1,2025-09-05,0,23.26,0
U01505,2025-08-13,Pro,US,Referral,SMB,10,6,0,7,1,0,,79,33.66,711
U01506,2025-09-14,Pro,India,Organic,Mid-Market,14,6,1,1,0,0,,79,51.34,711
U01507,2025-10-16,Business,UK,Organic,Startup,23,7,2,6,1,0,,249,36.5,2490
U01508,2025-03-11,Free,Canada,Paid Search,SMB,7,4,1,1,0,0,,0,104.99,0
U01509,2025-07-06,Free,India,Organic,Startup,10,5,2,1,0,0,,0,33.09,0
U01510,2025-01-23,Pro,India,Referral,SMB,14,6,1,3,0,0,,79,36.16,790
U01511,2025-10-13,Pro,US,Referral,Mid-Market,21,9,2,4,0,0,,79,22.99,1106
U01512,2025-01-26,Free,Canada,Content,SMB,10,4,1,3,0,0,,0,38.46,0
U01513,2025-08-26,Business,Australia,Paid Search,SMB,16,7,1,3,1,0,,249,143.82,3486
U01514,2025-08-24,Free,Australia,Referral,Startup,10,4,2,1,0,0,,0,13.39,0
U01515,2025-05-18,Free,US,Paid Search,Startup,9,4,1,3,0,1,2025-09-02,0,100.9,0
U01516,2025-09-10,Pro,India,Paid Search,SMB,8,9,2,3,0,0,,79,90.49,790
U01517,2025-01-19,Free,US,Referral,Startup,4,4,1,2,0,0,,0,43.23,0
U01518,2025-09-22,Business,India,Organic,Startup,22,9,0,10,1,0,,249,30.48,3237
U01519,2025-04-18,Free,Canada,Referral,Startup,5,1,0,1,0,1,2025-07-20,0,21.6,0
U01520,2025-08-15,Free,India,Partner,Startup,6,5,2,4,0,1,2026-04-06,0,66.95,0
U01521,2025-02-07,Free,India,Content,SMB,12,1,4,3,0,1,2025-08-05,0,14.93,0
U01522,2025-09-26,Pro,Australia,Paid Search,Startup,11,4,2,2,0,0,,79,74.32,1027
U01523,2025-02-16,Business,US,Paid Search,Mid-Market,13,9,0,5,1,0,,249,96.04,3237
U01524,2025-10-06,Business,UK,Organic,SMB,12,9,3,8,0,0,,249,30.71,2739
U01525,2025-03-30,Pro,India,Paid Search,Mid-Market,11,8,0,3,1,0,,79,103.08,869
U01526,2025-06-11,Pro,UK,Partner,SMB,11,7,0,6,1,1,2026-03-16,79,84.32,711
U01527,2025-07-26,Free,US,Referral,Enterprise,8,2,2,5,0,0,,0,25.65,0
U01528,2025-07-09,Free,Canada,Content,SMB,8,4,2,3,0,0,,0,37.91,0
U01529,2025-06-17,Free,India,Organic,Startup,11,2,2,3,1,1,2025-09-12,0,33.65,0
U01530,2025-10-14,Free,US,Referral,Startup,6,5,2,1,0,0,,0,55.53,0
U01531,2025-06-30,Free,Canada,Referral,Mid-Market,10,3,3,2,0,1,2025-11-10,0,26.15,0
U01532,2025-06-04,Free,India,Partner,SMB,6,2,1,3,0,0,,0,70.15,0
U01533,2025-01-23,Business,India,Organic,Startup,17,8,0,6,0,0,,249,30.27,2739
U01534,2025-03-14,Free,US,Organic,Startup,5,1,1,1,0,1,2025-10-27,0,45.41,0
U01535,2025-05-18,Free,India,Organic,SMB,10,1,2,1,0,0,,0,36.07,0
U01536,2025-10-09,Free,UK,Paid Search,SMB,8,2,1,1,0,1,2026-04-07,0,82.44,0
U01537,2025-06-06,Pro,US,Paid Search,SMB,6,7,0,2,0,0,,79,76.19,1106
U01538,2025-01-16,Free,Australia,Referral,Startup,4,7,3,2,0,0,,0,40.03,0
U01539,2025-03-04,Pro,India,Referral,Startup,17,7,1,4,0,1,2025-11-22,79,41.29,711
U01540,2025-06-25,Business,US,Organic,Startup,13,9,1,9,0,0,,249,39.78,2490
U01541,2025-02-12,Pro,US,Referral,Mid-Market,11,5,0,1,0,0,,79,45.43,632
U01542,2025-10-06,Pro,Australia,Content,SMB,11,6,0,4,0,0,,79,34.27,948
U01543,2025-03-03,Business,India,Organic,Mid-Market,12,9,0,10,1,0,,249,37.01,3237
U01544,2025-08-12,Free,US,Referral,Mid-Market,8,2,1,3,0,0,,0,42.47,0
U01545,2025-08-15,Free,Canada,Partner,SMB,11,1,1,2,0,0,,0,94.28,0
U01546,2025-07-01,Pro,UK,Organic,Mid-Market,12,9,1,3,1,0,,79,35.05,1027
U01547,2025-06-23,Pro,UK,Content,SMB,10,8,0,6,0,0,,79,23.37,711
U01548,2025-05-26,Pro,India,Referral,Enterprise,6,7,0,6,0,1,2025-12-07,79,43.28,474
U01549,2025-03-01,Free,Germany,Paid Search,Mid-Market,1,3,0,2,0,1,2025-10-23,0,114.69,0
U01550,2025-03-23,Free,US,Paid Search,Enterprise,15,4,1,2,0,0,,0,56.43,0
U01551,2025-05-16,Pro,India,Paid Search,Mid-Market,11,8,0,6,0,0,,79,64.62,948
U01552,2025-06-19,Business,India,Referral,Enterprise,10,8,0,8,1,0,,249,37.92,3237
U01553,2025-09-16,Free,US,Organic,Mid-Market,11,2,1,3,0,1,2026-05-13,0,30.96,0
U01554,2025-08-10,Business,India,Referral,SMB,16,5,2,6,1,0,,249,25.06,3237
U01555,2025-10-23,Free,India,Paid Search,SMB,6,3,0,3,0,0,,0,90.22,0
U01556,2025-06-18,Free,US,Organic,Enterprise,8,4,2,3,0,0,,0,31.62,0
U01557,2025-05-15,Free,US,Paid Search,SMB,9,2,3,5,0,0,,0,73.31,0
U01558,2025-08-18,Free,UK,Referral,SMB,5,3,3,2,1,0,,0,37.84,0
U01559,2025-05-26,Pro,US,Content,Startup,9,5,2,3,0,0,,79,28.11,711
U01560,2025-10-18,Free,US,Organic,Startup,13,1,4,2,1,0,,0,32.3,0
U01561,2025-06-12,Free,Australia,Paid Search,Mid-Market,5,3,0,1,0,1,2025-10-06,0,110.68,0
U01562,2025-07-11,Pro,Canada,Content,Startup,10,5,1,6,0,0,,79,25.12,711
U01563,2025-10-08,Free,Canada,Paid Search,Startup,6,4,0,2,1,0,,0,80.95,0
U01564,2025-08-01,Pro,India,Partner,Startup,18,8,0,5,1,0,,79,70.55,1106
U01565,2025-04-22,Free,US,Content,SMB,7,7,0,2,0,1,2025-07-14,0,43.16,0
U01566,2025-09-12,Pro,US,Paid Search,Startup,15,8,1,3,0,1,2025-12-25,79,98.9,237
U01567,2025-10-06,Free,US,Partner,Startup,7,2,2,3,0,0,,0,38.66,0
U01568,2025-06-15,Pro,India,Content,SMB,12,5,3,5,1,0,,79,64.12,632
U01569,2025-09-10,Pro,US,Partner,Enterprise,14,6,1,5,1,0,,79,47.18,948
U01570,2025-03-28,Free,US,Organic,SMB,9,8,1,2,0,0,,0,7.13,0
U01571,2025-05-26,Pro,US,Referral,SMB,21,9,0,5,0,0,,79,24.2,1027
U01572,2025-08-27,Pro,US,Paid Search,Startup,11,6,2,7,0,0,,79,85.07,869
U01573,2025-02-27,Free,India,Partner,Enterprise,10,3,1,2,0,1,2026-01-03,0,86.85,0
U01574,2025-09-05,Pro,UK,Organic,Startup,11,4,3,4,1,0,,79,31.36,632
U01575,2025-10-03,Free,India,Partner,Mid-Market,8,3,2,2,0,1,2025-12-05,0,91.26,0
U01576,2025-10-21,Free,Canada,Paid Search,Startup,11,2,0,4,0,0,,0,109.89,0
U01577,2025-02-15,Free,US,Paid Search,Enterprise,10,5,4,4,0,1,2025-10-01,0,82.13,0
U01578,2025-01-07,Pro,US,Content,Mid-Market,15,6,0,2,1,0,,79,34.56,711
U01579,2025-04-19,Pro,US,Organic,Mid-Market,18,5,3,5,0,0,,79,20.74,711
U01580,2025-06-02,Pro,UK,Referral,SMB,13,6,1,5,0,0,,79,33.07,711
U01581,2025-06-05,Business,India,Organic,Mid-Market,18,10,1,9,0,1,2026-04-08,249,41.89,2490
U01582,2025-01-19,Pro,Canada,Organic,Startup,15,7,0,6,0,1,2025-09-05,79,33.92,632
U01583,2025-07-18,Free,India,Content,Startup,8,5,0,2,0,1,2025-12-08,0,44.02,0
U01584,2025-05-29,Pro,UK,Paid Search,SMB,16,3,1,2,1,0,,79,87.06,1106
U01585,2025-04-14,Pro,Canada,Partner,SMB,13,9,1,4,0,0,,79,81.19,948
U01586,2025-05-24,Pro,US,Organic,Mid-Market,13,7,0,3,0,0,,79,28.01,948
U01587,2025-06-18,Pro,Australia,Referral,SMB,23,9,1,6,0,1,2026-01-08,79,22.35,553
U01588,2025-03-07,Business,Canada,Paid Search,SMB,20,7,2,12,0,0,,249,147.43,3486
U01589,2025-08-15,Business,Canada,Paid Search,Startup,10,9,2,16,0,0,,249,75.2,2490
U01590,2025-10-27,Business,UK,Paid Search,Mid-Market,16,10,0,6,0,0,,249,88.1,2988
U01591,2025-04-17,Pro,US,Partner,Startup,12,5,0,4,0,0,,79,71.26,1027
U01592,2025-08-11,Business,India,Organic,Startup,10,9,1,9,0,0,,249,27.93,3237
U01593,2025-01-19,Free,US,Organic,Startup,8,4,1,4,0,1,2025-11-08,0,28.18,0
U01594,2025-04-26,Pro,UK,Organic,SMB,10,7,0,4,0,0,,79,34.05,1106
U01595,2025-06-16,Business,India,Content,Mid-Market,18,14,0,5,1,0,,249,27.12,3237
U01596,2025-08-27,Free,Canada,Content,Startup,10,3,2,1,0,0,,0,29.76,0
U01597,2025-04-04,Free,Germany,Paid Search,Enterprise,3,1,2,4,0,1,2025-12-15,0,51.77,0
U01598,2025-03-16,Free,US,Referral,SMB,5,2,1,2,0,0,,0,31.6,0
U01599,2025-09-17,Free,India,Organic,Enterprise,12,3,1,3,0,0,,0,43.78,0
U01600,2025-03-27,Free,UK,Paid Search,Startup,9,3,1,1,0,1,2026-02-11,0,106.45,0
U01601,2025-03-04,Pro,UK,Referral,Mid-Market,13,5,2,3,0,0,,79,36.35,711
U01602,2025-08-21,Free,Canada,Referral,SMB,8,4,2,2,0,1,2025-10-28,0,13.22,0
U01603,2025-01-27,Free,India,Referral,SMB,6,2,0,2,0,0,,0,40.65,0
U01604,2025-07-28,Free,Canada,Referral,Startup,11,3,0,3,0,0,,0,27.76,0
U01605,2025-05-21,Free,Canada,Organic,Mid-Market,11,1,0,3,0,0,,0,32.98,0
U01606,2025-08-24,Free,Germany,Paid Search,SMB,10,2,2,2,0,0,,0,118.36,0
U01607,2025-09-14,Free,US,Referral,Startup,9,5,1,3,0,0,,0,12.27,0
U01608,2025-04-27,Free,Germany,Paid Search,Startup,7,2,4,2,0,0,,0,86.84,0
U01609,2025-03-16,Free,US,Paid Search,Mid-Market,13,1,0,1,0,0,,0,143.69,0
U01610,2025-02-25,Free,Germany,Content,Mid-Market,7,3,1,4,0,1,2025-11-29,0,50.86,0
U01611,2025-08-05,Pro,US,Organic,Startup,12,5,1,4,0,0,,79,24.97,790
U01612,2025-05-11,Pro,India,Referral,Startup,14,9,0,3,0,0,,79,26.81,711
U01613,2025-08-29,Free,Australia,Partner,SMB,5,4,1,2,0,0,,0,85.82,0
U01614,2025-08-11,Pro,India,Organic,Enterprise,8,6,1,2,1,0,,79,21.94,790
U01615,2025-10-27,Pro,India,Content,Mid-Market,12,6,1,4,0,0,,79,31.38,711
U01616,2025-09-11,Pro,Canada,Organic,SMB,12,5,0,3,0,0,,79,33.36,1106
U01617,2025-10-02,Pro,US,Paid Search,Enterprise,19,5,2,4,1,0,,79,109.28,632
U01618,2025-09-28,Pro,Australia,Organic,SMB,15,5,1,7,1,1,2025-12-13,79,38.37,237
U01619,2025-10-01,Free,India,Paid Search,Mid-Market,11,4,0,2,0,0,,0,133.24,0
U01620,2025-10-25,Free,US,Partner,Startup,8,4,2,1,0,0,,0,75.56,0
U01621,2025-04-24,Free,US,Content,Startup,5,3,2,2,0,1,2025-08-04,0,38.44,0
U01622,2025-04-04,Pro,India,Content,Startup,12,4,0,5,0,0,,79,42.75,869
U01623,2025-06-28,Free,Australia,Paid Search,Mid-Market,8,3,4,1,0,1,2026-05-01,0,117.71,0
U01624,2025-09-09,Free,India,Partner,SMB,10,5,1,3,0,0,,0,61.91,0
U01625,2025-02-24,Pro,US,Organic,Mid-Market,14,5,1,5,0,0,,79,33.23,1027
U01626,2025-10-27,Free,UK,Organic,Startup,12,6,2,3,0,0,,0,20.03,0
U01627,2025-04-01,Business,India,Paid Search,SMB,14,9,0,12,0,0,,249,98.72,3486
U01628,2025-03-25,Free,Australia,Paid Search,Enterprise,9,2,1,2,0,0,,0,104.41,0
U01629,2025-04-30,Pro,US,Paid Search,SMB,11,5,2,5,0,1,2025-12-20,79,91.93,632
U01630,2025-01-02,Free,UK,Referral,Enterprise,8,3,2,1,0,1,2025-11-24,0,47.38,0
U01631,2025-04-29,Free,UK,Organic,SMB,10,4,2,1,0,0,,0,26.53,0
U01632,2025-02-12,Business,India,Partner,SMB,21,8,3,11,0,0,,249,47.61,2241
U01633,2025-08-29,Pro,US,Partner,SMB,11,9,1,6,1,1,2026-05-16,79,56.72,711
U01634,2025-08-22,Pro,Germany,Referral,Mid-Market,18,6,2,4,0,0,,79,49.16,1027
U01635,2025-07-09,Free,Germany,Paid Search,SMB,8,1,3,3,0,1,2026-05-05,0,113.1,0
U01636,2025-08-30,Pro,India,Content,Mid-Market,14,7,0,8,0,0,,79,54.78,711
U01637,2025-02-19,Free,Germany,Paid Search,Startup,9,5,0,2,0,0,,0,85.3,0
U01638,2025-03-19,Free,US,Paid Search,Startup,1,3,3,4,1,0,,0,99.79,0
U01639,2025-09-22,Free,Australia,Paid Search,SMB,12,4,0,3,1,0,,0,92.59,0
U01640,2025-10-10,Pro,Canada,Content,SMB,11,9,2,2,1,0,,79,51.72,790
U01641,2025-03-23,Free,India,Paid Search,Mid-Market,7,6,4,2,0,1,2025-07-29,0,83.83,0
U01642,2025-03-12,Pro,Germany,Content,Mid-Market,15,7,1,6,0,0,,79,35.84,869
U01643,2025-02-04,Business,US,Paid Search,SMB,15,11,0,6,1,0,,249,78.79,1992
U01644,2025-08-07,Free,Germany,Organic,Mid-Market,11,5,2,4,0,0,,0,26.62,0
U01645,2025-07-18,Pro,Canada,Referral,Mid-Market,11,6,2,3,1,0,,79,39.5,869
U01646,2025-02-25,Free,India,Paid Search,Mid-Market,6,2,0,3,0,0,,0,99.03,0
U01647,2025-07-04,Pro,India,Organic,SMB,15,8,1,5,1,0,,79,41.41,948
U01648,2025-08-16,Free,US,Referral,Mid-Market,4,3,0,2,0,0,,0,24.37,0
U01649,2025-03-31,Pro,US,Organic,Startup,13,4,1,6,1,1,2025-12-19,79,42.86,711
U01650,2025-01-16,Pro,Canada,Organic,Enterprise,10,8,1,4,0,0,,79,35.11,790
U01651,2025-03-08,Pro,Australia,Partner,SMB,12,6,3,6,0,1,2026-01-04,79,62.03,790
U01652,2025-06-27,Business,Canada,Paid Search,SMB,18,9,1,8,1,0,,249,92.56,2739
U01653,2025-06-05,Pro,US,Organic,SMB,9,7,2,4,0,0,,79,27.85,1027
U01654,2025-04-15,Free,India,Referral,SMB,8,3,0,3,0,1,2025-08-21,0,50.57,0
U01655,2025-06-16,Business,US,Content,Startup,9,8,2,7,1,0,,249,38.55,3486
U01656,2025-07-17,Free,US,Partner,Startup,5,4,2,2,1,0,,0,70.82,0
U01657,2025-10-13,Free,Australia,Paid Search,SMB,9,4,1,3,0,0,,0,80.79,0
U01658,2025-09-24,Free,Canada,Partner,SMB,8,4,1,4,0,1,2026-02-08,0,86.03,0
U01659,2025-07-24,Free,India,Referral,Enterprise,12,6,0,1,0,1,2026-01-10,0,51.26,0
U01660,2025-04-07,Free,Germany,Organic,Mid-Market,4,3,1,2,1,1,2025-11-08,0,41.77,0
U01661,2025-04-30,Pro,Germany,Referral,SMB,13,6,0,2,0,0,,79,22.46,1027
U01662,2025-10-13,Business,UK,Content,SMB,18,10,1,8,1,0,,249,29.74,2241
U01663,2025-04-10,Pro,US,Content,Startup,15,5,2,4,0,0,,79,32.27,1027
U01664,2025-05-16,Free,Australia,Referral,Mid-Market,13,3,1,3,0,1,2026-02-24,0,25.84,0
U01665,2025-10-25,Pro,India,Paid Search,Startup,14,8,1,2,0,1,2025-12-08,79,90.85,79
U01666,2025-04-30,Pro,US,Paid Search,SMB,11,7,0,3,0,0,,79,36.1,1106
U01667,2025-08-25,Free,Germany,Organic,SMB,7,2,2,1,0,1,2026-06-10,0,37.56,0
U01668,2025-03-03,Pro,India,Referral,Enterprise,15,4,0,5,0,1,2025-09-22,79,41.43,553
U01669,2025-04-30,Business,Canada,Partner,Startup,19,9,2,6,0,0,,249,52.67,3237
U01670,2025-01-17,Free,UK,Organic,Mid-Market,11,5,0,3,0,0,,0,35.36,0
U01671,2025-09-10,Pro,India,Paid Search,Mid-Market,11,4,1,8,1,0,,79,77.73,869
U01672,2025-01-19,Free,India,Paid Search,Mid-Market,4,2,0,1,0,1,2025-06-25,0,106.02,0
U01673,2025-09-05,Free,Germany,Referral,SMB,8,3,2,2,1,0,,0,40.26,0
U01674,2025-09-13,Business,Canada,Organic,Startup,15,10,2,10,1,1,2026-05-25,249,26.07,1992
U01675,2025-02-18,Free,Australia,Paid Search,Mid-Market,10,2,1,3,1,1,2025-07-16,0,70.54,0
U01676,2025-01-03,Pro,US,Referral,Mid-Market,14,7,1,4,0,0,,79,25.71,1106
U01677,2025-10-16,Pro,US,Partner,SMB,19,5,2,3,0,0,,79,86.43,790
U01678,2025-07-14,Pro,Canada,Content,SMB,15,5,3,3,1,0,,79,35.54,1027
U01679,2025-06-24,Free,India,Organic,Startup,7,1,1,2,0,0,,0,40.27,0
U01680,2025-07-02,Pro,US,Content,Mid-Market,9,7,1,5,1,1,2026-01-08,79,39.71,474
U01681,2025-08-15,Free,US,Content,SMB,8,1,1,2,0,1,2025-10-16,0,29.0,0
U01682,2025-06-26,Business,Germany,Partner,Mid-Market,17,7,2,9,1,0,,249,64.01,2490
U01683,2025-08-16,Pro,India,Organic,Startup,13,6,1,4,1,0,,79,50.86,790
U01684,2025-05-18,Free,India,Partner,Mid-Market,7,3,0,5,0,1,2025-07-19,0,55.5,0
U01685,2025-01-07,Business,US,Paid Search,SMB,11,12,1,14,1,0,,249,117.77,2241
U01686,2025-01-20,Pro,UK,Organic,SMB,13,6,1,12,0,0,,79,32.86,711
U01687,2025-08-15,Pro,Canada,Paid Search,Startup,15,7,2,2,0,1,2026-05-03,79,113.75,711
U01688,2025-02-27,Pro,US,Organic,Startup,7,9,3,5,0,0,,79,30.43,711
U01689,2025-01-31,Pro,US,Referral,SMB,10,8,3,3,0,0,,79,30.99,948
U01690,2025-07-28,Free,Germany,Organic,SMB,6,4,0,1,0,0,,0,27.56,0
U01691,2025-02-17,Pro,India,Paid Search,SMB,11,7,1,6,1,0,,79,82.61,869
U01692,2025-09-25,Free,Australia,Content,SMB,11,2,2,3,1,1,2026-04-13,0,28.07,0
U01693,2025-04-04,Free,Canada,Organic,SMB,13,4,2,3,0,0,,0,28.96,0
U01694,2025-05-25,Free,India,Organic,SMB,8,4,1,2,0,0,,0,55.67,0
U01695,2025-05-11,Business,US,Organic,Mid-Market,9,11,1,8,1,0,,249,45.9,3486
U01696,2025-04-28,Free,US,Referral,Mid-Market,11,1,0,4,0,0,,0,44.3,0
U01697,2025-07-04,Free,Canada,Content,Mid-Market,13,1,3,2,0,1,2025-12-16,0,33.94,0
U01698,2025-09-08,Free,India,Organic,SMB,9,3,3,1,0,0,,0,40.79,0
U01699,2025-03-15,Pro,US,Paid Search,Startup,12,8,1,5,0,0,,79,101.95,1027
U01700,2025-01-13,Pro,US,Partner,SMB,9,5,1,4,0,0,,79,78.63,1106
U01701,2025-08-07,Pro,UK,Content,Mid-Market,19,6,3,8,0,0,,79,35.04,1106
U01702,2025-06-29,Pro,India,Content,Startup,15,5,1,7,0,0,,79,30.22,790
U01703,2025-05-15,Business,India,Referral,SMB,19,8,1,10,1,0,,249,34.5,2988
U01704,2025-10-19,Free,US,Paid Search,Startup,10,5,2,1,0,1,2026-02-10,0,49.62,0
U01705,2025-04-12,Pro,US,Referral,SMB,13,6,1,5,1,0,,79,18.97,948
U01706,2025-05-10,Free,Germany,Content,SMB,9,3,1,2,0,0,,0,35.83,0
U01707,2025-09-16,Pro,US,Organic,Startup,8,4,1,3,0,1,2026-04-12,79,45.1,553
U01708,2025-04-01,Free,India,Paid Search,Startup,11,5,0,2,0,0,,0,134.92,0
U01709,2025-10-25,Free,US,Partner,Startup,3,1,1,4,0,0,,0,86.04,0
U01710,2025-04-22,Pro,India,Content,SMB,12,6,0,3,0,0,,79,9.45,1106
U01711,2025-08-09,Free,US,Organic,Startup,10,2,2,3,0,1,2026-04-09,0,26.97,0
U01712,2025-06-22,Free,Germany,Paid Search,SMB,4,1,0,2,0,0,,0,113.89,0
U01713,2025-08-22,Business,US,Organic,SMB,11,8,1,13,1,0,,249,36.32,2988
U01714,2025-09-22,Business,Germany,Partner,Startup,18,8,1,7,1,0,,249,55.21,2241
U01715,2025-02-16,Free,UK,Referral,SMB,5,2,1,4,0,1,2025-09-17,0,30.32,0
U01716,2025-08-07,Free,India,Paid Search,Mid-Market,8,1,2,2,0,1,2025-09-11,0,97.44,0
U01717,2025-05-06,Free,India,Referral,Startup,8,5,0,2,0,1,2025-09-12,0,29.25,0
U01718,2025-04-13,Free,Australia,Organic,Enterprise,8,3,1,3,0,1,2025-07-30,0,43.27,0
U01719,2025-08-18,Free,India,Referral,Mid-Market,14,1,1,2,0,0,,0,28.38,0
U01720,2025-04-25,Pro,Germany,Paid Search,Enterprise,14,6,1,2,0,0,,79,108.83,948
U01721,2025-02-19,Pro,Germany,Referral,Startup,9,5,1,8,0,0,,79,54.91,711
U01722,2025-07-10,Free,Germany,Content,SMB,11,1,0,3,0,0,,0,35.14,0
U01723,2025-10-12,Free,Canada,Content,Startup,8,4,0,3,0,0,,0,26.3,0
U01724,2025-07-08,Free,US,Partner,SMB,13,4,4,3,0,0,,0,67.82,0
U01725,2025-04-05,Free,India,Referral,Startup,9,5,1,2,0,1,2025-07-31,0,45.83,0
U01726,2025-02-04,Free,India,Paid Search,Startup,6,3,0,2,0,0,,0,84.09,0
U01727,2025-03-20,Free,UK,Organic,SMB,8,5,1,2,0,0,,0,43.88,0
U01728,2025-06-23,Business,Canada,Organic,Startup,15,8,0,4,0,0,,249,37.17,3237
U01729,2025-03-22,Free,Canada,Content,SMB,11,1,1,3,0,0,,0,26.91,0
U01730,2025-08-13,Free,US,Referral,Enterprise,6,3,0,3,0,0,,0,40.23,0
U01731,2025-04-22,Pro,India,Organic,SMB,15,5,3,3,0,0,,79,27.04,948
U01732,2025-02-08,Free,Canada,Referral,SMB,5,6,1,1,1,0,,0,36.75,0
U01733,2025-07-14,Free,India,Organic,Mid-Market,19,2,0,3,0,1,2026-01-11,0,28.42,0
U01734,2025-08-21,Free,Germany,Content,SMB,4,4,1,1,0,0,,0,25.41,0
U01735,2025-09-24,Pro,US,Organic,Startup,11,5,1,5,1,0,,79,38.58,1027
U01736,2025-02-14,Free,Germany,Organic,Startup,5,6,0,2,0,0,,0,33.9,0
U01737,2025-08-31,Pro,UK,Organic,Mid-Market,14,8,1,7,0,0,,79,47.3,869
U01738,2025-01-26,Free,Australia,Referral,Mid-Market,6,5,2,3,0,0,,0,40.43,0
U01739,2025-10-07,Free,India,Organic,Startup,6,4,2,2,0,0,,0,31.54,0
U01740,2025-06-17,Free,US,Content,Mid-Market,8,5,1,1,0,0,,0,36.0,0
U01741,2025-02-18,Free,India,Organic,Mid-Market,10,6,0,3,0,0,,0,48.06,0
U01742,2025-08-23,Pro,US,Content,SMB,10,4,2,4,1,0,,79,45.81,790
U01743,2025-08-31,Business,UK,Partner,Startup,17,9,0,6,1,0,,249,39.22,2988
U01744,2025-07-04,Free,UK,Paid Search,SMB,17,1,1,2,0,1,2025-08-15,0,93.09,0
U01745,2025-05-15,Pro,UK,Organic,Mid-Market,16,7,2,2,0,0,,79,40.77,948
U01746,2025-07-02,Pro,US,Organic,SMB,18,1,0,7,0,1,2026-05-24,79,18.47,869
U01747,2025-08-17,Business,US,Partner,Enterprise,15,10,1,4,0,0,,249,101.92,2490
U01748,2025-01-28,Pro,Australia,Partner,SMB,9,11,2,7,0,0,,79,63.65,1106
U01749,2025-01-04,Pro,US,Content,SMB,15,7,0,3,1,0,,79,41.16,948
U01750,2025-06-23,Free,India,Organic,Startup,8,1,1,3,0,1,2025-07-26,0,17.05,0
U01751,2025-09-08,Free,US,Organic,Startup,9,1,2,4,0,1,2025-12-29,0,44.01,0
U01752,2025-06-04,Pro,India,Organic,SMB,12,8,2,3,0,0,,79,47.93,1027
U01753,2025-01-06,Free,India,Paid Search,SMB,5,4,1,1,0,1,2025-08-08,0,87.35,0
U01754,2025-01-05,Business,US,Paid Search,SMB,20,13,1,8,0,1,2025-11-10,249,71.95,2490
U01755,2025-07-01,Free,US,Paid Search,SMB,9,3,1,2,0,1,2026-02-27,0,113.02,0
U01756,2025-08-18,Free,US,Paid Search,SMB,12,6,0,1,0,1,2026-03-26,0,75.17,0
U01757,2025-06-10,Business,Germany,Referral,Startup,21,9,0,5,0,0,,249,45.11,2490
U01758,2025-03-07,Pro,India,Paid Search,Enterprise,9,9,2,7,0,0,,79,123.39,632
U01759,2025-03-20,Free,India,Content,SMB,10,3,0,3,0,1,2025-12-18,0,38.24,0
U01760,2025-05-20,Free,US,Organic,Startup,11,2,2,2,0,0,,0,30.28,0
U01761,2025-02-11,Free,US,Referral,Enterprise,10,3,2,4,0,0,,0,40.14,0
U01762,2025-05-18,Business,India,Organic,Startup,14,6,1,5,1,0,,249,30.39,2988
U01763,2025-02-17,Free,US,Organic,SMB,6,1,1,5,0,0,,0,40.17,0
U01764,2025-07-24,Pro,Australia,Paid Search,Mid-Market,14,8,1,4,0,0,,79,53.73,869
U01765,2025-08-08,Pro,UK,Referral,SMB,9,6,3,3,0,1,2025-11-11,79,34.64,237
U01766,2025-09-16,Free,Canada,Partner,Mid-Market,10,1,0,7,0,0,,0,79.23,0
U01767,2025-03-02,Pro,US,Referral,Startup,19,8,2,7,1,0,,79,42.62,790
U01768,2025-08-23,Free,US,Organic,SMB,8,5,0,1,0,0,,0,49.06,0
U01769,2025-09-05,Pro,Canada,Organic,SMB,19,6,3,7,0,0,,79,35.92,790
U01770,2025-03-05,Free,Germany,Partner,Startup,5,6,2,2,0,1,2025-07-15,0,86.67,0
U01771,2025-09-24,Free,India,Partner,Mid-Market,3,2,0,1,0,1,2025-12-28,0,62.18,0
U01772,2025-03-10,Pro,UK,Referral,Enterprise,12,5,1,10,0,0,,79,38.46,1106
U01773,2025-03-27,Free,UK,Content,Mid-Market,10,1,0,2,0,1,2026-01-14,0,43.14,0
U01774,2025-05-09,Pro,India,Organic,SMB,11,7,0,6,0,0,,79,20.67,869
U01775,2025-09-02,Business,US,Paid Search,SMB,18,9,0,8,1,0,,249,104.64,3237
U01776,2025-04-20,Pro,US,Organic,SMB,15,6,3,4,0,0,,79,38.35,1106
U01777,2025-08-30,Free,Germany,Paid Search,Mid-Market,4,4,1,3,1,0,,0,109.77,0
U01778,2025-08-04,Free,India,Paid Search,Enterprise,10,4,0,5,0,0,,0,80.87,0
U01779,2025-06-24,Pro,India,Partner,Startup,5,3,0,7,0,0,,79,91.64,948
U01780,2025-06-14,Pro,US,Content,Startup,11,10,2,2,0,1,2025-11-05,79,47.92,395
U01781,2025-05-29,Free,India,Referral,Mid-Market,10,3,2,2,0,0,,0,35.19,0
U01782,2025-05-16,Free,UK,Organic,Mid-Market,6,5,1,3,0,0,,0,29.47,0
U01783,2025-04-02,Free,UK,Referral,SMB,8,4,2,3,0,1,2025-07-19,0,30.5,0
U01784,2025-07-01,Free,US,Referral,SMB,5,4,3,1,0,1,2025-11-05,0,22.45,0
U01785,2025-01-17,Free,US,Partner,Startup,9,5,1,3,0,0,,0,58.04,0
U01786,2025-04-25,Business,India,Organic,SMB,8,9,0,9,0,1,2025-09-11,249,29.18,1245
U01787,2025-05-15,Free,Australia,Partner,Mid-Market,14,1,3,2,0,1,2025-07-20,0,71.47,0
U01788,2025-09-15,Free,UK,Organic,Startup,4,5,4,1,0,0,,0,36.04,0
U01789,2025-09-25,Free,US,Organic,Startup,11,2,2,1,0,0,,0,42.83,0
U01790,2025-08-13,Pro,US,Paid Search,SMB,12,7,0,5,1,0,,79,102.3,1106
U01791,2025-02-23,Business,UK,Organic,Startup,9,10,0,7,0,0,,249,46.11,3486
U01792,2025-08-27,Free,US,Organic,Mid-Market,5,1,1,4,0,0,,0,42.0,0
U01793,2025-08-25,Free,Canada,Content,SMB,9,4,3,2,0,0,,0,8.99,0
U01794,2025-10-25,Pro,UK,Partner,Enterprise,9,2,2,1,1,1,2026-06-25,79,82.59,632
U01795,2025-07-01,Free,US,Referral,SMB,11,4,0,1,0,0,,0,28.09,0
U01796,2025-07-26,Free,India,Paid Search,Startup,13,4,1,3,0,0,,0,93.54,0
U01797,2025-04-05,Free,US,Partner,Enterprise,2,2,3,3,0,0,,0,48.67,0
U01798,2025-07-15,Free,US,Paid Search,SMB,6,6,0,2,0,1,2026-05-19,0,94.27,0
U01799,2025-05-31,Free,India,Organic,Startup,7,3,1,1,0,0,,0,39.98,0
U01800,2025-08-18,Business,US,Referral,SMB,18,8,2,7,1,1,2026-01-31,249,37.35,1494
U01801,2025-01-18,Free,US,Content,Startup,11,4,1,1,0,0,,0,43.02,0
U01802,2025-07-09,Pro,India,Paid Search,Startup,9,6,2,6,1,0,,79,85.22,948
U01803,2025-06-26,Free,Australia,Paid Search,Enterprise,8,4,2,3,0,0,,0,104.06,0
U01804,2025-10-14,Free,Australia,Partner,Mid-Market,5,3,0,1,0,1,2026-05-10,0,59.17,0
U01805,2025-10-25,Pro,Germany,Paid Search,SMB,16,7,1,9,0,0,,79,110.69,948
U01806,2025-05-02,Pro,US,Paid Search,SMB,17,7,1,7,1,0,,79,95.07,1106
U01807,2025-06-07,Free,Germany,Paid Search,SMB,11,1,0,5,0,1,2025-08-18,0,73.56,0
U01808,2025-04-21,Pro,US,Organic,Startup,11,5,3,3,0,0,,79,30.43,790
U01809,2025-01-15,Free,India,Partner,SMB,14,1,1,3,0,1,2025-06-15,0,61.44,0
U01810,2025-01-26,Free,Canada,Paid Search,SMB,5,2,2,1,0,1,2025-08-30,0,133.89,0
U01811,2025-01-28,Pro,US,Organic,Startup,12,5,3,3,0,1,2025-12-03,79,60.76,790
U01812,2025-10-10,Free,US,Paid Search,Startup,5,5,0,1,0,1,2026-05-08,0,70.89,0
U01813,2025-05-05,Business,Australia,Organic,Mid-Market,14,13,0,8,1,0,,249,38.94,3237
U01814,2025-01-25,Free,India,Paid Search,Startup,8,5,1,2,0,0,,0,77.51,0
U01815,2025-03-24,Pro,US,Content,Mid-Market,17,5,1,3,0,0,,79,47.31,869
U01816,2025-10-01,Free,US,Paid Search,Mid-Market,7,5,1,3,0,1,2026-04-16,0,61.11,0
U01817,2025-08-13,Business,US,Referral,SMB,13,3,1,7,0,0,,249,35.68,2739
U01818,2025-04-17,Business,US,Partner,Mid-Market,20,11,0,13,1,0,,249,65.98,2739
U01819,2025-04-15,Free,US,Paid Search,SMB,8,1,2,2,0,0,,0,75.19,0
U01820,2025-10-25,Free,Australia,Paid Search,Mid-Market,9,2,3,3,0,1,2026-09-04,0,92.07,0
U01821,2025-05-06,Pro,Canada,Organic,SMB,12,3,0,4,1,0,,79,30.91,711
U01822,2025-02-09,Free,US,Content,Mid-Market,8,1,2,1,0,1,2025-12-12,0,47.15,0
U01823,2025-07-21,Free,UK,Organic,Startup,4,5,1,4,0,0,,0,45.37,0
U01824,2025-03-14,Pro,India,Referral,SMB,10,2,2,6,1,0,,79,38.43,948
U01825,2025-07-10,Free,Canada,Organic,SMB,6,4,3,2,0,0,,0,32.04,0
U01826,2025-08-26,Free,Germany,Organic,SMB,7,4,0,3,1,0,,0,34.39,0
U01827,2025-06-20,Free,US,Referral,SMB,7,1,2,4,1,1,2025-09-03,0,35.62,0
U01828,2025-04-27,Free,India,Partner,Mid-Market,5,3,1,1,0,0,,0,70.68,0
U01829,2025-07-03,Pro,India,Referral,SMB,11,8,2,4,0,0,,79,33.19,1027
U01830,2025-05-13,Business,India,Organic,Enterprise,12,10,2,11,0,0,,249,61.06,2739
U01831,2025-07-01,Free,Australia,Partner,SMB,8,6,0,2,0,0,,0,58.21,0
U01832,2025-03-02,Pro,US,Paid Search,SMB,14,6,2,3,1,0,,79,84.11,1027
U01833,2025-08-17,Pro,UK,Paid Search,Startup,14,7,1,3,0,1,2026-05-12,79,77.49,711
U01834,2025-02-16,Free,UK,Referral,SMB,10,3,0,2,0,1,2025-04-10,0,27.2,0
U01835,2025-03-27,Pro,US,Content,SMB,9,8,1,4,1,0,,79,29.32,711
U01836,2025-09-15,Free,Canada,Referral,Startup,4,4,0,3,0,1,2026-03-24,0,27.79,0
U01837,2025-06-09,Free,India,Paid Search,SMB,7,2,0,2,0,0,,0,100.54,0
U01838,2025-06-27,Pro,India,Organic,Startup,14,7,1,6,1,0,,79,30.57,790
U01839,2025-07-26,Free,India,Organic,Startup,18,6,1,1,0,0,,0,43.01,0
U01840,2025-08-24,Free,UK,Partner,SMB,9,2,1,2,1,1,2025-11-21,0,86.87,0
U01841,2025-01-25,Free,US,Partner,SMB,9,5,1,2,0,0,,0,69.06,0
U01842,2025-04-20,Pro,UK,Referral,SMB,8,7,2,8,0,0,,79,29.33,632
U01843,2025-08-09,Pro,India,Organic,Mid-Market,19,5,0,4,0,0,,79,37.51,869
U01844,2025-05-27,Pro,US,Paid Search,Mid-Market,13,3,1,7,1,0,,79,103.07,869
U01845,2025-05-18,Business,India,Organic,Startup,11,8,2,8,0,0,,249,50.11,2988
U01846,2025-10-02,Free,India,Paid Search,Mid-Market,10,1,1,4,0,1,2026-01-25,0,73.23,0
U01847,2025-10-17,Pro,US,Organic,Mid-Market,23,6,2,4,1,0,,79,25.08,948
U01848,2025-09-29,Free,US,Organic,SMB,10,4,2,2,0,1,2026-08-11,0,44.43,0
U01849,2025-01-16,Pro,India,Content,Startup,13,7,0,1,1,0,,79,35.8,948
U01850,2025-06-28,Pro,Germany,Referral,Startup,10,8,2,4,1,0,,79,25.11,711
U01851,2025-02-10,Free,US,Organic,SMB,11,5,1,2,0,0,,0,35.42,0
U01852,2025-07-24,Business,UK,Content,Startup,16,5,1,6,1,0,,249,25.76,3237
U01853,2025-03-16,Business,India,Partner,Startup,17,8,0,8,1,0,,249,86.84,3237
U01854,2025-01-23,Pro,Germany,Organic,Enterprise,7,7,0,4,0,0,,79,32.19,869
U01855,2025-07-15,Free,US,Content,Startup,8,1,3,1,0,0,,0,24.73,0
U01856,2025-04-14,Free,Germany,Organic,Enterprise,9,4,1,2,0,0,,0,31.67,0
U01857,2025-10-06,Free,India,Paid Search,Mid-Market,6,5,2,2,0,1,2026-01-01,0,109.01,0
U01858,2025-06-20,Pro,US,Partner,SMB,8,7,1,1,0,0,,79,63.86,632
U01859,2025-01-31,Free,India,Referral,SMB,7,1,1,3,0,1,2025-08-20,0,41.86,0
U01860,2025-05-13,Free,US,Partner,SMB,3,7,1,1,0,0,,0,85.16,0
U01861,2025-09-08,Free,India,Paid Search,SMB,10,1,2,2,0,1,2026-01-14,0,100.88,0
U01862,2025-04-03,Free,India,Content,SMB,10,4,1,3,0,0,,0,28.46,0
U01863,2025-07-20,Free,US,Content,SMB,9,4,3,2,0,0,,0,5.0,0
U01864,2025-07-30,Free,Canada,Paid Search,Mid-Market,8,3,2,5,0,0,,0,102.49,0
U01865,2025-03-29,Free,Germany,Partner,Mid-Market,10,1,2,3,0,1,2025-10-19,0,53.19,0
U01866,2025-03-12,Free,Canada,Partner,Startup,9,6,2,2,0,0,,0,60.61,0
U01867,2025-08-11,Free,Australia,Referral,Startup,11,1,0,3,0,1,2026-02-20,0,35.89,0
U01868,2025-10-01,Business,UK,Organic,Startup,11,8,0,5,1,1,2026-01-29,249,53.57,996
U01869,2025-05-01,Business,UK,Partner,Startup,15,9,1,6,1,1,2025-09-06,249,46.85,996
U01870,2025-03-04,Pro,India,Content,Startup,14,7,0,5,0,0,,79,35.28,948
U01871,2025-06-06,Free,US,Organic,SMB,8,1,4,1,0,0,,0,35.61,0
U01872,2025-08-04,Pro,US,Organic,Mid-Market,11,6,1,4,1,0,,79,38.08,711
U01873,2025-06-28,Pro,Germany,Content,Mid-Market,6,8,1,4,0,1,2026-01-09,79,37.88,474
U01874,2025-05-29,Pro,UK,Organic,Startup,13,9,2,5,0,0,,79,11.21,948
U01875,2025-03-01,Pro,India,Referral,Mid-Market,9,10,3,5,0,0,,79,28.43,1106
U01876,2025-08-08,Free,US,Content,Startup,10,4,4,2,0,1,2026-02-17,0,40.61,0
U01877,2025-06-18,Pro,India,Organic,SMB,11,6,0,3,0,0,,79,44.24,1027
U01878,2025-05-02,Free,India,Content,Mid-Market,14,3,0,2,0,1,2025-08-08,0,16.95,0
U01879,2025-07-18,Free,US,Paid Search,SMB,7,5,2,4,0,0,,0,155.06,0
U01880,2025-04-17,Pro,US,Organic,SMB,14,6,2,4,1,0,,79,32.24,711
U01881,2025-02-20,Free,UK,Paid Search,SMB,11,2,0,5,0,0,,0,96.47,0
U01882,2025-07-13,Pro,UK,Paid Search,SMB,12,5,1,2,0,0,,79,105.08,790
U01883,2025-03-23,Pro,India,Partner,SMB,7,6,0,4,0,0,,79,68.01,1027
U01884,2025-10-16,Free,India,Referral,Mid-Market,11,7,1,3,0,0,,0,29.12,0
U01885,2025-04-08,Free,US,Organic,SMB,10,5,2,2,0,0,,0,28.81,0
U01886,2025-07-26,Free,US,Organic,SMB,7,2,1,3,0,1,2025-12-17,0,28.65,0
U01887,2025-02-28,Business,Australia,Content,SMB,20,9,1,14,1,0,,249,24.33,2490
U01888,2025-01-05,Free,India,Organic,Startup,10,1,0,2,0,1,2025-03-14,0,25.35,0
U01889,2025-10-23,Free,India,Organic,Startup,11,5,2,3,0,1,2026-04-19,0,42.16,0
U01890,2025-01-10,Pro,Germany,Paid Search,Startup,14,7,0,7,1,0,,79,71.85,869
U01891,2025-01-02,Free,Australia,Organic,Mid-Market,11,5,0,3,0,0,,0,45.59,0
U01892,2025-03-05,Free,India,Content,SMB,9,3,1,1,0,1,2025-08-11,0,28.53,0
U01893,2025-01-24,Free,India,Content,Startup,7,4,2,4,0,0,,0,31.42,0
U01894,2025-04-16,Pro,India,Organic,Startup,18,10,0,5,1,0,,79,57.21,632
U01895,2025-08-16,Pro,US,Organic,Mid-Market,14,8,2,3,0,0,,79,40.0,1027
U01896,2025-02-17,Business,India,Referral,Enterprise,10,8,0,11,0,0,,249,24.64,2988
U01897,2025-10-27,Pro,Canada,Referral,Startup,11,3,1,6,0,1,2026-09-16,79,25.79,869
U01898,2025-10-14,Pro,US,Content,Mid-Market,7,6,0,2,0,1,2026-01-19,79,38.21,237
U01899,2025-04-29,Free,Germany,Content,SMB,13,2,0,3,0,1,2025-06-02,0,28.53,0
U01900,2025-03-21,Pro,Germany,Paid Search,Startup,6,4,0,2,1,0,,79,76.04,711
U01901,2025-01-31,Free,Australia,Content,Startup,14,6,2,4,0,0,,0,26.81,0
U01902,2025-05-18,Business,India,Partner,Mid-Market,13,11,0,4,1,0,,249,70.74,2241
U01903,2025-06-18,Pro,India,Partner,Mid-Market,14,6,1,3,0,0,,79,80.73,1027
U01904,2025-02-12,Free,India,Organic,SMB,7,3,1,2,0,0,,0,31.09,0
U01905,2025-10-18,Free,US,Organic,SMB,9,2,1,1,0,0,,0,47.08,0
U01906,2025-04-02,Free,UK,Referral,Startup,6,3,0,2,0,0,,0,43.65,0
U01907,2025-06-30,Pro,Canada,Organic,Mid-Market,11,7,0,6,0,0,,79,34.13,790
U01908,2025-06-13,Pro,US,Partner,SMB,19,5,1,7,1,1,2025-12-28,79,73.59,553
U01909,2025-07-26,Free,UK,Organic,Startup,10,1,1,2,1,1,2026-01-30,0,31.44,0
U01910,2025-05-06,Pro,India,Content,Mid-Market,12,4,1,2,0,0,,79,23.73,711
U01911,2025-09-15,Free,India,Paid Search,Startup,8,8,0,1,0,0,,0,86.41,0
U01912,2025-01-27,Pro,US,Organic,Mid-Market,14,6,2,7,0,0,,79,52.47,869
U01913,2025-07-14,Free,US,Partner,SMB,10,3,0,4,0,1,2025-12-26,0,48.77,0
U01914,2025-08-13,Free,UK,Content,Mid-Market,10,4,2,4,0,1,2025-11-20,0,34.68,0
U01915,2025-08-22,Free,US,Organic,SMB,7,7,1,3,0,1,2025-12-18,0,23.91,0
U01916,2025-10-18,Free,Germany,Partner,Mid-Market,4,5,3,1,1,0,,0,53.56,0
U01917,2025-10-03,Business,Germany,Referral,SMB,17,8,0,10,1,0,,249,31.51,2739
U01918,2025-03-12,Pro,US,Organic,Startup,7,7,4,6,0,0,,79,37.02,948
U01919,2025-04-23,Business,US,Content,SMB,16,8,0,2,0,0,,249,45.61,2739
U01920,2025-03-08,Pro,Canada,Organic,SMB,10,4,2,7,0,0,,79,22.96,790
U01921,2025-02-01,Free,US,Referral,Mid-Market,9,5,0,2,0,0,,0,37.25,0
U01922,2025-08-15,Free,India,Partner,SMB,9,2,0,2,0,0,,0,85.72,0
U01923,2025-10-04,Pro,India,Content,SMB,6,7,1,5,0,0,,79,11.11,1106
U01924,2025-05-17,Business,US,Content,Enterprise,6,8,2,5,1,0,,249,28.47,2490
U01925,2025-09-28,Pro,Australia,Partner,Startup,16,4,3,3,1,0,,79,34.2,1106
U01926,2025-01-13,Pro,Germany,Referral,SMB,5,8,0,4,1,0,,79,33.08,790
U01927,2025-08-16,Free,India,Organic,SMB,5,4,1,1,0,0,,0,36.88,0
U01928,2025-01-15,Pro,US,Referral,Startup,13,8,2,4,1,1,2025-10-04,79,34.38,711
U01929,2025-07-10,Free,US,Organic,SMB,10,6,0,3,0,1,2026-03-29,0,34.82,0
U01930,2025-10-22,Free,Canada,Organic,SMB,10,7,1,1,0,1,2026-02-25,0,31.73,0
U01931,2025-04-29,Free,Australia,Content,SMB,6,3,1,1,1,0,,0,35.55,0
U01932,2025-08-06,Free,India,Organic,Startup,13,5,1,2,0,0,,0,26.46,0
U01933,2025-08-23,Free,India,Organic,SMB,13,1,1,2,0,0,,0,27.19,0
U01934,2025-06-04,Free,Germany,Content,Mid-Market,13,6,0,2,0,1,2026-04-15,0,32.16,0
U01935,2025-05-06,Free,US,Partner,Startup,9,4,2,1,0,0,,0,69.07,0
U01936,2025-02-17,Pro,US,Content,Startup,7,5,1,4,0,0,,79,37.06,711
U01937,2025-07-31,Pro,UK,Referral,SMB,20,6,0,3,1,0,,79,39.54,1027
U01938,2025-10-01,Pro,Australia,Organic,Mid-Market,11,6,1,5,0,0,,79,33.76,869
U01939,2025-04-23,Pro,Australia,Referral,Startup,11,7,3,3,0,0,,79,40.73,869
U01940,2025-04-23,Pro,India,Partner,Startup,8,6,2,7,1,1,2025-09-02,79,45.69,316
U01941,2025-02-23,Pro,India,Organic,SMB,15,6,1,4,0,0,,79,23.31,711
U01942,2025-04-09,Free,Germany,Paid Search,Startup,14,4,1,2,1,0,,0,110.26,0
U01943,2025-07-07,Pro,Germany,Paid Search,Mid-Market,12,7,3,5,0,0,,79,92.63,948
U01944,2025-08-26,Free,Germany,Paid Search,SMB,11,4,3,4,0,1,2026-02-19,0,111.35,0
U01945,2025-10-08,Pro,Australia,Partner,SMB,19,4,1,5,0,0,,79,66.37,869
U01946,2025-09-03,Free,Australia,Referral,Mid-Market,3,3,2,1,0,1,2025-12-29,0,40.77,0
U01947,2025-06-02,Free,India,Content,Enterprise,3,4,3,3,0,0,,0,42.77,0
U01948,2025-01-06,Free,Canada,Organic,SMB,6,4,1,3,0,0,,0,19.41,0
U01949,2025-02-27,Free,UK,Organic,Mid-Market,6,1,2,1,0,0,,0,23.54,0
U01950,2025-06-15,Free,Canada,Organic,Startup,12,5,1,2,1,0,,0,35.24,0
U01951,2025-07-08,Free,US,Organic,Enterprise,3,3,3,4,0,1,2026-02-25,0,30.38,0
U01952,2025-04-16,Free,India,Organic,Enterprise,12,4,1,3,0,0,,0,41.1,0
U01953,2025-06-25,Business,Germany,Paid Search,SMB,13,10,0,6,0,1,2026-01-29,249,93.27,1743
U01954,2025-10-19,Free,India,Organic,SMB,9,1,3,2,0,0,,0,41.43,0
U01955,2025-08-11,Free,Germany,Organic,SMB,10,4,3,2,0,0,,0,28.19,0
U01956,2025-04-05,Free,India,Paid Search,Mid-Market,6,1,0,4,0,1,2025-08-10,0,53.59,0
U01957,2025-10-22,Pro,UK,Organic,Startup,21,4,0,7,0,0,,79,31.04,790
U01958,2025-04-01,Free,Australia,Paid Search,Startup,12,1,0,3,0,1,2025-08-25,0,67.84,0
U01959,2025-02-12,Free,India,Partner,Mid-Market,9,5,1,3,0,0,,0,80.93,0
U01960,2025-07-17,Free,Canada,Referral,SMB,6,2,0,1,0,0,,0,40.4,0
U01961,2025-08-08,Free,UK,Paid Search,SMB,3,3,2,1,0,1,2026-05-07,0,126.2,0
U01962,2025-09-29,Pro,India,Content,SMB,25,4,1,3,1,0,,79,21.85,790
U01963,2025-01-28,Free,India,Paid Search,Startup,7,5,1,2,1,0,,0,102.25,0
U01964,2025-07-12,Pro,US,Organic,Startup,15,6,2,5,0,0,,79,23.07,948
U01965,2025-10-17,Free,India,Paid Search,Mid-Market,5,1,2,4,0,1,2026-08-10,0,79.62,0
U01966,2025-06-17,Free,Germany,Paid Search,SMB,13,1,5,4,0,1,2025-08-05,0,93.42,0
U01967,2025-09-17,Free,UK,Content,Enterprise,7,1,2,3,0,0,,0,25.24,0
U01968,2025-02-06,Business,India,Content,Startup,16,7,0,9,0,0,,249,38.29,2490
U01969,2025-01-04,Pro,US,Organic,SMB,12,7,1,3,0,1,2025-02-25,79,30.15,158
U01970,2025-03-19,Free,Australia,Paid Search,SMB,8,6,1,2,0,0,,0,126.97,0
U01971,2025-10-01,Pro,Germany,Referral,Startup,16,6,1,5,0,1,2026-01-27,79,30.96,316
U01972,2025-08-28,Free,Germany,Content,Startup,9,5,0,5,0,0,,0,23.54,0
U01973,2025-08-09,Free,Canada,Referral,Mid-Market,11,4,1,1,0,0,,0,51.93,0
U01974,2025-02-10,Free,Germany,Paid Search,Mid-Market,14,5,3,6,0,0,,0,119.94,0
U01975,2025-10-09,Free,US,Paid Search,SMB,7,3,1,2,0,0,,0,123.75,0
U01976,2025-10-10,Free,India,Paid Search,Startup,7,3,1,3,0,1,2026-05-13,0,94.57,0
U01977,2025-04-23,Free,Canada,Paid Search,Startup,7,9,1,3,0,0,,0,72.79,0
U01978,2025-10-12,Pro,US,Organic,Startup,8,3,1,6,0,0,,79,32.35,1027
U01979,2025-03-16,Free,US,Organic,Mid-Market,6,4,3,1,1,0,,0,47.92,0
U01980,2025-07-11,Pro,Canada,Referral,Mid-Market,10,8,0,2,1,0,,79,43.81,790
U01981,2025-06-02,Business,India,Organic,Enterprise,18,8,0,10,1,0,,249,34.99,2490
U01982,2025-04-01,Free,UK,Content,Mid-Market,13,4,2,1,0,0,,0,28.66,0
U01983,2025-03-02,Free,US,Referral,SMB,9,4,3,3,0,1,2025-11-16,0,28.65,0
U01984,2025-10-05,Free,Australia,Organic,SMB,11,6,4,3,0,0,,0,24.95,0
U01985,2025-09-11,Free,US,Paid Search,SMB,9,2,1,3,0,0,,0,59.1,0
U01986,2025-08-28,Free,UK,Referral,SMB,14,2,0,2,0,0,,0,44.18,0
U01987,2025-04-16,Free,Canada,Referral,SMB,8,5,1,4,0,0,,0,31.04,0
U01988,2025-08-10,Pro,India,Organic,Mid-Market,15,7,1,6,1,0,,79,39.37,869
U01989,2025-10-13,Free,India,Partner,Mid-Market,8,3,1,2,0,0,,0,38.14,0
U01990,2025-02-12,Free,Canada,Referral,Mid-Market,5,1,2,2,0,1,2025-09-30,0,41.09,0
U01991,2025-08-22,Free,US,Organic,Mid-Market,12,1,6,5,0,0,,0,39.95,0
U01992,2025-07-03,Pro,India,Content,SMB,8,9,1,2,1,0,,79,18.51,869
U01993,2025-05-24,Pro,US,Referral,Startup,12,6,1,5,0,0,,79,31.67,711
U01994,2025-09-03,Pro,India,Partner,Startup,14,9,2,6,0,1,2026-05-03,79,80.77,632
U01995,2025-06-30,Free,US,Organic,Mid-Market,10,7,2,2,0,0,,0,34.52,0
U01996,2025-03-11,Free,US,Referral,Mid-Market,8,3,2,3,0,1,2025-04-29,0,33.44,0
U01997,2025-07-23,Free,India,Paid Search,Startup,14,1,0,2,0,0,,0,102.59,0
U01998,2025-03-19,Free,India,Organic,Startup,4,5,1,4,0,1,2025-11-24,0,28.4,0
U01999,2025-04-20,Free,US,Organic,SMB,11,5,3,4,0,1,2025-10-12,0,29.2,0
U02000,2025-05-15,Pro,UK,Referral,Startup,15,5,3,6,0,1,2025-09-10,79,22.62,316
U02001,2025-06-02,Free,US,Paid Search,Mid-Market,6,5,1,1,1,1,2025-09-19,0,80.92,0
U02002,2025-08-30,Free,India,Referral,SMB,8,2,1,3,0,1,2026-06-04,0,33.8,0
U02003,2025-03-17,Free,India,Content,Startup,12,3,2,4,0,0,,0,58.36,0
U02004,2025-01-29,Pro,Australia,Partner,Mid-Market,17,9,0,3,0,0,,79,55.02,711
U02005,2025-07-23,Business,India,Content,Startup,15,8,0,11,1,0,,249,52.61,2490
U02006,2025-07-30,Pro,Canada,Content,Startup,8,3,1,2,1,0,,79,50.91,1106
U02007,2025-02-12,Free,India,Organic,Startup,14,3,1,1,0,1,2025-10-26,0,5.25,0
U02008,2025-06-22,Pro,India,Organic,SMB,15,8,1,5,0,1,2025-12-03,79,31.24,395
U02009,2025-05-26,Pro,Germany,Partner,SMB,11,5,1,1,0,0,,79,54.83,948
U02010,2025-08-01,Pro,US,Organic,Startup,13,5,4,5,0,0,,79,49.09,711
U02011,2025-01-24,Free,India,Organic,Startup,5,2,2,3,0,1,2025-09-14,0,57.59,0
U02012,2025-02-16,Business,US,Partner,SMB,13,7,0,8,1,0,,249,78.68,3237
U02013,2025-01-31,Free,US,Partner,SMB,12,2,2,1,0,0,,0,61.74,0
U02014,2025-10-17,Business,India,Paid Search,Mid-Market,16,7,0,12,1,0,,249,106.37,2490
U02015,2025-07-25,Free,Canada,Organic,Startup,9,3,1,3,0,1,2026-02-14,0,25.38,0
U02016,2025-02-16,Free,UK,Organic,SMB,9,1,1,3,0,1,2025-11-23,0,33.52,0
U02017,2025-01-02,Pro,India,Paid Search,Startup,14,7,1,5,1,0,,79,97.72,632
U02018,2025-09-05,Pro,India,Organic,SMB,18,7,0,2,0,0,,79,40.68,790
U02019,2025-05-25,Business,Australia,Paid Search,SMB,15,9,1,11,0,0,,249,130.49,3486
U02020,2025-01-03,Business,Australia,Paid Search,SMB,20,8,0,10,1,0,,249,71.18,2988
U02021,2025-07-17,Free,India,Content,Mid-Market,8,4,0,3,0,0,,0,49.89,0
U02022,2025-08-04,Free,US,Content,Mid-Market,10,1,0,2,0,0,,0,40.32,0
U02023,2025-05-03,Pro,US,Paid Search,SMB,13,7,0,5,0,0,,79,85.9,790
U02024,2025-04-02,Free,US,Content,Startup,7,2,0,1,0,1,2025-11-15,0,37.31,0
U02025,2025-02-16,Free,India,Referral,Startup,8,4,1,3,1,0,,0,36.35,0
U02026,2025-04-24,Pro,US,Partner,SMB,11,6,2,4,1,0,,79,52.51,790
U02027,2025-08-19,Pro,UK,Referral,SMB,15,8,6,1,1,0,,79,29.97,790
U02028,2025-09-21,Free,India,Organic,Enterprise,5,5,0,3,0,1,2026-03-04,0,42.1,0
U02029,2025-03-05,Pro,US,Organic,SMB,14,8,0,2,1,0,,79,38.19,790
U02030,2025-04-29,Pro,India,Organic,SMB,8,7,0,6,0,0,,79,32.32,790
U02031,2025-05-18,Pro,Australia,Organic,SMB,9,6,0,4,0,0,,79,42.97,1106
U02032,2025-06-10,Free,US,Organic,Mid-Market,4,4,1,2,0,1,2025-11-30,0,31.11,0
U02033,2025-04-29,Free,US,Organic,Mid-Market,7,1,1,1,0,1,2025-12-15,0,53.8,0
U02034,2025-07-04,Pro,US,Referral,SMB,13,7,2,4,0,0,,79,31.57,790
U02035,2025-07-15,Free,India,Content,SMB,6,3,1,3,0,1,2026-04-11,0,48.74,0
U02036,2025-01-04,Free,Canada,Paid Search,SMB,5,3,0,4,0,1,2025-06-14,0,100.34,0
U02037,2025-01-05,Pro,US,Paid Search,Startup,11,8,2,4,1,1,2025-05-29,79,95.34,395
U02038,2025-07-27,Business,US,Content,SMB,19,11,0,6,0,0,,249,41.06,2739
U02039,2025-08-30,Pro,US,Partner,SMB,9,9,0,4,0,0,,79,61.81,948
U02040,2025-10-12,Free,Canada,Organic,Mid-Market,11,1,0,2,0,0,,0,42.09,0
U02041,2025-06-09,Pro,Germany,Organic,SMB,10,3,3,8,0,0,,79,58.34,790
U02042,2025-05-01,Pro,US,Content,Startup,19,9,1,2,1,0,,79,52.55,711
U02043,2025-02-26,Free,Germany,Content,SMB,12,5,0,4,0,0,,0,34.67,0
U02044,2025-09-10,Business,Australia,Referral,Mid-Market,17,8,0,9,1,1,2026-07-25,249,36.77,2739
U02045,2025-02-05,Free,India,Referral,Startup,10,1,1,2,0,0,,0,33.14,0
U02046,2025-03-10,Pro,US,Partner,SMB,18,7,0,6,1,0,,79,61.31,1106
U02047,2025-05-23,Free,UK,Organic,Mid-Market,18,1,3,3,0,1,2025-07-27,0,30.66,0
U02048,2025-06-13,Business,US,Referral,Enterprise,15,9,0,6,1,0,,249,44.07,2988
U02049,2025-06-20,Pro,Canada,Organic,SMB,15,6,0,6,1,0,,79,27.26,711
U02050,2025-03-15,Pro,US,Organic,Mid-Market,13,5,1,5,0,0,,79,35.73,1106
U02051,2025-03-15,Free,India,Content,Startup,5,5,3,2,0,1,2025-07-27,0,37.5,0
U02052,2025-03-04,Pro,Australia,Paid Search,SMB,14,9,1,6,0,1,2025-11-12,79,65.35,632
U02053,2025-04-03,Free,India,Paid Search,SMB,8,3,0,2,0,1,2025-10-01,0,70.15,0
U02054,2025-07-11,Pro,India,Organic,Mid-Market,8,1,0,2,0,1,2025-12-01,79,43.57,395
U02055,2025-03-06,Free,UK,Partner,Startup,7,3,1,2,0,0,,0,70.05,0
U02056,2025-01-09,Free,Australia,Paid Search,Enterprise,9,2,1,3,0,1,2025-09-11,0,65.29,0
U02057,2025-07-14,Free,India,Paid Search,Startup,8,1,0,2,0,0,,0,64.92,0
U02058,2025-10-24,Free,Germany,Partner,Enterprise,7,1,2,4,0,1,2026-04-25,0,89.63,0
U02059,2025-08-12,Pro,India,Organic,SMB,15,4,1,2,0,0,,79,36.03,948
U02060,2025-07-30,Pro,US,Organic,SMB,14,4,1,6,1,0,,79,48.62,711
U02061,2025-04-30,Free,India,Organic,Mid-Market,6,1,2,2,1,1,2025-11-03,0,37.54,0
U02062,2025-03-22,Business,US,Organic,Startup,20,9,1,13,1,0,,249,30.19,3486
U02063,2025-07-16,Business,Australia,Partner,SMB,18,5,0,7,0,0,,249,72.23,3486
U02064,2025-07-01,Pro,US,Referral,Mid-Market,10,4,2,4,0,0,,79,19.81,948
U02065,2025-08-15,Business,India,Content,SMB,16,11,2,7,1,0,,249,36.84,2490
U02066,2025-01-17,Free,Canada,Organic,Startup,15,6,4,2,0,0,,0,41.2,0
U02067,2025-03-13,Business,India,Paid Search,Mid-Market,13,10,1,9,1,1,2025-08-16,249,81.4,1245
U02068,2025-07-19,Free,India,Content,Startup,17,3,0,1,1,0,,0,35.51,0
U02069,2025-10-01,Free,US,Referral,Startup,11,3,3,4,0,1,2026-05-06,0,42.77,0
U02070,2025-09-11,Free,India,Partner,Mid-Market,10,6,3,2,0,1,2025-11-22,0,69.17,0
U02071,2025-08-12,Pro,Germany,Content,Mid-Market,10,6,1,9,0,0,,79,39.15,711
U02072,2025-08-31,Pro,US,Organic,SMB,15,4,2,4,0,0,,79,28.5,790
U02073,2025-10-08,Business,India,Organic,Mid-Market,20,6,1,6,1,0,,249,55.45,2739
U02074,2025-02-08,Pro,Australia,Paid Search,Mid-Market,18,3,2,2,1,0,,79,80.42,1106
U02075,2025-08-24,Pro,Canada,Content,Startup,10,6,0,4,1,0,,79,28.47,1027
U02076,2025-02-14,Pro,India,Organic,Startup,11,5,0,6,1,1,2025-09-29,79,44.25,632
U02077,2025-05-15,Pro,Australia,Content,Startup,10,3,0,6,0,0,,79,47.04,948
U02078,2025-07-17,Free,India,Referral,Startup,11,5,0,3,0,0,,0,48.51,0
U02079,2025-04-13,Pro,India,Content,SMB,11,3,0,4,0,0,,79,17.42,790
U02080,2025-03-27,Business,India,Organic,Startup,13,7,2,3,1,0,,249,41.16,1992
U02081,2025-03-12,Free,Germany,Organic,SMB,12,4,0,2,0,1,2025-12-01,0,55.58,0
U02082,2025-10-06,Free,India,Content,Startup,8,5,2,3,0,1,2026-02-05,0,41.04,0
U02083,2025-01-09,Free,UK,Paid Search,Startup,5,2,2,1,0,1,2025-03-24,0,100.07,0
U02084,2025-06-21,Free,UK,Content,Mid-Market,11,5,3,1,0,1,2025-11-23,0,22.97,0
U02085,2025-02-05,Free,Canada,Organic,Mid-Market,7,4,1,5,0,0,,0,24.33,0
U02086,2025-06-19,Free,UK,Paid Search,Startup,14,4,2,2,0,0,,0,125.56,0
U02087,2025-08-10,Pro,Germany,Partner,SMB,11,3,0,5,1,0,,79,86.09,790
U02088,2025-08-16,Pro,India,Paid Search,SMB,10,2,1,5,1,1,2025-12-06,79,117.29,316
U02089,2025-02-27,Free,India,Paid Search,Startup,7,3,2,4,0,0,,0,93.86,0
U02090,2025-09-22,Pro,Germany,Partner,Mid-Market,13,5,1,7,1,0,,79,95.49,790
U02091,2025-04-09,Pro,India,Organic,SMB,7,8,2,4,0,0,,79,36.66,1027
U02092,2025-05-19,Free,Canada,Organic,Startup,5,4,2,3,0,1,2026-02-26,0,38.39,0
U02093,2025-09-30,Pro,Canada,Paid Search,Startup,16,7,1,7,1,1,2026-04-17,79,77.56,553
U02094,2025-06-18,Free,Canada,Organic,Startup,8,1,1,1,1,0,,0,39.18,0
U02095,2025-09-11,Free,UK,Organic,SMB,9,3,0,1,0,1,2025-11-02,0,39.48,0
U02096,2025-01-24,Pro,UK,Referral,Enterprise,16,5,0,6,1,0,,79,24.48,1027
U02097,2025-09-10,Free,India,Referral,Startup,10,5,1,1,0,0,,0,34.94,0
U02098,2025-10-05,Free,India,Paid Search,Enterprise,9,1,1,2,0,0,,0,102.42,0
U02099,2025-02-11,Free,US,Organic,SMB,8,5,3,1,0,1,2025-05-07,0,41.03,0
U02100,2025-09-26,Business,India,Organic,SMB,18,10,1,5,1,0,,249,44.24,3486
U02101,2025-06-16,Pro,India,Organic,Enterprise,14,5,1,3,0,0,,79,54.41,869
U02102,2025-01-17,Pro,US,Organic,SMB,19,4,1,4,0,0,,79,17.0,948
U02103,2025-08-06,Pro,Germany,Organic,Startup,9,6,0,3,0,0,,79,39.05,948
U02104,2025-04-16,Pro,US,Organic,SMB,16,4,4,5,0,1,2026-03-10,79,27.36,869
U02105,2025-03-13,Pro,UK,Organic,Startup,7,6,0,5,0,0,,79,27.16,869
U02106,2025-09-25,Pro,Canada,Partner,Mid-Market,11,6,3,4,0,1,2026-07-19,79,88.03,790
U02107,2025-03-28,Free,Canada,Organic,Startup,7,1,2,2,0,0,,0,45.75,0
U02108,2025-06-25,Pro,India,Organic,SMB,17,6,1,5,1,0,,79,27.57,1027
U02109,2025-04-02,Free,UK,Content,Startup,12,5,0,2,1,0,,0,40.64,0
U02110,2025-04-06,Pro,Canada,Content,SMB,15,5,1,5,0,0,,79,58.21,948
U02111,2025-06-17,Free,India,Content,Startup,10,4,1,2,0,0,,0,54.68,0
U02112,2025-04-16,Free,India,Content,SMB,10,3,1,3,1,0,,0,26.94,0
U02113,2025-06-04,Free,US,Paid Search,Startup,9,4,0,2,0,0,,0,45.87,0
U02114,2025-07-19,Pro,Germany,Organic,Mid-Market,13,6,1,6,0,0,,79,24.85,711
U02115,2025-06-06,Pro,Australia,Referral,Mid-Market,13,10,2,3,1,0,,79,29.17,1027
U02116,2025-07-26,Business,Australia,Paid Search,Startup,12,8,0,10,1,0,,249,99.45,2241
U02117,2025-09-03,Free,India,Referral,Startup,6,1,0,3,0,1,2026-03-27,0,37.83,0
U02118,2025-02-14,Pro,India,Partner,Startup,21,6,0,3,0,0,,79,67.18,711
U02119,2025-02-04,Free,Australia,Paid Search,Startup,9,1,0,2,0,0,,0,114.3,0
U02120,2025-05-15,Free,UK,Organic,SMB,7,5,3,3,0,0,,0,51.49,0
U02121,2025-08-02,Pro,India,Content,SMB,14,8,2,5,1,0,,79,18.01,1027
U02122,2025-09-08,Business,India,Organic,Startup,14,8,1,10,0,0,,249,61.12,3486
U02123,2025-05-16,Free,Canada,Paid Search,Startup,9,6,2,3,0,0,,0,80.15,0
U02124,2025-09-08,Free,US,Referral,Startup,12,6,2,1,0,1,2026-01-08,0,13.84,0
U02125,2025-02-26,Free,India,Content,Startup,7,4,1,2,0,1,2025-12-31,0,26.5,0
U02126,2025-07-29,Free,US,Partner,Startup,11,1,3,3,0,1,2025-12-23,0,85.79,0
U02127,2025-07-24,Free,Germany,Partner,Mid-Market,9,4,2,3,1,0,,0,59.72,0
U02128,2025-08-31,Free,US,Referral,SMB,11,1,0,4,0,0,,0,34.13,0
U02129,2025-01-03,Business,UK,Organic,SMB,21,7,3,10,1,1,2025-04-12,249,30.95,747
U02130,2025-07-26,Free,US,Organic,SMB,8,5,4,2,0,0,,0,43.94,0
U02131,2025-06-08,Free,US,Referral,Startup,5,1,1,2,0,0,,0,43.56,0
U02132,2025-09-08,Free,US,Organic,Mid-Market,7,4,3,1,0,0,,0,22.12,0
U02133,2025-09-08,Business,Australia,Content,SMB,19,10,1,8,0,1,2025-10-09,249,33.05,249
U02134,2025-04-17,Free,India,Referral,SMB,9,2,2,3,0,0,,0,25.2,0
U02135,2025-06-19,Business,India,Organic,Startup,8,10,1,6,1,0,,249,38.31,2988
U02136,2025-01-22,Pro,US,Organic,Startup,20,9,0,5,1,1,2025-09-13,79,39.14,632
U02137,2025-02-01,Free,Germany,Paid Search,SMB,11,4,0,2,0,0,,0,75.45,0
U02138,2025-01-29,Pro,Canada,Paid Search,Mid-Market,9,4,0,5,1,0,,79,108.0,869
U02139,2025-07-11,Free,Canada,Content,Startup,3,1,2,1,0,1,2026-05-19,0,36.3,0
U02140,2025-06-28,Free,UK,Content,SMB,11,3,1,2,0,1,2025-10-31,0,24.91,0
U02141,2025-10-03,Free,US,Organic,Startup,6,2,3,2,0,0,,0,38.71,0
U02142,2025-01-04,Free,US,Partner,Startup,10,1,1,3,0,1,2025-02-05,0,75.03,0
U02143,2025-09-10,Free,US,Referral,Startup,5,2,0,1,0,0,,0,29.12,0
U02144,2025-09-10,Free,US,Paid Search,SMB,14,2,1,1,0,1,2026-03-25,0,94.51,0
U02145,2025-02-16,Free,US,Referral,Startup,5,3,4,1,0,1,2025-12-14,0,33.99,0
U02146,2025-02-26,Free,India,Referral,Startup,18,1,0,3,1,0,,0,50.5,0
U02147,2025-09-04,Pro,US,Paid Search,Mid-Market,17,4,0,5,1,1,2025-11-12,79,111.06,158
U02148,2025-09-03,Pro,India,Organic,Startup,16,7,4,2,1,0,,79,36.53,948
U02149,2025-09-04,Business,India,Partner,Startup,11,7,1,8,1,0,,249,56.46,2739
U02150,2025-04-17,Free,India,Organic,SMB,6,5,2,2,0,1,2025-11-24,0,25.34,0
U02151,2025-08-31,Free,Australia,Referral,Mid-Market,8,4,1,4,0,0,,0,40.09,0
U02152,2025-02-01,Free,Canada,Partner,SMB,6,2,0,1,0,0,,0,27.02,0
U02153,2025-10-27,Business,Canada,Content,SMB,11,10,0,10,1,1,2026-09-15,249,30.34,2739
U02154,2025-04-21,Free,US,Content,SMB,13,6,3,2,0,0,,0,17.14,0
U02155,2025-02-21,Free,India,Paid Search,SMB,10,4,2,1,0,0,,0,111.04,0
U02156,2025-01-03,Free,India,Paid Search,SMB,12,4,1,1,0,0,,0,84.8,0
U02157,2025-08-13,Business,US,Organic,SMB,13,12,0,9,1,0,,249,48.44,2988
U02158,2025-03-02,Pro,US,Organic,Startup,9,7,1,8,0,1,2025-12-23,79,37.9,790
U02159,2025-01-03,Pro,India,Paid Search,Mid-Market,8,8,1,4,0,1,2025-06-06,79,102.23,395
U02160,2025-02-13,Free,India,Paid Search,SMB,8,1,3,2,0,1,2025-11-02,0,100.8,0
U02161,2025-05-12,Business,India,Organic,Startup,10,7,1,8,0,0,,249,34.61,2490
U02162,2025-10-20,Business,UK,Paid Search,Startup,9,6,1,7,0,0,,249,98.5,3486
U02163,2025-06-26,Pro,US,Paid Search,Startup,6,9,1,3,1,0,,79,78.21,790
U02164,2025-05-10,Pro,India,Organic,SMB,12,6,2,2,1,0,,79,42.64,1106
U02165,2025-06-12,Business,Canada,Organic,Startup,10,7,0,8,1,0,,249,44.49,2739
U02166,2025-06-14,Business,US,Partner,Startup,12,7,1,7,1,0,,249,83.3,3486
U02167,2025-02-19,Free,India,Content,Mid-Market,11,1,1,2,0,0,,0,41.68,0
U02168,2025-01-17,Pro,Australia,Organic,Mid-Market,11,5,3,2,1,0,,79,20.94,790
U02169,2025-02-17,Pro,Canada,Paid Search,Startup,12,6,0,3,0,0,,79,91.79,1106
U02170,2025-01-18,Pro,Australia,Referral,Mid-Market,19,9,1,4,0,0,,79,41.52,1027
U02171,2025-08-08,Pro,India,Content,SMB,7,6,1,3,0,0,,79,47.67,1027
U02172,2025-06-30,Business,Germany,Referral,Mid-Market,13,8,2,6,1,0,,249,30.47,3486
U02173,2025-08-10,Pro,Australia,Partner,Startup,12,7,2,5,1,0,,79,39.33,869
U02174,2025-04-12,Pro,UK,Organic,Enterprise,15,6,2,3,0,0,,79,38.98,948
U02175,2025-06-02,Pro,India,Referral,Mid-Market,8,7,2,4,0,0,,79,33.24,948
U02176,2025-03-31,Free,India,Paid Search,SMB,5,1,0,3,0,0,,0,100.02,0
U02177,2025-07-07,Free,US,Paid Search,Startup,8,2,3,2,0,0,,0,82.0,0
U02178,2025-02-18,Pro,Germany,Organic,SMB,13,6,0,2,0,0,,79,41.94,632
U02179,2025-01-21,Free,India,Paid Search,Mid-Market,6,1,0,3,0,0,,0,102.12,0
U02180,2025-08-16,Free,India,Partner,Startup,9,2,3,3,0,0,,0,63.27,0
U02181,2025-03-04,Free,US,Paid Search,Startup,9,5,1,1,0,0,,0,63.01,0
U02182,2025-10-10,Pro,Germany,Content,SMB,13,2,3,3,1,1,2026-03-13,79,25.33,395
U02183,2025-03-27,Pro,Canada,Content,Mid-Market,11,9,2,4,0,0,,79,25.35,1106
U02184,2025-04-21,Pro,Australia,Referral,Enterprise,12,5,2,3,0,0,,79,39.11,948
U02185,2025-08-19,Business,India,Referral,SMB,16,5,0,6,0,1,2026-03-24,249,29.98,1743
U02186,2025-04-23,Pro,India,Organic,Mid-Market,10,6,2,2,1,0,,79,40.4,1106
U02187,2025-03-03,Pro,India,Organic,Startup,12,3,2,3,1,0,,79,26.25,1027
U02188,2025-03-29,Free,India,Paid Search,Startup,8,4,2,4,0,1,2025-05-01,0,141.5,0
U02189,2025-08-21,Pro,Australia,Organic,SMB,14,8,0,5,0,0,,79,33.74,948
U02190,2025-02-22,Free,India,Content,SMB,5,4,3,2,0,0,,0,42.78,0
U02191,2025-05-18,Pro,US,Referral,Enterprise,10,5,1,3,0,0,,79,29.89,1106
U02192,2025-04-05,Free,UK,Paid Search,SMB,9,5,1,2,0,1,2025-06-16,0,84.69,0
U02193,2025-04-30,Pro,Canada,Content,Startup,13,6,0,4,1,0,,79,31.14,1106
U02194,2025-09-04,Pro,India,Referral,SMB,13,6,2,4,0,1,2026-06-30,79,24.53,790
U02195,2025-07-10,Business,Germany,Paid Search,SMB,17,11,2,6,1,0,,249,70.43,2739
U02196,2025-01-26,Free,India,Referral,Startup,10,5,0,1,0,0,,0,19.59,0
U02197,2025-07-28,Pro,UK,Referral,Mid-Market,14,6,3,1,1,0,,79,44.56,1106
U02198,2025-09-03,Free,Germany,Referral,Startup,15,3,0,5,0,1,2026-05-17,0,32.1,0
U02199,2025-07-15,Pro,UK,Organic,SMB,9,6,1,4,0,0,,79,43.35,1027
U02200,2025-01-17,Business,Germany,Paid Search,Startup,13,10,0,11,0,0,,249,82.18,3486
U02201,2025-06-03,Business,India,Content,Startup,13,5,1,6,1,0,,249,46.04,2739
U02202,2025-06-11,Pro,UK,Organic,SMB,8,8,1,3,0,0,,79,24.89,790
U02203,2025-01-10,Pro,Germany,Paid Search,SMB,7,7,3,2,1,1,2025-08-03,79,101.41,553
U02204,2025-08-18,Free,UK,Organic,SMB,9,3,0,3,0,0,,0,27.67,0
U02205,2025-02-14,Free,India,Referral,SMB,7,4,4,3,0,1,2025-03-24,0,45.82,0
U02206,2025-04-12,Free,India,Paid Search,Startup,7,7,3,1,0,1,2025-10-30,0,115.39,0
U02207,2025-04-06,Free,UK,Referral,Enterprise,5,1,2,2,0,1,2025-06-08,0,21.06,0
U02208,2025-09-20,Free,India,Organic,SMB,16,3,2,2,0,0,,0,33.17,0
U02209,2025-10-11,Pro,US,Paid Search,SMB,10,10,5,2,0,1,2026-05-13,79,86.69,553
U02210,2025-08-17,Pro,India,Referral,Enterprise,15,4,1,4,1,0,,79,7.83,711
U02211,2025-04-17,Pro,India,Partner,SMB,11,4,2,1,0,1,2025-10-31,79,44.96,553
U02212,2025-07-12,Pro,US,Paid Search,Mid-Market,5,3,2,3,0,1,2026-05-30,79,81.49,869
U02213,2025-07-15,Pro,US,Content,SMB,11,8,1,7,1,0,,79,38.56,711
U02214,2025-04-18,Pro,UK,Paid Search,Startup,18,3,1,4,0,0,,79,111.69,869
U02215,2025-03-18,Free,UK,Referral,Startup,4,5,3,3,0,1,2026-01-29,0,47.89,0
U02216,2025-02-10,Pro,UK,Referral,Startup,15,5,2,1,0,0,,79,24.57,790
U02217,2025-05-17,Business,US,Partner,Mid-Market,16,6,0,6,1,0,,249,56.19,2739
U02218,2025-06-28,Pro,India,Partner,Mid-Market,11,6,0,5,1,0,,79,78.27,869
U02219,2025-08-05,Free,US,Organic,Mid-Market,5,6,0,3,0,0,,0,46.24,0
U02220,2025-03-03,Pro,US,Organic,Enterprise,14,8,1,9,0,0,,79,40.3,1106
U02221,2025-07-12,Free,US,Organic,SMB,8,5,2,2,0,0,,0,33.65,0
U02222,2025-09-21,Free,India,Paid Search,Startup,6,6,3,2,0,0,,0,133.27,0
U02223,2025-08-20,Pro,India,Organic,Mid-Market,5,6,1,3,0,0,,79,40.13,632
U02224,2025-09-21,Business,US,Partner,Enterprise,20,8,0,7,1,0,,249,66.82,2490
U02225,2025-08-27,Business,Germany,Paid Search,Enterprise,14,10,2,6,0,0,,249,103.01,2490
U02226,2025-05-29,Free,US,Paid Search,SMB,7,4,1,4,1,0,,0,81.29,0
U02227,2025-10-26,Pro,UK,Organic,SMB,13,8,0,4,0,0,,79,45.3,711
U02228,2025-07-26,Business,India,Paid Search,Startup,13,8,0,4,1,0,,249,72.26,2988
U02229,2025-05-19,Pro,Australia,Organic,Startup,12,6,0,2,1,0,,79,41.46,790
U02230,2025-08-07,Free,India,Organic,SMB,7,3,3,2,0,1,2026-01-09,0,30.11,0
U02231,2025-10-10,Pro,Canada,Organic,SMB,10,5,0,2,0,0,,79,51.92,711
U02232,2025-04-13,Pro,India,Paid Search,SMB,11,3,0,3,0,0,,79,126.63,1027
U02233,2025-01-04,Pro,UK,Paid Search,Startup,12,7,0,5,0,0,,79,89.07,790
U02234,2025-02-16,Free,India,Organic,SMB,5,4,0,2,0,0,,0,35.83,0
U02235,2025-08-08,Free,India,Organic,Startup,3,3,3,5,0,1,2026-05-08,0,38.8,0
U02236,2025-05-09,Pro,UK,Referral,SMB,13,8,5,4,0,0,,79,38.16,869
U02237,2025-01-10,Free,UK,Partner,Startup,7,2,2,2,0,0,,0,104.9,0
U02238,2025-06-01,Free,India,Organic,Mid-Market,7,2,2,5,0,0,,0,30.32,0
U02239,2025-09-29,Free,India,Referral,Enterprise,13,7,2,2,0,0,,0,38.66,0
U02240,2025-07-27,Pro,India,Partner,Startup,14,8,0,2,0,0,,79,46.0,790
U02241,2025-10-09,Business,US,Paid Search,Startup,13,9,0,5,0,0,,249,98.83,2241
U02242,2025-07-25,Free,US,Organic,SMB,4,4,5,1,0,1,2025-09-21,0,46.7,0
U02243,2025-01-20,Free,US,Content,SMB,9,4,1,4,0,1,2025-08-12,0,36.01,0
U02244,2025-01-17,Free,UK,Content,SMB,6,4,1,2,0,0,,0,30.72,0
U02245,2025-08-26,Free,Germany,Content,SMB,8,2,4,3,0,1,2026-03-18,0,30.84,0
U02246,2025-10-04,Free,UK,Organic,Startup,11,2,1,3,0,0,,0,34.16,0
U02247,2025-06-10,Business,US,Referral,SMB,16,8,0,5,1,0,,249,22.05,2241
U02248,2025-03-03,Free,India,Paid Search,Startup,14,4,4,4,0,0,,0,92.83,0
U02249,2025-09-11,Pro,India,Organic,SMB,8,6,4,4,1,0,,79,36.49,711
U02250,2025-03-12,Business,US,Content,Mid-Market,7,7,0,4,1,0,,249,19.53,3486
U02251,2025-08-24,Free,India,Organic,SMB,9,4,0,2,0,0,,0,34.42,0
U02252,2025-01-27,Free,Germany,Partner,Startup,7,1,2,2,0,0,,0,63.33,0
U02253,2025-05-13,Business,US,Partner,SMB,12,6,0,10,0,0,,249,103.79,2988
U02254,2025-05-29,Business,Germany,Content,SMB,12,9,0,5,1,0,,249,15.73,3486
U02255,2025-06-20,Free,US,Paid Search,Startup,8,5,1,6,0,0,,0,73.18,0
U02256,2025-10-05,Free,Australia,Organic,Mid-Market,8,4,1,1,0,0,,0,40.18,0
U02257,2025-07-08,Pro,Australia,Paid Search,Startup,9,9,5,6,0,1,2026-01-10,79,130.5,474
U02258,2025-07-18,Free,US,Paid Search,SMB,9,5,1,1,1,0,,0,90.22,0
U02259,2025-09-05,Free,Canada,Organic,SMB,14,1,0,3,0,0,,0,38.68,0
U02260,2025-05-28,Pro,US,Paid Search,Enterprise,17,5,2,3,0,1,2026-01-07,79,127.02,553
U02261,2025-08-04,Free,Germany,Paid Search,Mid-Market,3,3,1,4,0,0,,0,89.7,0
U02262,2025-09-15,Pro,UK,Content,SMB,10,4,1,1,1,0,,79,46.22,1027
U02263,2025-01-08,Pro,India,Content,SMB,11,6,2,6,0,1,2025-11-03,79,33.58,790
U02264,2025-10-12,Pro,Germany,Referral,Enterprise,12,4,0,4,0,0,,79,30.92,869
U02265,2025-09-17,Pro,Germany,Referral,Startup,8,6,2,6,1,1,2026-05-27,79,30.82,632
U02266,2025-06-18,Free,US,Content,SMB,7,3,1,2,0,1,2025-12-26,0,26.91,0
U02267,2025-07-12,Free,Germany,Organic,SMB,8,6,1,3,0,0,,0,58.63,0
U02268,2025-08-26,Pro,Australia,Organic,Enterprise,10,3,2,5,0,1,2026-06-14,79,40.13,790
U02269,2025-07-05,Free,India,Organic,SMB,16,5,1,3,0,1,2025-10-31,0,22.39,0
U02270,2025-10-22,Free,UK,Organic,Mid-Market,7,2,1,1,0,1,2026-08-10,0,20.81,0
U02271,2025-07-15,Free,India,Organic,Startup,10,4,1,6,0,1,2025-12-30,0,29.56,0
U02272,2025-01-09,Pro,India,Organic,Startup,8,7,0,5,0,0,,79,37.97,869
U02273,2025-03-28,Pro,UK,Organic,Startup,14,5,1,3,0,0,,79,16.48,790
U02274,2025-06-25,Business,India,Organic,Startup,14,7,3,13,1,0,,249,42.57,3237
U02275,2025-07-10,Pro,India,Paid Search,SMB,9,5,0,4,0,0,,79,88.06,869
U02276,2025-07-26,Free,India,Paid Search,Mid-Market,10,4,1,3,0,0,,0,76.32,0
U02277,2025-08-09,Business,India,Referral,Startup,7,7,0,11,0,1,2026-05-28,249,25.99,2490
U02278,2025-06-13,Free,India,Paid Search,SMB,8,2,2,4,0,0,,0,61.86,0
U02279,2025-01-31,Free,US,Organic,SMB,9,5,0,3,0,1,2025-06-10,0,34.59,0
U02280,2025-04-02,Free,India,Referral,SMB,8,3,3,4,0,0,,0,48.48,0
U02281,2025-06-13,Pro,Canada,Paid Search,Startup,15,6,1,4,0,0,,79,115.95,1027
U02282,2025-03-22,Free,India,Organic,Startup,14,1,2,3,0,1,2025-10-09,0,25.35,0
U02283,2025-05-24,Free,US,Organic,SMB,6,3,2,2,0,1,2025-08-07,0,52.66,0
U02284,2025-09-23,Pro,India,Organic,SMB,13,6,1,4,1,1,2026-07-30,79,32.31,790
U02285,2025-03-21,Pro,India,Content,Mid-Market,11,7,0,7,0,0,,79,20.11,948
U02286,2025-09-22,Free,US,Organic,SMB,7,5,3,2,0,0,,0,44.42,0
U02287,2025-10-20,Free,US,Paid Search,SMB,8,5,1,2,0,0,,0,87.25,0
U02288,2025-02-11,Free,US,Paid Search,SMB,5,4,1,2,0,0,,0,88.59,0
U02289,2025-09-30,Business,India,Paid Search,Startup,11,9,1,10,1,0,,249,85.54,2988
U02290,2025-08-12,Free,US,Referral,SMB,11,4,2,1,0,0,,0,25.0,0
U02291,2025-04-28,Pro,US,Referral,SMB,11,7,1,5,0,0,,79,27.79,1027
U02292,2025-07-29,Pro,India,Organic,Startup,8,6,1,5,1,1,2026-01-01,79,25.23,395
U02293,2025-02-05,Pro,India,Referral,SMB,6,4,1,1,1,0,,79,21.99,1106
U02294,2025-05-19,Free,Canada,Organic,Startup,7,6,3,3,0,0,,0,25.43,0
U02295,2025-04-22,Free,UK,Paid Search,SMB,10,4,2,4,0,0,,0,78.68,0
U02296,2025-04-30,Pro,Canada,Content,SMB,15,8,1,7,0,1,2025-09-16,79,54.51,395
U02297,2025-09-03,Free,India,Partner,SMB,6,1,1,4,0,0,,0,99.59,0
U02298,2025-04-08,Business,India,Referral,Mid-Market,20,10,1,9,0,1,2025-11-13,249,27.08,1743
U02299,2025-06-23,Pro,US,Content,Startup,23,6,1,5,0,1,2026-03-07,79,23.05,711
U02300,2025-08-04,Free,UK,Organic,Startup,9,2,2,1,0,1,2025-12-09,0,33.45,0
U02301,2025-08-25,Free,India,Partner,SMB,10,2,1,4,0,1,2025-12-12,0,74.82,0
U02302,2025-05-16,Pro,UK,Organic,Startup,18,6,0,4,0,0,,79,28.44,948
U02303,2025-08-23,Pro,UK,Paid Search,Startup,19,8,1,5,0,1,2026-03-12,79,101.67,553
U02304,2025-07-23,Pro,UK,Paid Search,Startup,10,6,1,2,0,0,,79,86.16,1106
U02305,2025-02-22,Business,Germany,Paid Search,Startup,14,8,1,7,0,0,,249,130.42,2241
U02306,2025-07-29,Free,Canada,Partner,Startup,7,3,0,1,0,1,2026-02-17,0,67.26,0
U02307,2025-04-19,Business,India,Content,Mid-Market,21,9,4,3,1,0,,249,24.29,2988
U02308,2025-10-22,Pro,Canada,Paid Search,Startup,17,8,0,10,0,0,,79,130.14,869
U02309,2025-08-30,Pro,US,Referral,SMB,12,7,1,7,1,0,,79,26.29,790
U02310,2025-07-25,Free,Germany,Paid Search,SMB,8,1,1,5,0,1,2026-04-01,0,78.4,0
U02311,2025-07-28,Free,US,Organic,Mid-Market,12,4,1,4,0,0,,0,50.11,0
U02312,2025-01-24,Pro,Canada,Organic,Startup,10,6,1,5,0,0,,79,33.21,711
U02313,2025-09-03,Pro,India,Content,SMB,11,7,1,6,1,0,,79,48.14,948
U02314,2025-03-08,Free,US,Referral,Mid-Market,5,3,0,2,0,1,2025-10-01,0,37.71,0
U02315,2025-08-15,Free,India,Referral,Mid-Market,9,5,0,1,0,0,,0,34.62,0
U02316,2025-06-26,Pro,US,Content,Mid-Market,11,8,0,4,0,0,,79,36.34,948
U02317,2025-10-23,Pro,Germany,Organic,Mid-Market,15,7,2,4,1,0,,79,12.15,711
U02318,2025-01-08,Pro,UK,Organic,Startup,14,4,3,7,0,0,,79,35.3,869
U02319,2025-07-17,Business,UK,Content,Startup,17,8,2,10,0,0,,249,32.77,2241
U02320,2025-05-17,Pro,India,Referral,SMB,15,6,1,4,1,0,,79,35.21,1106
U02321,2025-06-19,Pro,India,Organic,SMB,16,5,3,4,0,0,,79,34.89,869
U02322,2025-04-02,Pro,India,Organic,Startup,11,4,1,5,0,0,,79,20.08,1106
U02323,2025-07-24,Pro,UK,Organic,SMB,11,9,3,5,0,1,2026-06-18,79,36.31,869
U02324,2025-02-23,Pro,India,Referral,SMB,11,7,1,4,0,0,,79,34.86,1027
U02325,2025-02-12,Free,US,Organic,SMB,12,2,1,1,0,0,,0,29.49,0
U02326,2025-01-14,Pro,India,Organic,Startup,13,5,1,3,1,0,,79,36.65,1027
U02327,2025-01-29,Pro,India,Paid Search,SMB,10,7,2,2,0,0,,79,71.85,632
U02328,2025-01-06,Free,India,Partner,SMB,11,6,0,2,0,0,,0,69.57,0
U02329,2025-04-15,Pro,India,Organic,Startup,13,7,0,3,0,1,2026-01-15,79,23.26,711
U02330,2025-02-20,Pro,US,Organic,Startup,21,4,1,3,1,0,,79,27.78,869
U02331,2025-07-24,Pro,Canada,Content,Enterprise,13,1,2,5,0,0,,79,29.33,632
U02332,2025-10-09,Pro,US,Partner,SMB,14,4,1,3,1,0,,79,58.96,948
U02333,2025-10-23,Business,UK,Partner,SMB,14,4,3,7,1,0,,249,77.39,2988
U02334,2025-04-09,Free,India,Organic,Mid-Market,10,1,1,2,0,1,2025-12-06,0,53.12,0
U02335,2025-09-22,Business,Australia,Content,Startup,25,7,0,9,1,0,,249,14.5,3486
U02336,2025-10-09,Free,India,Paid Search,SMB,8,2,2,2,1,1,2026-01-21,0,100.63,0
U02337,2025-06-27,Free,US,Content,Mid-Market,15,3,1,4,0,1,2026-02-18,0,39.99,0
U02338,2025-01-30,Free,US,Partner,Startup,10,2,0,3,0,1,2025-06-10,0,55.76,0
U02339,2025-01-18,Free,UK,Organic,Startup,8,3,1,5,1,1,2025-06-18,0,35.19,0
U02340,2025-07-01,Free,India,Paid Search,Startup,5,7,1,2,0,1,2025-11-10,0,107.74,0
U02341,2025-07-03,Pro,India,Organic,Startup,13,6,1,4,0,0,,79,30.62,711
U02342,2025-06-08,Free,UK,Partner,Startup,4,7,3,5,1,0,,0,74.27,0
U02343,2025-06-25,Pro,US,Referral,Startup,15,6,3,4,0,1,2025-08-27,79,17.81,158
U02344,2025-07-10,Pro,US,Paid Search,Enterprise,14,9,0,7,1,1,2025-10-16,79,97.53,237
U02345,2025-04-20,Free,UK,Paid Search,SMB,8,2,1,2,0,1,2025-11-26,0,58.97,0
U02346,2025-09-12,Business,US,Paid Search,Enterprise,18,6,1,4,1,0,,249,109.3,3237
U02347,2025-08-07,Free,UK,Organic,Startup,9,4,1,3,1,0,,0,43.79,0
U02348,2025-04-27,Pro,UK,Organic,Startup,14,6,2,4,0,0,,79,56.8,1106
U02349,2025-08-06,Business,US,Paid Search,Startup,21,7,0,10,1,0,,249,48.28,2988
U02350,2025-07-19,Free,India,Content,Startup,12,1,1,2,0,0,,0,54.23,0
U02351,2025-03-30,Pro,Canada,Content,Startup,13,7,0,5,1,0,,79,24.61,790
U02352,2025-03-05,Business,UK,Paid Search,Startup,11,9,1,8,1,0,,249,127.82,2490
U02353,2025-03-30,Pro,Canada,Paid Search,SMB,13,6,2,2,0,1,2026-02-14,79,85.22,869
U02354,2025-08-24,Business,Germany,Partner,SMB,9,8,0,10,0,1,2026-02-18,249,68.73,1494
U02355,2025-02-15,Business,US,Organic,Mid-Market,9,6,0,7,1,0,,249,14.66,2988
U02356,2025-06-10,Free,UK,Organic,Mid-Market,8,4,1,2,0,0,,0,29.9,0
U02357,2025-10-15,Pro,Canada,Organic,Startup,14,6,0,6,0,1,2025-12-31,79,31.27,237
U02358,2025-01-25,Free,Canada,Organic,Startup,5,3,1,4,0,0,,0,31.87,0
U02359,2025-06-14,Free,UK,Partner,SMB,10,3,1,3,0,0,,0,64.22,0
U02360,2025-03-29,Free,India,Content,SMB,3,5,0,3,0,1,2025-07-21,0,50.66,0
U02361,2025-09-08,Pro,UK,Organic,Startup,9,7,2,4,1,0,,79,27.17,869
U02362,2025-02-10,Free,US,Organic,Mid-Market,14,8,1,3,0,1,2025-12-30,0,28.81,0
U02363,2025-06-29,Free,Germany,Organic,SMB,7,6,2,3,0,0,,0,39.72,0
U02364,2025-08-12,Free,US,Referral,Mid-Market,12,8,2,2,0,0,,0,39.35,0
U02365,2025-02-09,Pro,Australia,Content,Mid-Market,11,4,2,3,0,0,,79,35.66,869
U02366,2025-05-02,Pro,Germany,Organic,Mid-Market,11,8,3,5,0,0,,79,67.59,790
U02367,2025-02-13,Pro,Canada,Paid Search,Startup,11,2,2,7,0,1,2025-11-30,79,104.34,790
U02368,2025-06-07,Pro,US,Organic,SMB,11,6,3,6,0,0,,79,35.68,948
U02369,2025-01-01,Free,UK,Referral,SMB,7,6,2,1,0,0,,0,29.31,0
U02370,2025-07-02,Pro,UK,Content,SMB,7,8,0,6,0,1,2026-04-11,79,26.64,711
U02371,2025-03-31,Pro,US,Content,Startup,8,6,1,5,0,0,,79,8.84,711
U02372,2025-04-22,Pro,Germany,Partner,SMB,16,7,0,7,0,1,2025-09-30,79,81.38,395
U02373,2025-08-25,Pro,US,Paid Search,Mid-Market,13,6,0,6,0,0,,79,71.8,790
U02374,2025-10-23,Business,Canada,Referral,Mid-Market,10,10,1,8,0,1,2026-02-03,249,23.33,747
U02375,2025-05-27,Pro,Germany,Referral,Mid-Market,12,6,0,3,0,0,,79,40.47,1027
U02376,2025-08-14,Pro,US,Referral,Mid-Market,9,6,2,5,1,0,,79,44.09,869
U02377,2025-04-27,Free,India,Content,Mid-Market,15,4,0,2,0,0,,0,26.55,0
U02378,2025-07-14,Pro,India,Referral,Startup,10,8,1,6,0,0,,79,26.09,1027
U02379,2025-04-28,Free,UK,Partner,SMB,7,3,1,1,0,0,,0,75.59,0
U02380,2025-02-15,Free,India,Partner,Startup,9,3,1,4,0,1,2025-03-19,0,58.12,0
U02381,2025-09-18,Free,India,Organic,Mid-Market,15,6,3,4,0,1,2026-06-13,0,21.38,0
U02382,2025-04-22,Pro,Australia,Content,Mid-Market,13,7,2,1,1,0,,79,27.33,948
U02383,2025-04-18,Free,Germany,Referral,SMB,6,3,1,2,0,0,,0,21.3,0
U02384,2025-04-24,Free,Canada,Content,Enterprise,8,7,2,2,0,0,,0,27.95,0
U02385,2025-08-31,Pro,Canada,Organic,Startup,12,5,0,5,0,0,,79,38.04,790
U02386,2025-07-31,Pro,US,Referral,Startup,13,6,0,2,0,0,,79,35.99,948
U02387,2025-02-22,Business,Canada,Paid Search,Startup,20,5,0,8,1,0,,249,120.61,2739
U02388,2025-01-25,Business,Germany,Organic,SMB,22,8,0,12,0,0,,249,43.61,3237
U02389,2025-07-06,Pro,India,Content,Startup,14,5,0,7,0,0,,79,38.72,790
U02390,2025-02-11,Pro,India,Content,Mid-Market,14,4,0,3,0,0,,79,19.88,948
U02391,2025-02-18,Pro,US,Referral,Mid-Market,13,7,1,2,1,0,,79,40.1,790
U02392,2025-08-27,Pro,US,Paid Search,Mid-Market,15,3,0,5,0,0,,79,87.45,711
U02393,2025-08-06,Free,India,Partner,SMB,10,1,2,5,0,0,,0,75.97,0
U02394,2025-04-25,Free,India,Content,Startup,9,2,1,2,0,0,,0,30.29,0
U02395,2025-08-07,Pro,Canada,Organic,SMB,14,7,0,8,0,1,2026-05-29,79,51.36,790
U02396,2025-03-31,Free,UK,Paid Search,Enterprise,9,4,0,3,0,0,,0,108.41,0
U02397,2025-05-21,Pro,Australia,Partner,SMB,11,9,2,5,1,0,,79,61.09,790
U02398,2025-02-01,Business,India,Organic,SMB,19,6,2,6,0,1,2025-05-10,249,34.81,747
U02399,2025-09-04,Free,Germany,Paid Search,SMB,16,2,4,1,0,1,2026-06-14,0,93.88,0
U02400,2025-01-26,Free,US,Content,Startup,6,3,2,1,0,0,,0,33.36,0
U02401,2025-10-10,Free,US,Organic,Mid-Market,7,3,1,3,0,1,2026-04-25,0,18.33,0
U02402,2025-05-06,Free,Germany,Referral,Startup,5,3,0,1,0,0,,0,39.08,0
U02403,2025-03-31,Free,Australia,Content,Enterprise,10,4,2,3,0,0,,0,27.66,0
U02404,2025-05-18,Pro,UK,Content,SMB,12,4,2,5,0,0,,79,44.23,948
U02405,2025-07-07,Pro,India,Organic,Enterprise,16,6,0,5,0,0,,79,40.32,711
U02406,2025-10-18,Free,Canada,Referral,Startup,9,2,0,1,0,0,,0,37.36,0
U02407,2025-10-13,Pro,Germany,Referral,Startup,13,3,2,4,1,1,2025-12-23,79,26.17,158
U02408,2025-07-19,Business,US,Paid Search,Mid-Market,10,8,0,6,1,0,,249,76.95,2988
U02409,2025-10-20,Business,US,Paid Search,Mid-Market,12,9,1,5,1,0,,249,128.36,2988
U02410,2025-03-08,Pro,India,Partner,Startup,20,4,1,9,1,0,,79,60.95,711
U02411,2025-01-07,Free,India,Paid Search,Startup,7,2,2,4,0,0,,0,110.38,0
U02412,2025-07-24,Pro,Germany,Paid Search,Mid-Market,14,5,0,4,0,0,,79,64.02,948
U02413,2025-10-11,Pro,US,Paid Search,Mid-Market,18,7,1,5,0,1,2026-09-04,79,71.92,869
U02414,2025-01-04,Free,US,Paid Search,Mid-Market,11,2,1,2,0,1,2025-06-03,0,97.48,0
U02415,2025-09-23,Pro,US,Organic,Mid-Market,9,4,1,2,0,1,2026-05-11,79,20.63,632
U02416,2025-08-12,Pro,India,Paid Search,Mid-Market,13,8,2,5,0,1,2025-11-28,79,86.86,316
U02417,2025-08-13,Pro,US,Paid Search,Startup,11,4,1,3,0,0,,79,66.62,869
U02418,2025-04-04,Pro,India,Partner,SMB,14,7,0,6,1,0,,79,70.56,869
U02419,2025-09-05,Pro,US,Organic,SMB,19,6,0,5,1,0,,79,50.24,790
U02420,2025-07-23,Free,US,Organic,SMB,2,1,2,2,0,0,,0,25.65,0
U02421,2025-09-04,Free,Australia,Paid Search,Startup,13,3,0,4,0,0,,0,75.72,0
U02422,2025-10-14,Free,India,Organic,SMB,9,3,1,2,0,0,,0,35.11,0
U02423,2025-06-06,Pro,India,Organic,Mid-Market,17,4,1,8,1,0,,79,45.94,869
U02424,2025-10-24,Business,India,Referral,SMB,20,8,2,6,1,0,,249,31.37,3486
U02425,2025-04-11,Pro,US,Paid Search,Startup,16,10,0,7,0,0,,79,92.84,1027
U02426,2025-06-16,Free,US,Organic,Mid-Market,16,6,0,2,0,0,,0,32.73,0
U02427,2025-10-03,Free,India,Partner,Mid-Market,5,3,0,3,0,0,,0,72.36,0
U02428,2025-01-21,Free,UK,Organic,SMB,13,3,1,5,0,1,2025-07-29,0,36.36,0
U02429,2025-03-19,Free,US,Content,Startup,9,4,2,1,0,0,,0,36.55,0
U02430,2025-01-19,Business,India,Organic,Startup,16,11,1,11,1,0,,249,23.65,3486
U02431,2025-07-31,Business,US,Organic,Enterprise,14,5,1,13,0,0,,249,26.34,3237
U02432,2025-03-23,Pro,Canada,Organic,Enterprise,16,4,1,3,0,0,,79,47.31,790
U02433,2025-02-18,Business,US,Paid Search,Startup,13,6,1,11,1,0,,249,118.98,3486
U02434,2025-01-29,Business,Australia,Referral,Mid-Market,10,13,0,4,0,0,,249,30.23,2988
U02435,2025-08-10,Pro,India,Content,SMB,15,5,0,7,1,0,,79,27.3,632
U02436,2025-03-28,Pro,Germany,Organic,SMB,13,9,2,6,1,0,,79,39.42,948
U02437,2025-10-10,Business,US,Paid Search,SMB,12,7,0,14,0,0,,249,81.56,2739
U02438,2025-09-23,Pro,UK,Organic,SMB,9,4,0,8,1,0,,79,41.92,1027
U02439,2025-04-12,Free,UK,Referral,Mid-Market,8,6,0,3,0,0,,0,48.71,0
U02440,2025-04-03,Free,India,Paid Search,Startup,5,4,3,1,0,1,2025-10-23,0,110.69,0
U02441,2025-09-22,Pro,India,Organic,Startup,19,3,2,4,0,0,,79,42.94,1027
U02442,2025-04-09,Pro,India,Paid Search,Mid-Market,15,5,0,4,0,0,,79,73.45,1027
U02443,2025-06-24,Pro,Canada,Content,SMB,12,3,0,4,0,0,,79,29.25,869
U02444,2025-09-07,Business,US,Content,Startup,17,11,0,10,1,0,,249,20.09,3486
U02445,2025-09-15,Free,US,Content,Mid-Market,5,4,3,3,0,0,,0,38.85,0
U02446,2025-08-17,Free,US,Referral,Mid-Market,11,6,2,3,0,0,,0,27.44,0
U02447,2025-07-02,Pro,India,Partner,Startup,8,6,4,3,0,0,,79,60.13,790
U02448,2025-04-07,Free,India,Partner,Mid-Market,12,3,1,2,1,0,,0,78.04,0
U02449,2025-03-14,Free,US,Organic,Startup,3,8,2,4,0,1,2025-06-05,0,42.28,0
U02450,2025-05-31,Free,India,Organic,Startup,7,4,1,2,0,0,,0,35.84,0
U02451,2025-10-25,Business,US,Paid Search,SMB,14,8,0,9,1,0,,249,110.7,2988
U02452,2025-06-18,Business,UK,Content,Startup,17,9,0,7,1,0,,249,28.8,2241
U02453,2025-04-30,Free,India,Paid Search,Startup,10,3,2,2,0,1,2025-12-24,0,85.2,0
U02454,2025-08-05,Free,UK,Referral,SMB,5,3,0,3,0,1,2026-02-04,0,5.0,0
U02455,2025-02-15,Free,India,Organic,Startup,6,3,1,3,0,0,,0,45.66,0
U02456,2025-02-10,Free,India,Referral,SMB,8,4,1,2,0,1,2025-10-20,0,32.27,0
U02457,2025-04-21,Pro,India,Content,SMB,16,8,1,3,0,0,,79,35.45,1106
U02458,2025-08-15,Free,India,Organic,Startup,10,3,1,1,0,1,2025-11-12,0,35.45,0
U02459,2025-09-11,Pro,India,Content,Startup,11,6,1,6,0,0,,79,28.22,711
U02460,2025-01-30,Free,India,Organic,Startup,7,2,3,2,0,1,2025-03-16,0,25.18,0
U02461,2025-02-12,Pro,Germany,Paid Search,SMB,14,6,0,5,0,0,,79,93.62,1027
U02462,2025-06-26,Free,US,Organic,SMB,3,3,3,2,0,0,,0,30.6,0
U02463,2025-08-10,Pro,US,Content,SMB,13,8,0,2,0,1,2026-05-04,79,46.57,711
U02464,2025-10-11,Pro,US,Organic,SMB,12,4,0,6,0,1,2026-07-26,79,48.28,790
U02465,2025-05-05,Free,Australia,Paid Search,SMB,11,2,0,2,0,1,2025-07-18,0,84.54,0
U02466,2025-02-21,Free,India,Organic,SMB,7,4,1,2,0,1,2025-11-20,0,19.98,0
U02467,2025-03-17,Free,US,Paid Search,Startup,5,3,0,3,0,0,,0,75.89,0
U02468,2025-08-21,Free,US,Content,Startup,2,3,1,3,0,1,2026-04-19,0,25.84,0
U02469,2025-07-17,Pro,India,Paid Search,Startup,14,7,0,5,0,0,,79,118.27,869
U02470,2025-04-28,Free,US,Organic,SMB,12,5,1,2,0,0,,0,42.09,0
U02471,2025-06-17,Free,India,Paid Search,SMB,8,2,2,2,0,0,,0,85.52,0
U02472,2025-03-11,Business,India,Referral,Startup,17,8,0,5,1,0,,249,9.11,2739
U02473,2025-06-19,Pro,US,Organic,Startup,16,6,1,9,1,0,,79,46.05,869
U02474,2025-06-04,Pro,India,Organic,SMB,23,5,2,3,1,0,,79,48.76,1027
U02475,2025-02-18,Free,India,Paid Search,Startup,5,4,1,2,0,0,,0,105.17,0
U02476,2025-02-27,Free,US,Referral,SMB,6,2,2,3,0,1,2025-06-06,0,49.94,0
U02477,2025-08-30,Free,UK,Content,Startup,7,3,0,2,1,1,2026-01-29,0,62.36,0
U02478,2025-05-14,Pro,India,Content,SMB,18,7,1,6,1,0,,79,25.9,948
U02479,2025-02-10,Business,UK,Paid Search,Startup,15,9,2,6,1,0,,249,106.42,2241
U02480,2025-06-25,Free,India,Paid Search,Enterprise,7,1,1,1,0,1,2026-03-31,0,44.37,0
U02481,2025-05-30,Pro,Australia,Referral,SMB,15,5,2,6,0,0,,79,33.65,790
U02482,2025-08-20,Pro,UK,Paid Search,Startup,9,5,1,3,1,0,,79,59.56,1027
U02483,2025-02-15,Free,US,Paid Search,Startup,9,5,1,1,0,0,,0,107.75,0
U02484,2025-09-02,Business,UK,Referral,Startup,11,8,0,6,1,0,,249,39.0,2241
U02485,2025-09-30,Business,US,Partner,Mid-Market,8,8,0,4,1,0,,249,56.72,2739
U02486,2025-09-24,Free,India,Partner,Mid-Market,8,3,1,1,0,0,,0,68.48,0
U02487,2025-02-16,Free,Australia,Paid Search,Enterprise,9,2,1,2,0,1,2025-08-14,0,92.95,0
U02488,2025-05-26,Pro,Germany,Referral,SMB,6,4,1,8,0,0,,79,37.55,948
U02489,2025-04-15,Business,US,Referral,SMB,20,10,0,7,1,0,,249,44.26,2739
U02490,2025-10-02,Pro,Germany,Organic,SMB,10,6,0,5,1,0,,79,34.22,711
U02491,2025-09-26,Free,Canada,Paid Search,Enterprise,8,2,2,3,0,1,2026-02-24,0,106.26,0
U02492,2025-09-26,Free,India,Paid Search,SMB,12,4,3,4,0,0,,0,101.91,0
U02493,2025-09-17,Business,US,Partner,Enterprise,9,6,0,7,1,0,,249,82.4,2241
U02494,2025-05-27,Business,US,Organic,Mid-Market,17,9,0,7,0,0,,249,25.12,2739
U02495,2025-01-07,Pro,US,Organic,SMB,20,4,3,3,0,0,,79,40.78,1027
U02496,2025-02-02,Pro,India,Paid Search,Startup,10,7,2,5,0,0,,79,99.64,1027
U02497,2025-03-08,Free,Germany,Paid Search,Mid-Market,4,1,1,2,1,0,,0,87.33,0
U02498,2025-04-20,Free,Canada,Referral,Mid-Market,8,2,2,1,0,1,2026-01-22,0,39.35,0
U02499,2025-06-05,Free,Australia,Paid Search,Startup,9,5,1,2,0,0,,0,107.14,0
U02500,2025-08-12,Pro,India,Organic,Mid-Market,18,5,0,4,1,0,,79,41.2,1027
U02501,2025-03-11,Free,US,Content,SMB,10,3,1,1,0,0,,0,28.49,0
U02502,2025-06-18,Pro,US,Content,Mid-Market,12,9,0,4,0,0,,79,40.79,790
U02503,2025-05-25,Free,US,Organic,SMB,8,2,1,4,0,0,,0,41.7,0
U02504,2025-02-26,Free,India,Partner,SMB,11,4,1,4,0,1,2025-11-10,0,81.39,0
U02505,2025-03-15,Free,Germany,Organic,SMB,11,4,1,2,0,1,2025-05-12,0,31.86,0
U02506,2025-09-16,Pro,Germany,Content,SMB,18,8,1,6,0,0,,79,19.32,711
U02507,2025-05-25,Pro,India,Referral,SMB,13,7,1,4,1,0,,79,25.36,790
U02508,2025-07-13,Free,Canada,Organic,SMB,12,5,1,2,1,0,,0,34.06,0
U02509,2025-04-16,Pro,UK,Paid Search,Startup,10,5,1,5,1,0,,79,75.97,869
U02510,2025-02-08,Pro,US,Referral,Enterprise,11,6,2,6,0,0,,79,27.72,711
U02511,2025-03-24,Free,India,Partner,Startup,10,4,4,3,0,0,,0,96.78,0
U02512,2025-09-04,Free,US,Partner,Mid-Market,10,4,0,1,0,0,,0,57.44,0
U02513,2025-09-21,Pro,US,Partner,SMB,11,6,0,2,0,0,,79,80.21,711
U02514,2025-06-04,Free,UK,Paid Search,Enterprise,5,3,3,3,0,1,2026-01-27,0,127.81,0
U02515,2025-07-14,Free,India,Partner,SMB,7,5,1,3,0,0,,0,61.01,0
U02516,2025-04-18,Free,US,Referral,SMB,8,3,0,4,0,0,,0,36.11,0
U02517,2025-09-27,Free,UK,Organic,SMB,5,1,2,2,0,1,2026-03-18,0,22.69,0
U02518,2025-06-07,Pro,US,Partner,Startup,13,6,0,6,0,0,,79,90.35,790
U02519,2025-07-13,Free,Canada,Content,SMB,12,5,0,3,0,1,2025-11-11,0,21.77,0
U02520,2025-06-12,Pro,Australia,Referral,Startup,10,6,0,4,0,0,,79,41.55,711
U02521,2025-06-14,Pro,US,Referral,Enterprise,8,2,1,4,1,0,,79,44.3,711
U02522,2025-10-21,Free,US,Organic,SMB,5,2,0,2,0,0,,0,28.25,0
U02523,2025-06-07,Business,India,Content,Startup,12,10,0,11,1,0,,249,43.89,2241
U02524,2025-07-25,Business,UK,Paid Search,Startup,14,12,3,10,1,1,2026-06-08,249,100.41,2739
U02525,2025-05-07,Pro,US,Paid Search,Startup,7,6,4,2,1,1,2025-11-20,79,104.39,553
U02526,2025-03-24,Pro,India,Content,Mid-Market,16,5,1,3,0,1,2025-04-24,79,57.5,79
U02527,2025-02-14,Free,Germany,Paid Search,SMB,6,7,3,3,0,1,2025-12-07,0,87.23,0
U02528,2025-05-06,Pro,India,Paid Search,Startup,18,6,1,6,1,0,,79,111.75,790
U02529,2025-06-23,Business,US,Content,Startup,18,8,2,5,1,0,,249,41.88,3237
U02530,2025-02-03,Pro,India,Organic,Startup,13,4,0,5,1,0,,79,28.86,790
U02531,2025-10-13,Free,Germany,Referral,Startup,3,2,1,4,0,1,2026-07-16,0,25.0,0
U02532,2025-04-17,Free,UK,Organic,SMB,5,4,0,2,0,0,,0,57.56,0
U02533,2025-10-12,Pro,India,Organic,Mid-Market,17,9,1,3,1,0,,79,41.04,1027
U02534,2025-08-31,Free,India,Organic,SMB,13,5,1,1,0,1,2026-07-10,0,27.66,0
U02535,2025-02-03,Free,India,Content,Enterprise,10,4,1,4,0,0,,0,48.59,0
U02536,2025-05-02,Free,US,Organic,SMB,1,3,1,4,0,0,,0,48.61,0
U02537,2025-02-10,Business,US,Paid Search,Startup,11,10,1,6,0,0,,249,94.1,3237
U02538,2025-08-31,Pro,Germany,Paid Search,Startup,9,4,5,3,0,0,,79,106.74,948
U02539,2025-04-12,Pro,India,Content,Startup,10,4,0,3,0,0,,79,28.71,948
U02540,2025-04-05,Pro,India,Organic,SMB,8,9,2,4,1,0,,79,50.82,869
U02541,2025-08-23,Pro,India,Paid Search,Enterprise,23,4,0,2,1,1,2025-10-16,79,114.65,158
U02542,2025-07-06,Pro,Canada,Organic,Startup,16,6,0,4,0,0,,79,29.3,948
U02543,2025-01-04,Free,India,Partner,SMB,10,3,2,3,0,0,,0,65.02,0
U02544,2025-01-23,Free,US,Organic,Enterprise,4,5,2,1,0,1,2025-11-08,0,32.03,0
U02545,2025-01-09,Pro,India,Referral,SMB,15,6,1,4,0,0,,79,28.87,1027
U02546,2025-02-10,Free,Canada,Organic,Startup,7,4,4,3,0,0,,0,47.23,0
U02547,2025-05-10,Free,Canada,Paid Search,SMB,15,3,2,4,0,0,,0,58.54,0
U02548,2025-05-03,Business,India,Organic,Startup,21,10,0,5,1,0,,249,29.76,3486
U02549,2025-04-17,Business,Germany,Content,Startup,17,11,0,6,1,0,,249,38.86,2241
U02550,2025-10-03,Free,US,Organic,SMB,13,5,3,1,0,0,,0,26.6,0
U02551,2025-06-19,Free,India,Content,Startup,10,5,0,3,0,0,,0,17.72,0
U02552,2025-08-02,Free,US,Organic,Startup,7,3,1,2,0,0,,0,21.26,0
U02553,2025-02-22,Free,UK,Content,Mid-Market,10,4,2,3,0,0,,0,31.59,0
U02554,2025-03-08,Free,India,Content,Startup,12,4,2,1,0,0,,0,27.99,0
U02555,2025-03-17,Free,US,Content,SMB,12,1,0,2,0,0,,0,47.75,0
U02556,2025-03-31,Free,India,Content,SMB,12,4,1,5,0,0,,0,19.16,0
U02557,2025-08-06,Pro,India,Paid Search,Mid-Market,21,9,2,1,0,1,2025-11-11,79,102.51,237
U02558,2025-01-14,Free,India,Organic,Mid-Market,7,1,1,3,0,0,,0,12.04,0
U02559,2025-01-23,Free,Australia,Paid Search,Startup,5,5,3,3,0,0,,0,125.45,0
U02560,2025-07-12,Pro,Canada,Paid Search,Mid-Market,8,6,2,6,0,0,,79,97.71,1106
U02561,2025-02-10,Free,US,Referral,Startup,10,1,0,2,0,1,2025-03-19,0,57.07,0
U02562,2025-10-12,Pro,US,Paid Search,Startup,10,6,1,6,0,1,2025-11-14,79,106.16,79
U02563,2025-01-09,Free,India,Paid Search,SMB,8,2,1,1,0,1,2025-11-20,0,93.54,0
U02564,2025-07-12,Pro,India,Referral,Mid-Market,11,5,0,5,1,0,,79,43.59,790
U02565,2025-04-30,Free,US,Referral,Startup,5,1,0,2,0,1,2025-07-28,0,33.3,0
U02566,2025-08-15,Pro,UK,Paid Search,Startup,18,5,1,4,1,1,2026-06-06,79,102.37,790
U02567,2025-09-29,Business,US,Organic,Startup,12,11,0,8,1,0,,249,20.85,2241
U02568,2025-04-24,Free,UK,Content,SMB,11,2,1,3,0,1,2026-03-06,0,37.56,0
U02569,2025-07-04,Free,US,Paid Search,Startup,10,4,1,2,0,0,,0,129.33,0
U02570,2025-08-23,Business,Australia,Referral,Startup,13,12,0,9,0,0,,249,30.69,2490
U02571,2025-05-21,Business,India,Partner,Startup,8,6,2,4,0,1,2025-08-26,249,57.73,747
U02572,2025-05-27,Pro,India,Organic,Startup,13,8,0,10,0,0,,79,19.69,869
U02573,2025-04-24,Free,US,Content,SMB,7,6,2,2,0,1,2026-03-17,0,42.63,0
U02574,2025-08-02,Free,US,Partner,SMB,6,4,2,3,0,1,2026-02-08,0,81.1,0
U02575,2025-10-18,Pro,UK,Partner,Startup,17,5,0,4,0,1,2026-05-09,79,77.69,553
U02576,2025-03-19,Pro,UK,Organic,Startup,13,5,0,3,0,1,2025-12-01,79,28.24,711
U02577,2025-03-25,Free,UK,Organic,Mid-Market,7,5,3,1,0,1,2025-06-20,0,43.55,0
U02578,2025-07-31,Pro,US,Organic,Startup,17,7,4,3,0,1,2026-04-07,79,26.37,632
U02579,2025-04-23,Free,India,Paid Search,SMB,11,2,2,1,1,0,,0,118.28,0
U02580,2025-03-12,Pro,Canada,Paid Search,Startup,11,7,1,5,0,0,,79,63.2,790
U02581,2025-01-20,Pro,Australia,Referral,Enterprise,9,6,2,4,0,0,,79,32.62,1106
U02582,2025-04-11,Pro,India,Content,Mid-Market,8,6,0,6,0,0,,79,46.11,790
U02583,2025-06-01,Pro,Canada,Organic,Mid-Market,12,3,1,2,0,0,,79,48.28,711
U02584,2025-03-27,Pro,US,Organic,SMB,13,6,4,3,0,0,,79,25.27,869
U02585,2025-08-03,Free,US,Organic,SMB,12,2,1,2,0,0,,0,48.55,0
U02586,2025-05-12,Free,US,Organic,SMB,12,6,2,2,0,1,2025-11-10,0,29.83,0
U02587,2025-04-09,Pro,US,Partner,Startup,13,7,1,5,0,0,,79,43.17,1027
U02588,2025-03-06,Pro,Australia,Organic,SMB,12,6,0,1,0,0,,79,43.58,869
U02589,2025-05-02,Pro,India,Paid Search,Mid-Market,15,6,3,5,1,1,2025-07-22,79,108.2,237
U02590,2025-07-01,Free,India,Partner,SMB,6,2,2,2,0,1,2026-03-19,0,43.37,0
U02591,2025-06-29,Pro,Germany,Organic,Startup,17,7,1,4,0,1,2025-10-12,79,42.88,316
U02592,2025-07-13,Free,UK,Paid Search,SMB,8,6,1,2,1,0,,0,69.45,0
U02593,2025-04-24,Free,US,Content,Mid-Market,13,4,2,7,0,0,,0,30.61,0
U02594,2025-03-10,Pro,US,Paid Search,SMB,13,6,1,2,0,0,,79,90.23,790
U02595,2025-10-25,Pro,US,Organic,Startup,9,6,2,6,1,1,2026-08-02,79,33.16,711
U02596,2025-08-20,Free,Australia,Organic,Startup,8,2,1,2,0,0,,0,41.95,0
U02597,2025-09-27,Free,India,Organic,Startup,8,4,1,2,0,0,,0,47.65,0
U02598,2025-07-19,Free,India,Content,Mid-Market,12,2,4,3,0,0,,0,34.36,0
U02599,2025-08-31,Free,Germany,Organic,Mid-Market,13,2,0,2,1,0,,0,19.62,0
U02600,2025-10-15,Free,Australia,Partner,Enterprise,9,6,3,2,0,0,,0,51.9,0
U02601,2025-04-04,Free,India,Organic,SMB,7,1,3,2,0,0,,0,42.59,0
U02602,2025-09-17,Free,India,Referral,SMB,6,2,0,2,0,0,,0,27.86,0
U02603,2025-06-23,Free,India,Referral,Mid-Market,12,2,1,3,0,0,,0,32.69,0
U02604,2025-10-11,Free,US,Content,Mid-Market,11,5,0,2,0,0,,0,29.81,0
U02605,2025-10-11,Free,US,Paid Search,Startup,6,1,2,2,0,1,2026-04-30,0,68.7,0
U02606,2025-10-04,Free,India,Referral,SMB,9,1,1,1,0,0,,0,35.28,0
U02607,2025-10-05,Pro,US,Organic,SMB,14,7,0,6,1,0,,79,35.71,948
U02608,2025-09-29,Free,India,Paid Search,Startup,8,2,2,1,0,1,2026-06-21,0,76.67,0
U02609,2025-07-20,Pro,Canada,Organic,SMB,12,6,4,4,0,0,,79,49.27,711
U02610,2025-10-23,Free,Australia,Content,SMB,10,1,1,2,0,0,,0,43.56,0
U02611,2025-10-02,Free,India,Content,Startup,3,3,3,2,1,0,,0,32.94,0
U02612,2025-10-14,Pro,UK,Content,SMB,14,7,0,5,0,0,,79,44.74,948
U02613,2025-06-04,Business,India,Paid Search,Startup,16,9,1,13,0,1,2025-07-05,249,97.98,249
U02614,2025-04-17,Free,India,Organic,SMB,7,3,2,1,0,1,2025-11-02,0,24.97,0
U02615,2025-02-21,Free,US,Organic,Mid-Market,13,3,1,3,1,0,,0,44.94,0
U02616,2025-02-09,Pro,Canada,Paid Search,SMB,8,9,0,2,0,0,,79,87.34,948
U02617,2025-07-21,Free,India,Content,Startup,5,3,2,2,0,1,2025-12-25,0,24.81,0
U02618,2025-10-07,Pro,Australia,Paid Search,Startup,11,5,0,5,0,0,,79,90.49,711
U02619,2025-07-17,Business,US,Paid Search,Startup,22,8,1,4,1,1,2025-09-24,249,77.99,498
U02620,2025-04-04,Pro,UK,Paid Search,Mid-Market,17,4,3,4,1,0,,79,106.69,790
U02621,2025-02-26,Free,India,Partner,SMB,4,2,1,2,0,0,,0,59.89,0
U02622,2025-09-17,Free,UK,Organic,Mid-Market,7,2,2,2,0,1,2025-11-03,0,42.18,0
U02623,2025-01-13,Free,India,Partner,Mid-Market,6,4,0,2,0,0,,0,29.14,0
U02624,2025-10-26,Pro,US,Paid Search,SMB,7,4,0,1,0,0,,79,92.38,948
U02625,2025-02-23,Free,US,Organic,Startup,16,5,3,2,0,0,,0,33.87,0
U02626,2025-07-06,Pro,UK,Referral,Startup,14,9,0,7,0,0,,79,26.79,948
U02627,2025-09-10,Free,UK,Paid Search,Mid-Market,12,3,3,2,0,0,,0,85.22,0
U02628,2025-03-27,Free,Germany,Content,Mid-Market,4,6,1,2,0,0,,0,12.81,0
U02629,2025-01-21,Pro,India,Partner,Startup,8,7,0,8,1,0,,79,57.24,711
U02630,2025-07-19,Free,US,Organic,SMB,3,4,1,3,0,0,,0,38.16,0
U02631,2025-09-27,Pro,UK,Referral,Mid-Market,12,6,2,7,0,1,2026-04-06,79,42.13,474
U02632,2025-09-11,Free,US,Paid Search,Mid-Market,4,4,3,3,0,1,2026-03-12,0,101.8,0
U02633,2025-05-08,Business,Canada,Organic,Startup,11,6,1,5,1,0,,249,41.56,2490
U02634,2025-02-21,Pro,Australia,Partner,Startup,8,10,0,2,0,0,,79,70.97,869
U02635,2025-02-27,Free,Canada,Content,Startup,6,2,1,2,1,1,2025-07-05,0,35.72,0
U02636,2025-09-21,Free,Germany,Referral,SMB,9,4,1,3,0,0,,0,36.32,0
U02637,2025-06-09,Pro,UK,Paid Search,Enterprise,18,9,1,6,1,1,2025-09-17,79,124.45,237
U02638,2025-08-04,Pro,UK,Content,Mid-Market,13,5,1,5,0,0,,79,56.0,869
U02639,2025-08-30,Pro,India,Organic,SMB,14,7,0,5,0,1,2025-12-22,79,29.6,316
U02640,2025-10-04,Pro,India,Organic,Startup,11,5,1,5,0,0,,79,32.61,790
U02641,2025-03-27,Pro,Australia,Partner,SMB,20,7,2,5,1,1,2025-12-13,79,64.09,711
U02642,2025-04-14,Pro,US,Partner,Mid-Market,10,8,0,4,0,1,2025-10-16,79,51.08,474
U02643,2025-06-30,Free,UK,Paid Search,SMB,5,5,2,4,0,1,2025-11-16,0,80.71,0
U02644,2025-10-01,Free,US,Content,SMB,10,5,3,2,0,1,2026-01-18,0,43.0,0
U02645,2025-09-08,Business,India,Paid Search,SMB,15,6,1,10,1,0,,249,77.22,2241
U02646,2025-02-25,Pro,India,Content,Mid-Market,13,8,0,4,0,1,2025-07-09,79,47.8,316
U02647,2025-09-23,Free,US,Content,Mid-Market,9,4,0,2,1,1,2026-07-25,0,19.14,0
U02648,2025-08-06,Pro,India,Paid Search,Startup,2,7,0,2,1,0,,79,79.78,948
U02649,2025-09-05,Free,Australia,Referral,SMB,7,2,1,2,0,0,,0,34.76,0
U02650,2025-10-07,Free,India,Partner,SMB,12,3,2,3,1,0,,0,65.98,0
U02651,2025-01-17,Free,US,Paid Search,Startup,8,4,1,2,0,1,2025-07-25,0,113.11,0
U02652,2025-06-15,Free,UK,Organic,SMB,12,1,4,2,0,0,,0,36.33,0
U02653,2025-01-10,Business,Australia,Referral,Enterprise,17,9,0,9,1,0,,249,35.37,2988
U02654,2025-02-15,Free,Germany,Organic,Startup,13,2,2,4,0,0,,0,38.9,0
U02655,2025-04-10,Free,India,Referral,Mid-Market,3,7,3,1,0,1,2025-09-19,0,33.46,0
U02656,2025-10-16,Free,US,Paid Search,SMB,7,3,1,4,0,1,2026-06-05,0,77.78,0
U02657,2025-07-15,Free,UK,Partner,SMB,9,2,1,3,0,1,2026-02-06,0,51.17,0
U02658,2025-06-26,Free,India,Content,Startup,11,3,2,1,0,1,2026-04-14,0,21.38,0
U02659,2025-01-26,Free,Australia,Paid Search,SMB,6,2,2,2,1,1,2025-07-05,0,85.19,0
U02660,2025-03-24,Business,US,Paid Search,Mid-Market,13,8,0,9,1,0,,249,119.81,3237
U02661,2025-01-05,Free,US,Content,Mid-Market,13,2,1,4,0,0,,0,23.38,0
U02662,2025-10-03,Business,Canada,Organic,Mid-Market,19,10,0,9,0,0,,249,24.34,2988
U02663,2025-05-02,Free,UK,Organic,SMB,9,5,2,4,0,1,2025-07-15,0,37.37,0
U02664,2025-09-05,Pro,Germany,Organic,Startup,11,4,0,3,1,0,,79,49.24,1106
U02665,2025-01-15,Free,India,Organic,SMB,7,3,1,2,0,0,,0,47.61,0
U02666,2025-10-09,Business,Australia,Referral,SMB,14,10,1,5,0,0,,249,34.22,3486
U02667,2025-06-11,Business,Australia,Organic,SMB,20,10,1,7,1,0,,249,43.26,2241
U02668,2025-07-14,Free,US,Content,Startup,8,1,1,5,0,1,2026-01-12,0,42.49,0
U02669,2025-08-06,Business,India,Paid Search,SMB,12,7,0,7,0,0,,249,97.95,2241
U02670,2025-03-07,Free,US,Referral,SMB,9,3,0,1,0,0,,0,57.24,0
U02671,2025-05-24,Free,Australia,Paid Search,Mid-Market,7,5,1,1,0,1,2026-04-11,0,121.04,0
U02672,2025-06-29,Pro,Canada,Paid Search,Mid-Market,18,10,1,4,0,0,,79,91.18,632
U02673,2025-08-26,Free,Australia,Paid Search,Startup,8,4,3,5,0,0,,0,131.36,0
U02674,2025-06-02,Free,India,Partner,Startup,9,2,1,3,0,0,,0,72.98,0
U02675,2025-06-25,Free,US,Partner,SMB,4,4,1,3,0,1,2026-03-29,0,45.02,0
U02676,2025-06-02,Free,India,Referral,SMB,9,4,0,3,0,0,,0,37.82,0
U02677,2025-04-06,Free,India,Referral,Startup,11,3,3,4,0,0,,0,48.43,0
U02678,2025-01-05,Pro,India,Paid Search,SMB,11,7,1,5,1,0,,79,73.37,790
U02679,2025-08-29,Free,US,Paid Search,Mid-Market,6,1,2,4,0,1,2026-05-15,0,127.3,0
U02680,2025-03-19,Pro,UK,Referral,Startup,14,6,2,3,0,1,2025-09-04,79,32.37,474
U02681,2025-04-28,Free,Germany,Referral,Mid-Market,13,4,3,3,0,1,2026-03-02,0,32.7,0
U02682,2025-03-22,Free,India,Paid Search,SMB,6,8,2,2,0,1,2025-07-13,0,91.91,0
U02683,2025-07-28,Free,UK,Content,SMB,11,4,0,4,0,1,2026-06-05,0,40.54,0
U02684,2025-01-27,Business,UK,Content,SMB,11,9,1,4,1,0,,249,38.88,3237
U02685,2025-05-18,Free,Australia,Content,Mid-Market,5,3,0,1,0,0,,0,34.52,0
U02686,2025-04-24,Business,US,Organic,SMB,13,8,0,9,0,0,,249,42.56,2490
U02687,2025-06-30,Pro,Germany,Paid Search,SMB,9,9,1,5,0,0,,79,73.22,869
U02688,2025-05-15,Free,India,Content,SMB,9,3,0,3,0,0,,0,34.85,0
U02689,2025-03-06,Free,India,Paid Search,Mid-Market,7,1,2,2,0,1,2025-04-28,0,70.79,0
U02690,2025-07-25,Free,India,Content,SMB,4,2,1,2,0,0,,0,31.3,0
U02691,2025-08-25,Free,India,Paid Search,Mid-Market,8,6,3,2,1,1,2026-03-31,0,43.11,0
U02692,2025-06-05,Free,India,Referral,Mid-Market,9,5,0,4,1,0,,0,16.63,0
U02693,2025-08-02,Free,Germany,Paid Search,Mid-Market,8,6,0,2,0,0,,0,57.33,0
U02694,2025-05-17,Free,UK,Paid Search,Startup,9,1,0,6,0,1,2026-03-28,0,74.89,0
U02695,2025-06-14,Pro,Australia,Paid Search,Mid-Market,17,3,1,7,1,0,,79,82.35,1027
U02696,2025-02-13,Free,India,Paid Search,SMB,7,2,1,2,0,0,,0,71.37,0
U02697,2025-06-27,Pro,India,Organic,SMB,14,8,1,6,0,0,,79,27.29,790
U02698,2025-03-12,Free,India,Referral,Startup,6,1,0,5,0,0,,0,29.05,0
U02699,2025-09-18,Pro,UK,Paid Search,Startup,16,8,1,5,0,0,,79,65.18,948
U02700,2025-04-07,Pro,India,Organic,Startup,18,6,0,4,0,0,,79,37.68,869
U02701,2025-02-23,Pro,India,Organic,Startup,8,4,0,4,0,0,,79,20.33,869
U02702,2025-02-14,Free,Germany,Paid Search,SMB,4,1,0,1,0,0,,0,110.84,0
U02703,2025-01-05,Pro,UK,Organic,Startup,11,8,1,3,1,0,,79,43.12,790
U02704,2025-03-19,Free,US,Partner,Startup,7,2,3,4,0,1,2025-10-02,0,85.45,0
U02705,2025-03-14,Pro,Germany,Referral,SMB,17,7,0,7,0,0,,79,44.93,632
U02706,2025-05-02,Pro,Australia,Organic,SMB,10,7,0,1,0,0,,79,39.59,1027
U02707,2025-01-07,Free,India,Paid Search,Mid-Market,7,5,1,4,0,0,,0,101.89,0
U02708,2025-03-11,Free,Germany,Content,Mid-Market,4,1,2,2,0,1,2025-10-26,0,28.06,0
U02709,2025-09-20,Business,Canada,Referral,SMB,10,9,0,11,0,0,,249,49.09,2490
U02710,2025-03-18,Free,India,Organic,Startup,19,3,4,4,0,0,,0,46.07,0
U02711,2025-09-28,Free,Germany,Organic,SMB,5,4,1,4,0,0,,0,36.86,0
U02712,2025-08-24,Free,India,Paid Search,Startup,8,4,1,1,0,1,2025-12-25,0,79.72,0
U02713,2025-01-25,Free,India,Content,Mid-Market,12,3,2,2,0,1,2025-11-10,0,38.68,0
U02714,2025-04-19,Free,UK,Partner,Mid-Market,6,1,3,1,0,0,,0,49.25,0
U02715,2025-01-10,Free,US,Organic,Mid-Market,14,4,0,1,0,0,,0,31.08,0
U02716,2025-04-25,Pro,India,Partner,Mid-Market,12,9,3,2,1,0,,79,81.24,869
U02717,2025-05-01,Free,UK,Organic,Startup,6,1,0,4,0,0,,0,46.9,0
U02718,2025-08-23,Free,US,Organic,Mid-Market,6,2,2,2,0,0,,0,45.93,0
U02719,2025-04-16,Pro,India,Content,Startup,11,6,1,6,0,0,,79,32.33,948
U02720,2025-08-19,Free,US,Content,Mid-Market,6,4,2,2,0,1,2025-10-16,0,38.93,0
U02721,2025-06-04,Pro,Germany,Partner,Startup,14,3,0,4,1,0,,79,82.67,711
U02722,2025-08-03,Free,US,Paid Search,SMB,9,6,2,3,0,1,2026-03-11,0,88.04,0
U02723,2025-04-09,Free,India,Content,SMB,8,1,0,2,0,1,2026-01-25,0,31.35,0
U02724,2025-06-24,Free,UK,Paid Search,SMB,6,4,3,1,0,0,,0,79.71,0
U02725,2025-01-09,Pro,India,Referral,Startup,10,5,1,4,0,1,2025-03-18,79,53.01,158
U02726,2025-01-19,Free,India,Organic,Mid-Market,7,2,0,2,0,0,,0,26.16,0
U02727,2025-08-10,Pro,India,Paid Search,Startup,16,10,2,3,0,0,,79,102.68,711
U02728,2025-09-16,Free,US,Organic,SMB,12,2,0,2,0,1,2026-06-25,0,43.07,0
U02729,2025-01-24,Free,US,Organic,Enterprise,9,7,1,2,0,0,,0,44.92,0
U02730,2025-07-08,Business,US,Paid Search,Mid-Market,22,8,0,8,1,0,,249,78.29,2490
U02731,2025-02-04,Business,Canada,Organic,Startup,16,10,0,8,1,0,,249,34.55,3486
U02732,2025-10-10,Free,Canada,Organic,Startup,10,6,1,3,0,0,,0,37.48,0
U02733,2025-01-20,Business,US,Partner,Enterprise,17,7,0,5,1,1,2025-11-18,249,81.19,2490
U02734,2025-02-24,Pro,US,Referral,Startup,10,4,2,2,0,0,,79,10.27,1027
U02735,2025-09-04,Business,India,Partner,Startup,16,10,1,7,1,0,,249,61.86,3486
U02736,2025-02-05,Pro,UK,Referral,Startup,16,9,2,2,0,0,,79,32.92,632
U02737,2025-02-19,Business,Canada,Partner,SMB,13,8,2,10,1,0,,249,45.46,2490
U02738,2025-09-28,Pro,Canada,Paid Search,SMB,12,8,1,3,0,0,,79,79.5,869
U02739,2025-01-24,Business,India,Paid Search,SMB,21,9,0,7,1,0,,249,106.97,3237
U02740,2025-04-05,Free,Germany,Partner,Startup,5,4,2,1,0,0,,0,60.92,0
U02741,2025-09-20,Pro,India,Referral,Mid-Market,11,4,1,3,1,0,,79,37.5,711
U02742,2025-10-15,Pro,Canada,Paid Search,SMB,13,6,1,1,0,0,,79,104.1,948
U02743,2025-02-08,Pro,India,Organic,SMB,8,6,3,8,0,0,,79,41.11,711
U02744,2025-08-15,Pro,India,Referral,SMB,12,5,3,7,0,0,,79,11.43,1027
U02745,2025-10-09,Free,India,Partner,Mid-Market,10,1,1,3,0,0,,0,52.87,0
U02746,2025-03-09,Pro,UK,Paid Search,SMB,17,7,0,6,0,0,,79,99.19,1027
U02747,2025-06-05,Free,Germany,Referral,SMB,5,1,1,3,0,0,,0,37.19,0
U02748,2025-07-07,Free,UK,Paid Search,Startup,13,5,6,3,0,0,,0,82.32,0
U02749,2025-04-16,Business,India,Referral,SMB,16,11,1,9,0,0,,249,32.89,3237
U02750,2025-04-13,Business,Germany,Referral,Startup,11,7,1,7,0,0,,249,42.22,3486
U02751,2025-04-21,Free,US,Content,Startup,11,2,1,2,0,1,2026-02-09,0,20.63,0
U02752,2025-09-04,Free,Germany,Paid Search,Startup,10,6,2,3,0,0,,0,80.52,0
U02753,2025-01-08,Free,India,Referral,Mid-Market,6,2,1,1,0,0,,0,27.25,0
U02754,2025-07-12,Pro,Germany,Organic,Mid-Market,9,7,1,8,0,0,,79,5.0,1106
U02755,2025-06-07,Free,Canada,Organic,Startup,7,4,0,3,0,0,,0,38.77,0
U02756,2025-08-07,Free,US,Organic,Mid-Market,8,5,2,1,0,0,,0,33.88,0
U02757,2025-08-07,Free,US,Paid Search,SMB,4,2,0,1,1,1,2026-02-19,0,73.73,0
U02758,2025-03-27,Free,US,Content,SMB,2,5,3,6,0,0,,0,13.6,0
U02759,2025-05-16,Business,UK,Content,Startup,10,10,0,9,0,0,,249,26.32,2739
U02760,2025-01-07,Free,Australia,Organic,SMB,8,3,0,1,0,1,2025-04-14,0,14.18,0
U02761,2025-05-23,Pro,US,Paid Search,Startup,8,9,2,8,0,0,,79,108.88,869
U02762,2025-05-04,Pro,US,Paid Search,SMB,9,7,1,4,0,1,2026-02-16,79,117.5,790
U02763,2025-09-01,Business,UK,Organic,Startup,19,12,0,4,1,0,,249,51.48,2739
U02764,2025-08-04,Free,Germany,Referral,Enterprise,10,2,2,3,0,0,,0,38.62,0
U02765,2025-04-23,Free,Germany,Referral,Startup,7,3,0,2,0,0,,0,39.62,0
U02766,2025-10-01,Pro,UK,Organic,SMB,16,8,0,4,0,0,,79,32.2,711
U02767,2025-05-31,Free,Australia,Content,Mid-Market,9,3,0,5,0,0,,0,49.56,0
U02768,2025-04-03,Free,Germany,Organic,Startup,3,3,1,1,1,1,2025-11-18,0,50.03,0
U02769,2025-07-11,Free,Germany,Paid Search,Startup,11,4,3,2,0,0,,0,116.03,0
U02770,2025-05-18,Pro,US,Content,Mid-Market,9,3,0,3,1,0,,79,7.28,1106
U02771,2025-10-16,Free,India,Paid Search,SMB,9,6,1,4,0,0,,0,112.73,0
U02772,2025-09-22,Pro,US,Content,Startup,19,7,0,8,1,1,2026-03-18,79,40.39,474
U02773,2025-01-03,Pro,US,Content,Mid-Market,21,5,2,1,1,0,,79,42.66,869
U02774,2025-03-17,Free,US,Organic,Startup,8,1,2,2,0,0,,0,14.41,0
U02775,2025-05-02,Pro,Canada,Paid Search,Mid-Market,22,3,2,5,0,0,,79,57.26,869
U02776,2025-07-24,Pro,India,Paid Search,Startup,18,5,0,3,0,1,2026-06-12,79,103.81,869
U02777,2025-07-03,Pro,India,Content,SMB,12,9,0,3,0,0,,79,42.17,869
U02778,2025-09-23,Pro,Australia,Paid Search,SMB,9,5,1,4,0,0,,79,109.82,711
U02779,2025-02-17,Free,US,Organic,SMB,4,1,2,2,0,1,2025-07-03,0,36.25,0
U02780,2025-07-09,Business,Canada,Referral,SMB,17,9,0,9,1,1,2025-10-21,249,15.35,747
U02781,2025-10-01,Business,Germany,Paid Search,Mid-Market,15,10,0,10,1,0,,249,106.46,3486
U02782,2025-02-04,Free,Germany,Paid Search,SMB,17,6,1,2,0,0,,0,131.87,0
U02783,2025-07-21,Pro,India,Partner,Startup,16,8,2,5,0,0,,79,64.45,948
U02784,2025-07-15,Pro,India,Referral,Startup,14,7,1,5,0,0,,79,37.49,711
U02785,2025-01-13,Pro,UK,Paid Search,Mid-Market,11,9,5,3,1,0,,79,128.5,1106
U02786,2025-01-13,Pro,India,Content,SMB,11,7,0,7,0,0,,79,27.15,790
U02787,2025-01-17,Free,India,Partner,SMB,18,5,1,3,0,0,,0,60.17,0
U02788,2025-03-26,Free,India,Referral,Startup,11,4,0,2,0,0,,0,36.93,0
U02789,2025-07-26,Business,UK,Paid Search,Enterprise,14,8,0,13,1,0,,249,72.83,3237
U02790,2025-09-23,Free,India,Partner,Mid-Market,4,4,0,2,0,0,,0,55.74,0
U02791,2025-07-25,Free,India,Organic,Startup,9,3,0,2,0,0,,0,44.23,0
U02792,2025-08-03,Free,Germany,Content,Startup,9,2,2,3,1,0,,0,33.0,0
U02793,2025-04-30,Free,US,Organic,Startup,9,1,3,2,0,1,2026-01-27,0,20.87,0
U02794,2025-03-06,Pro,Germany,Partner,Startup,15,4,0,4,0,0,,79,60.05,711
U02795,2025-06-16,Free,US,Paid Search,Startup,16,3,3,2,0,1,2026-01-09,0,84.82,0
U02796,2025-07-27,Pro,India,Paid Search,Startup,14,6,3,3,1,0,,79,72.99,948
U02797,2025-09-17,Pro,US,Content,SMB,17,5,0,2,0,0,,79,42.27,869
U02798,2025-06-22,Free,UK,Paid Search,Startup,10,1,2,5,0,0,,0,90.44,0
U02799,2025-10-19,Pro,US,Referral,Startup,12,9,1,2,0,1,2026-05-04,79,36.25,553
U02800,2025-08-31,Business,US,Content,Startup,12,8,3,4,1,0,,249,37.01,2241
U02801,2025-10-11,Free,Germany,Referral,Startup,8,4,2,3,0,1,2026-01-10,0,28.26,0
U02802,2025-07-21,Free,India,Paid Search,Startup,9,2,0,3,0,1,2025-10-30,0,119.22,0
U02803,2025-03-13,Free,India,Content,SMB,9,3,2,1,0,0,,0,43.17,0
U02804,2025-09-05,Pro,India,Organic,SMB,16,10,1,6,0,0,,79,17.2,790
U02805,2025-07-09,Free,UK,Partner,SMB,4,1,0,3,0,1,2026-04-09,0,93.55,0
U02806,2025-08-07,Pro,Australia,Referral,Startup,10,7,1,6,1,0,,79,43.95,790
U02807,2025-03-27,Pro,India,Organic,Mid-Market,6,7,1,7,1,1,2025-05-18,79,20.5,158
U02808,2025-01-25,Pro,UK,Organic,SMB,19,6,0,6,0,0,,79,38.37,1106
U02809,2025-10-18,Free,Canada,Referral,Startup,9,1,3,3,0,1,2026-09-05,0,28.36,0
U02810,2025-05-23,Free,India,Organic,Mid-Market,7,1,3,1,0,0,,0,20.92,0
U02811,2025-06-28,Pro,Germany,Content,Mid-Market,16,8,1,6,1,1,2026-04-18,79,34.83,790
U02812,2025-01-19,Pro,India,Organic,SMB,13,4,3,3,1,0,,79,45.44,790
U02813,2025-09-18,Free,India,Content,Mid-Market,5,4,4,2,0,1,2026-06-16,0,31.12,0
U02814,2025-03-27,Pro,UK,Organic,Startup,11,5,3,5,1,0,,79,37.79,711
U02815,2025-01-04,Free,UK,Organic,Startup,10,6,2,2,0,1,2025-03-12,0,21.13,0
U02816,2025-03-26,Free,US,Referral,Startup,5,3,2,1,0,1,2025-06-02,0,41.04,0
U02817,2025-02-16,Free,Germany,Paid Search,SMB,9,4,1,3,0,0,,0,132.47,0
U02818,2025-05-21,Pro,India,Organic,Mid-Market,10,7,2,4,0,0,,79,21.15,948
U02819,2025-07-18,Free,US,Organic,SMB,9,6,2,3,1,0,,0,46.35,0
U02820,2025-04-09,Pro,US,Organic,Startup,6,5,1,4,1,0,,79,26.18,948
U02821,2025-02-22,Free,US,Organic,SMB,8,3,1,4,1,0,,0,30.8,0
U02822,2025-03-11,Free,Canada,Paid Search,SMB,9,4,1,2,0,0,,0,74.25,0
U02823,2025-02-16,Business,India,Organic,Mid-Market,12,11,3,8,1,0,,249,21.9,3237
U02824,2025-09-15,Pro,US,Referral,Mid-Market,15,3,2,2,0,0,,79,35.75,948
U02825,2025-06-04,Pro,India,Referral,Startup,10,8,3,9,0,0,,79,25.7,711
U02826,2025-01-17,Pro,US,Referral,Enterprise,10,4,3,5,0,0,,79,38.89,1106
U02827,2025-05-06,Free,Canada,Partner,Enterprise,12,3,1,1,0,1,2025-09-30,0,86.84,0
U02828,2025-05-19,Free,US,Referral,Startup,7,3,1,4,0,1,2026-02-02,0,18.54,0
U02829,2025-08-02,Pro,US,Referral,Mid-Market,15,8,0,5,1,0,,79,30.12,948
U02830,2025-07-13,Free,US,Organic,SMB,6,5,2,2,0,0,,0,30.44,0
U02831,2025-08-05,Pro,Australia,Referral,Mid-Market,11,10,2,4,0,0,,79,59.08,711
U02832,2025-02-27,Pro,India,Organic,SMB,17,7,1,3,0,0,,79,26.49,711
U02833,2025-01-05,Free,India,Partner,SMB,8,6,1,2,0,0,,0,44.71,0
U02834,2025-05-18,Pro,Germany,Partner,Mid-Market,11,6,2,4,1,0,,79,67.74,1027
U02835,2025-04-08,Free,Germany,Paid Search,Mid-Market,3,2,0,2,1,1,2025-10-21,0,123.5,0
U02836,2025-04-13,Free,UK,Paid Search,Mid-Market,6,2,1,1,0,1,2025-08-31,0,73.16,0
U02837,2025-09-29,Free,Canada,Paid Search,Startup,14,2,0,3,0,0,,0,111.22,0
U02838,2025-09-16,Business,Canada,Organic,Mid-Market,13,7,1,5,1,0,,249,20.27,1992
U02839,2025-08-23,Free,US,Content,Startup,6,2,0,3,0,0,,0,29.36,0
U02840,2025-01-16,Pro,India,Paid Search,Startup,13,9,1,4,0,0,,79,126.98,1027
U02841,2025-03-03,Pro,India,Referral,SMB,7,5,0,5,1,0,,79,31.37,711
U02842,2025-01-19,Pro,India,Paid Search,SMB,14,2,0,6,1,0,,79,95.91,632
U02843,2025-03-23,Pro,US,Content,Startup,7,6,1,6,0,0,,79,44.84,711
U02844,2025-05-22,Free,Canada,Partner,SMB,6,2,1,1,0,0,,0,89.61,0
U02845,2025-03-30,Pro,Australia,Content,Startup,7,3,2,3,1,1,2025-07-20,79,25.93,316
U02846,2025-08-01,Pro,Canada,Content,SMB,12,8,2,2,0,1,2025-12-18,79,36.25,395
U02847,2025-01-27,Pro,US,Partner,Mid-Market,7,6,1,4,0,0,,79,56.46,948
U02848,2025-09-19,Free,India,Paid Search,SMB,12,5,1,1,0,1,2026-05-10,0,73.1,0
U02849,2025-02-07,Pro,Canada,Paid Search,SMB,8,6,0,4,1,0,,79,135.18,869
U02850,2025-06-02,Free,US,Organic,SMB,12,4,1,3,0,0,,0,45.15,0
U02851,2025-06-29,Pro,Australia,Partner,Enterprise,7,3,1,2,0,1,2026-02-12,79,65.0,632
U02852,2025-10-17,Pro,US,Organic,Mid-Market,19,6,1,6,1,0,,79,35.91,711
U02853,2025-01-06,Pro,US,Content,SMB,11,4,1,4,0,0,,79,27.39,1106
U02854,2025-07-21,Pro,India,Partner,Startup,13,8,0,5,1,1,2025-09-03,79,62.06,79
U02855,2025-09-16,Free,India,Referral,SMB,10,7,0,3,0,0,,0,56.97,0
U02856,2025-10-13,Pro,US,Referral,Startup,9,5,1,6,1,0,,79,44.17,790
U02857,2025-08-24,Free,Canada,Referral,SMB,11,1,0,1,0,1,2026-01-10,0,42.35,0
U02858,2025-09-14,Business,India,Organic,SMB,18,6,0,6,1,0,,249,39.01,3486
U02859,2025-01-04,Free,India,Content,Mid-Market,9,6,0,1,0,0,,0,32.13,0
U02860,2025-09-26,Free,Canada,Paid Search,Mid-Market,9,2,1,2,0,1,2026-05-11,0,117.87,0
U02861,2025-04-08,Pro,Germany,Organic,Mid-Market,10,7,2,4,1,1,2025-12-03,79,17.5,632
U02862,2025-01-10,Pro,India,Content,Mid-Market,13,5,3,6,0,0,,79,31.76,948
U02863,2025-01-01,Pro,Canada,Partner,Mid-Market,12,8,1,6,0,1,2025-04-24,79,92.98,316
U02864,2025-09-22,Free,US,Organic,SMB,8,3,3,1,0,0,,0,49.33,0
U02865,2025-04-27,Pro,India,Organic,SMB,16,6,1,6,0,0,,79,44.76,711
U02866,2025-07-17,Free,US,Partner,Mid-Market,8,3,1,1,0,0,,0,87.25,0
U02867,2025-06-11,Pro,India,Paid Search,Startup,16,5,1,5,0,0,,79,125.44,1106
U02868,2025-02-12,Free,Canada,Content,Startup,7,3,2,3,0,0,,0,29.58,0
U02869,2025-10-03,Pro,Canada,Organic,Startup,15,7,1,5,1,1,2026-08-23,79,30.29,869
U02870,2025-01-26,Free,US,Paid Search,Startup,13,5,2,3,0,1,2025-10-21,0,117.22,0
U02871,2025-01-14,Free,US,Organic,Startup,7,1,2,4,0,1,2025-08-10,0,26.71,0
U02872,2025-02-05,Pro,US,Organic,Startup,15,6,0,7,0,0,,79,22.81,1027
U02873,2025-05-12,Free,Germany,Partner,SMB,13,2,2,5,0,1,2025-09-13,0,81.12,0
U02874,2025-05-27,Pro,India,Content,SMB,20,5,1,4,0,0,,79,31.95,711
U02875,2025-08-21,Free,US,Referral,SMB,13,3,0,4,0,0,,0,39.72,0
U02876,2025-01-21,Business,US,Referral,Startup,18,5,3,6,1,0,,249,30.45,2241
U02877,2025-10-23,Pro,US,Paid Search,SMB,15,6,1,2,0,0,,79,110.69,711
U02878,2025-05-06,Pro,US,Paid Search,Startup,8,4,1,7,1,1,2025-07-02,79,78.69,158
U02879,2025-09-25,Free,India,Paid Search,Enterprise,12,2,2,2,0,1,2026-05-07,0,93.34,0
U02880,2025-02-18,Free,Australia,Partner,Mid-Market,9,1,1,1,0,1,2025-11-14,0,78.42,0
U02881,2025-04-21,Pro,India,Paid Search,SMB,13,3,0,2,0,0,,79,109.8,1027
U02882,2025-01-14,Free,Australia,Content,Enterprise,7,2,0,2,0,0,,0,52.84,0
U02883,2025-05-18,Business,Canada,Organic,SMB,8,12,0,9,1,1,2026-02-26,249,8.6,2241
U02884,2025-02-02,Business,US,Referral,Startup,12,8,0,7,1,0,,249,35.08,2241
U02885,2025-05-12,Free,India,Referral,Mid-Market,13,3,3,2,0,1,2025-10-18,0,36.41,0
U02886,2025-01-27,Pro,Australia,Organic,SMB,5,5,1,4,0,0,,79,54.7,790
U02887,2025-05-14,Business,India,Content,SMB,8,10,0,12,0,0,,249,28.45,3486
U02888,2025-09-28,Free,Germany,Paid Search,Startup,7,6,1,2,0,0,,0,104.69,0
U02889,2025-01-07,Free,US,Content,SMB,10,3,0,3,0,0,,0,50.87,0
U02890,2025-07-17,Pro,Germany,Organic,SMB,14,8,1,3,1,0,,79,32.15,1106
U02891,2025-06-14,Pro,India,Paid Search,Mid-Market,13,3,1,9,0,0,,79,82.31,1027
U02892,2025-07-11,Pro,Canada,Partner,Mid-Market,8,6,0,5,0,1,2025-08-24,79,65.89,79
U02893,2025-02-09,Free,India,Content,Enterprise,6,1,0,4,0,1,2025-11-08,0,8.94,0
U02894,2025-10-22,Free,Canada,Partner,Startup,4,3,5,3,0,1,2026-03-29,0,91.65,0
U02895,2025-08-05,Business,US,Organic,Startup,17,7,1,9,1,0,,249,32.74,2490
U02896,2025-06-17,Free,US,Partner,Mid-Market,8,1,0,3,1,0,,0,81.97,0
U02897,2025-02-18,Pro,US,Content,SMB,14,6,2,4,0,1,2025-11-13,79,24.05,711
U02898,2025-10-07,Pro,US,Organic,SMB,10,7,1,4,0,0,,79,40.78,711
U02899,2025-03-09,Pro,Germany,Paid Search,SMB,13,6,1,3,0,0,,79,81.73,1027
U02900,2025-07-15,Business,Germany,Organic,Startup,12,10,1,13,0,1,2026-05-18,249,23.29,2490
U02901,2025-02-26,Pro,Australia,Content,SMB,11,6,0,3,1,0,,79,36.32,1106
U02902,2025-05-15,Pro,US,Organic,Startup,8,7,3,4,0,0,,79,49.58,790
U02903,2025-01-08,Pro,Australia,Referral,SMB,11,5,3,3,0,0,,79,34.77,790
U02904,2025-07-29,Free,US,Paid Search,Enterprise,8,2,1,1,1,0,,0,76.54,0
U02905,2025-09-08,Free,UK,Content,SMB,7,2,0,2,0,0,,0,22.14,0
U02906,2025-05-10,Business,Australia,Content,Startup,21,11,1,6,0,1,2025-10-03,249,23.12,1245
U02907,2025-09-03,Pro,UK,Content,Startup,17,5,3,1,0,1,2025-11-10,79,18.35,158
U02908,2025-02-27,Free,UK,Organic,SMB,6,4,1,2,0,0,,0,44.78,0
U02909,2025-01-15,Free,Canada,Organic,Mid-Market,8,6,2,3,0,1,2025-08-21,0,42.24,0
U02910,2025-01-17,Pro,India,Organic,SMB,6,5,0,5,1,0,,79,31.45,790
U02911,2025-01-11,Pro,Canada,Paid Search,SMB,11,7,0,5,1,0,,79,97.48,948
U02912,2025-10-05,Free,India,Content,Mid-Market,8,4,0,2,0,0,,0,21.35,0
U02913,2025-06-13,Pro,India,Paid Search,Startup,11,8,1,6,1,0,,79,122.86,790
U02914,2025-04-21,Free,India,Referral,Enterprise,8,3,1,3,0,0,,0,45.93,0
U02915,2025-03-15,Free,Germany,Referral,Mid-Market,8,1,2,5,0,1,2025-04-15,0,51.27,0
U02916,2025-09-09,Free,US,Paid Search,SMB,11,4,0,2,0,0,,0,77.35,0
U02917,2025-05-17,Free,US,Content,Enterprise,8,3,1,4,0,0,,0,26.85,0
U02918,2025-05-11,Pro,Germany,Paid Search,Startup,12,5,0,6,0,0,,79,85.44,711
U02919,2025-03-22,Pro,US,Organic,Startup,12,7,0,7,0,0,,79,27.0,948
U02920,2025-01-21,Pro,US,Partner,Startup,11,5,1,5,1,0,,79,79.03,948
U02921,2025-06-24,Free,US,Organic,Mid-Market,6,1,1,4,0,0,,0,40.43,0
U02922,2025-06-16,Free,India,Referral,Enterprise,7,2,0,1,0,0,,0,28.92,0
U02923,2025-09-03,Free,India,Organic,Enterprise,12,4,2,1,0,0,,0,36.79,0
U02924,2025-01-27,Free,US,Referral,SMB,6,3,6,1,0,0,,0,25.78,0
U02925,2025-09-21,Free,US,Paid Search,Mid-Market,10,2,1,3,0,0,,0,64.76,0
U02926,2025-08-06,Free,US,Paid Search,Enterprise,3,2,0,2,0,1,2026-01-01,0,114.62,0
U02927,2025-08-06,Free,Australia,Paid Search,Startup,9,3,2,2,0,1,2025-09-24,0,61.6,0
U02928,2025-04-28,Pro,India,Content,Startup,16,8,1,6,0,0,,79,21.84,1106
U02929,2025-05-20,Free,Australia,Partner,Startup,11,3,5,3,0,1,2025-11-03,0,66.65,0
U02930,2025-08-28,Pro,Australia,Organic,SMB,14,3,2,3,0,0,,79,43.78,711
U02931,2025-04-23,Free,India,Organic,Startup,4,1,2,5,0,1,2025-08-26,0,50.03,0
U02932,2025-02-01,Free,US,Paid Search,Enterprise,5,1,2,1,0,1,2025-10-17,0,113.54,0
U02933,2025-04-10,Pro,India,Referral,Mid-Market,14,8,0,9,0,0,,79,47.19,711
U02934,2025-01-08,Business,US,Content,Startup,15,10,0,4,1,0,,249,26.47,2490
U02935,2025-02-18,Pro,US,Paid Search,Startup,12,2,3,4,0,1,2025-06-04,79,91.66,316
U02936,2025-02-06,Business,US,Organic,Mid-Market,23,8,1,5,1,0,,249,40.44,2241
U02937,2025-08-16,Pro,Germany,Referral,SMB,7,7,1,6,0,0,,79,31.75,1106
U02938,2025-10-10,Pro,UK,Organic,Mid-Market,19,6,3,4,0,1,2026-04-02,79,33.04,474
U02939,2025-04-15,Free,US,Paid Search,Enterprise,12,2,2,1,0,1,2025-07-18,0,60.4,0
U02940,2025-03-24,Free,UK,Referral,Mid-Market,7,2,0,4,0,0,,0,41.06,0
U02941,2025-08-22,Free,UK,Partner,Mid-Market,8,1,1,1,0,0,,0,76.56,0
U02942,2025-06-26,Free,US,Organic,SMB,10,2,2,6,0,0,,0,27.96,0
U02943,2025-04-19,Pro,US,Content,Startup,9,6,1,2,0,0,,79,26.78,1027
U02944,2025-04-28,Free,India,Content,Mid-Market,11,3,0,1,0,1,2025-09-25,0,37.95,0
U02945,2025-10-18,Free,Australia,Organic,SMB,8,2,3,3,0,1,2026-01-08,0,32.23,0
U02946,2025-03-06,Free,US,Organic,SMB,10,7,1,2,0,1,2025-11-05,0,50.89,0
U02947,2025-05-29,Free,UK,Paid Search,Startup,7,4,1,3,0,1,2026-02-06,0,101.74,0
U02948,2025-02-17,Free,US,Partner,SMB,13,3,0,4,1,0,,0,66.8,0
U02949,2025-07-17,Pro,India,Referral,Startup,12,8,1,4,0,0,,79,35.9,1106
U02950,2025-06-28,Free,India,Partner,SMB,8,5,2,1,1,0,,0,71.73,0
U02951,2025-03-12,Pro,UK,Referral,SMB,11,6,1,6,0,0,,79,34.61,1106
U02952,2025-05-20,Business,US,Content,Mid-Market,22,9,2,4,1,0,,249,33.53,3486
U02953,2025-01-26,Free,Canada,Paid Search,Mid-Market,5,1,0,4,0,0,,0,84.26,0
U02954,2025-10-15,Free,US,Organic,Mid-Market,4,4,3,2,0,1,2026-08-23,0,32.07,0
U02955,2025-09-10,Pro,Australia,Organic,Startup,16,9,1,2,0,1,2026-03-30,79,46.62,553
U02956,2025-09-06,Free,Australia,Paid Search,SMB,13,3,4,3,0,1,2025-10-15,0,83.34,0
U02957,2025-04-06,Pro,US,Organic,SMB,11,8,0,5,0,0,,79,44.12,869
U02958,2025-09-03,Business,UK,Content,Startup,10,10,1,10,0,0,,249,35.72,3486
U02959,2025-03-25,Free,UK,Content,Mid-Market,8,1,0,2,0,1,2025-12-28,0,10.09,0
U02960,2025-01-20,Business,UK,Organic,SMB,16,10,0,5,1,0,,249,38.66,2490
U02961,2025-02-20,Free,US,Paid Search,SMB,5,4,3,2,0,0,,0,104.23,0
U02962,2025-05-16,Business,UK,Paid Search,SMB,8,8,0,8,1,0,,249,102.57,2988
U02963,2025-06-05,Pro,US,Organic,SMB,8,7,0,6,0,1,2026-03-07,79,39.34,711
U02964,2025-01-01,Business,Germany,Content,Startup,7,8,2,10,1,0,,249,42.53,3486
U02965,2025-10-01,Free,India,Organic,Startup,8,3,0,1,0,1,2026-08-21,0,36.37,0
U02966,2025-09-12,Free,Germany,Paid Search,SMB,7,7,0,3,0,0,,0,94.4,0
U02967,2025-05-04,Pro,India,Organic,Startup,10,11,3,4,1,0,,79,41.72,1027
U02968,2025-03-18,Business,India,Organic,Enterprise,11,7,0,11,1,0,,249,30.07,3486
U02969,2025-07-03,Pro,Germany,Referral,SMB,19,5,2,4,0,0,,79,53.28,790
U02970,2025-05-09,Pro,India,Referral,Startup,10,4,2,1,0,0,,79,37.82,790
U02971,2025-07-12,Business,India,Organic,SMB,12,7,1,7,0,0,,249,43.77,2490
U02972,2025-03-12,Pro,Australia,Organic,Startup,14,3,0,5,0,1,2025-08-05,79,21.49,395
U02973,2025-03-21,Free,US,Organic,SMB,9,2,0,1,0,0,,0,29.9,0
U02974,2025-01-27,Pro,Australia,Paid Search,SMB,12,5,2,5,1,0,,79,98.99,711
U02975,2025-07-03,Free,US,Organic,Mid-Market,7,1,4,2,0,0,,0,40.99,0
U02976,2025-10-15,Free,India,Referral,SMB,16,1,1,4,0,0,,0,25.21,0
U02977,2025-09-27,Pro,UK,Partner,Startup,15,9,0,10,1,0,,79,68.03,948
U02978,2025-06-19,Pro,UK,Organic,SMB,9,5,2,4,1,0,,79,50.32,711
U02979,2025-02-10,Pro,US,Paid Search,Startup,14,6,1,4,0,0,,79,81.62,1027
U02980,2025-05-18,Pro,US,Referral,Mid-Market,13,6,2,7,0,1,2025-08-04,79,61.38,237
U02981,2025-05-10,Business,US,Referral,Mid-Market,11,10,1,10,1,0,,249,48.52,3486
U02982,2025-08-21,Free,India,Organic,SMB,14,5,2,2,0,1,2026-06-05,0,45.8,0
U02983,2025-03-25,Pro,Australia,Partner,Mid-Market,10,6,3,6,1,0,,79,78.95,869
U02984,2025-05-27,Business,Canada,Paid Search,SMB,16,11,1,11,0,1,2025-10-25,249,126.32,1245
U02985,2025-05-29,Free,Australia,Partner,Enterprise,5,1,3,2,0,1,2025-09-10,0,68.76,0
U02986,2025-09-12,Free,India,Partner,SMB,8,1,2,4,0,0,,0,79.89,0
U02987,2025-10-11,Free,US,Partner,SMB,7,2,2,3,1,0,,0,39.83,0
U02988,2025-09-01,Pro,India,Organic,SMB,20,3,2,6,0,1,2026-04-09,79,47.12,553
U02989,2025-04-03,Free,US,Referral,Startup,10,5,1,3,0,0,,0,45.35,0
U02990,2025-01-07,Pro,Germany,Paid Search,Mid-Market,10,6,1,3,0,1,2025-08-13,79,80.47,553
U02991,2025-07-02,Free,UK,Referral,SMB,11,3,0,4,0,0,,0,33.64,0
U02992,2025-05-27,Business,UK,Content,Enterprise,12,12,1,6,1,0,,249,50.66,3486
U02993,2025-10-08,Free,India,Paid Search,Startup,9,5,1,3,0,0,,0,126.37,0
U02994,2025-01-11,Free,Canada,Organic,SMB,9,2,2,4,0,0,,0,36.13,0
U02995,2025-07-11,Free,India,Organic,SMB,11,4,0,4,0,0,,0,20.14,0
U02996,2025-04-27,Pro,Germany,Paid Search,SMB,19,9,2,7,0,0,,79,115.36,869
U02997,2025-06-04,Free,UK,Organic,Startup,8,5,1,1,0,0,,0,31.96,0
U02998,2025-04-21,Free,India,Organic,SMB,11,2,1,4,0,0,,0,22.81,0
U02999,2025-01-24,Free,US,Organic,SMB,15,5,1,3,0,1,2025-12-03,0,33.16,0
U03000,2025-08-28,Pro,Germany,Organic,Startup,15,4,1,3,0,0,,79,30.08,869
U03001,2025-01-04,Pro,Germany,Partner,Startup,12,3,0,5,0,0,,79,88.5,711
U03002,2025-03-10,Pro,India,Organic,SMB,11,7,1,4,0,1,2025-05-07,79,33.12,158
U03003,2025-07-31,Business,US,Partner,SMB,15,13,2,13,0,0,,249,70.67,2241
U03004,2025-06-26,Pro,India,Referral,Startup,15,6,0,3,0,1,2025-10-11,79,30.18,316
U03005,2025-06-20,Pro,US,Referral,SMB,16,11,1,5,1,0,,79,31.63,711
U03006,2025-05-20,Free,India,Paid Search,Mid-Market,11,3,2,4,0,1,2025-08-12,0,96.73,0
U03007,2025-04-29,Pro,Germany,Referral,Startup,13,6,3,6,0,0,,79,47.51,790
U03008,2025-09-05,Business,Australia,Partner,SMB,10,6,2,8,0,0,,249,59.91,3486
U03009,2025-06-28,Free,US,Organic,SMB,7,6,2,3,0,0,,0,36.11,0
U03010,2025-09-01,Free,Germany,Paid Search,Startup,11,3,0,2,0,1,2026-03-27,0,98.6,0
U03011,2025-05-20,Pro,US,Organic,Startup,16,10,1,5,1,0,,79,48.62,1106
U03012,2025-01-20,Business,Canada,Partner,Mid-Market,11,11,0,8,0,0,,249,58.0,2988
U03013,2025-06-24,Free,Australia,Organic,Startup,5,1,3,3,0,0,,0,29.84,0
U03014,2025-08-28,Pro,US,Referral,Startup,10,6,2,6,0,1,2026-05-16,79,38.5,711
U03015,2025-07-21,Pro,US,Organic,Mid-Market,12,8,3,1,1,1,2025-12-25,79,33.52,395
U03016,2025-02-14,Pro,Germany,Content,Mid-Market,16,8,0,5,1,1,2025-07-17,79,32.23,395
U03017,2025-07-25,Free,India,Referral,Startup,7,6,1,3,0,0,,0,36.69,0
U03018,2025-07-17,Business,India,Partner,SMB,14,8,4,10,1,0,,249,63.13,2490
U03019,2025-01-18,Business,Canada,Content,Mid-Market,12,7,0,6,0,0,,249,24.47,2739
U03020,2025-01-20,Free,Australia,Partner,Enterprise,6,1,2,2,0,0,,0,53.74,0
U03021,2025-07-14,Pro,US,Content,Startup,9,6,0,4,1,0,,79,40.73,869
U03022,2025-01-25,Free,US,Content,Enterprise,6,5,0,4,1,0,,0,43.83,0
U03023,2025-10-12,Free,US,Organic,SMB,11,4,3,3,0,1,2026-03-01,0,30.62,0
U03024,2025-10-09,Free,UK,Referral,SMB,7,4,1,2,0,0,,0,17.73,0
U03025,2025-03-28,Free,Canada,Partner,SMB,10,4,2,1,0,0,,0,64.43,0
U03026,2025-09-16,Pro,India,Content,Startup,9,2,2,6,0,1,2026-07-21,79,39.72,790
U03027,2025-03-04,Free,US,Referral,Enterprise,15,2,2,2,0,0,,0,47.03,0
U03028,2025-05-17,Free,India,Referral,Mid-Market,10,5,4,2,1,0,,0,34.88,0
U03029,2025-02-02,Pro,US,Referral,SMB,10,5,1,3,0,0,,79,37.57,1027
U03030,2025-03-04,Free,India,Referral,Enterprise,10,2,2,2,0,1,2025-07-22,0,44.79,0
U03031,2025-08-04,Free,US,Partner,Startup,13,5,1,2,0,0,,0,108.2,0
U03032,2025-03-09,Pro,India,Content,Startup,14,7,0,5,1,0,,79,34.38,1106
U03033,2025-03-08,Free,US,Referral,Startup,7,1,1,1,1,1,2025-07-18,0,46.42,0
U03034,2025-03-29,Free,India,Paid Search,SMB,7,3,1,2,0,0,,0,73.54,0
U03035,2025-03-09,Free,Germany,Organic,Startup,7,5,2,1,0,0,,0,38.32,0
U03036,2025-04-16,Free,India,Paid Search,Startup,14,4,1,3,0,1,2025-06-04,0,108.09,0
U03037,2025-05-11,Pro,US,Partner,Startup,14,6,2,6,0,1,2025-09-28,79,86.38,395
U03038,2025-01-21,Free,India,Content,Mid-Market,12,3,2,2,0,1,2025-07-05,0,53.16,0
U03039,2025-10-02,Pro,Canada,Referral,Mid-Market,12,5,2,5,0,1,2025-11-22,79,31.26,158
U03040,2025-04-08,Pro,US,Referral,SMB,19,4,0,2,1,0,,79,27.54,790
U03041,2025-05-10,Pro,US,Partner,SMB,13,8,5,4,0,0,,79,94.24,1106
U03042,2025-01-15,Free,US,Organic,Startup,7,1,1,1,0,0,,0,17.52,0
U03043,2025-05-21,Business,India,Organic,Mid-Market,11,8,0,4,1,0,,249,25.67,2490
U03044,2025-01-17,Pro,India,Referral,Enterprise,18,8,1,5,0,0,,79,20.4,1027
U03045,2025-03-30,Free,India,Content,SMB,15,3,2,3,0,1,2025-11-30,0,30.99,0
U03046,2025-09-18,Business,Australia,Content,Startup,8,9,2,4,0,0,,249,56.22,3237
U03047,2025-02-06,Business,India,Referral,Startup,13,9,0,11,1,0,,249,19.88,3237
U03048,2025-07-23,Pro,US,Organic,Startup,12,10,2,4,0,0,,79,30.96,711
U03049,2025-08-15,Pro,India,Paid Search,Startup,9,5,2,1,0,0,,79,77.06,790
U03050,2025-08-17,Free,US,Referral,SMB,11,1,1,2,0,1,2026-05-26,0,49.4,0
U03051,2025-01-29,Pro,India,Referral,Startup,15,3,4,1,1,0,,79,25.72,632
U03052,2025-07-24,Free,India,Referral,Startup,5,1,3,1,0,1,2025-09-28,0,26.33,0
U03053,2025-10-19,Free,Germany,Organic,Startup,7,6,1,2,0,0,,0,31.62,0
U03054,2025-04-05,Pro,Canada,Content,SMB,12,2,2,1,0,0,,79,29.01,948
U03055,2025-09-02,Pro,India,Referral,SMB,22,6,1,5,0,0,,79,35.28,1027
U03056,2025-07-19,Free,US,Partner,Startup,7,5,2,1,0,0,,0,71.76,0
U03057,2025-09-21,Free,India,Referral,SMB,13,3,2,3,0,1,2026-07-19,0,34.97,0
U03058,2025-09-22,Business,India,Organic,SMB,11,10,0,7,1,1,2026-06-29,249,37.01,2241
U03059,2025-03-07,Free,US,Organic,SMB,10,9,3,4,0,1,2025-11-15,0,20.63,0
U03060,2025-10-06,Free,Germany,Paid Search,SMB,6,2,0,1,0,0,,0,87.55,0
U03061,2025-05-24,Free,Canada,Content,SMB,9,1,2,2,0,0,,0,26.45,0
U03062,2025-05-04,Free,US,Content,Startup,11,5,1,1,0,0,,0,50.54,0
U03063,2025-01-04,Pro,India,Partner,Startup,10,5,3,3,0,1,2025-02-03,79,53.08,79
U03064,2025-09-22,Pro,US,Paid Search,Mid-Market,13,4,2,2,0,0,,79,97.81,948
U03065,2025-01-13,Pro,Australia,Partner,SMB,8,7,1,6,0,0,,79,75.56,1106
U03066,2025-08-12,Pro,India,Organic,Enterprise,13,4,2,3,1,0,,79,54.14,790
U03067,2025-10-13,Pro,US,Referral,SMB,9,5,1,3,0,0,,79,41.43,869
U03068,2025-03-06,Free,Germany,Partner,SMB,14,4,1,2,0,0,,0,46.37,0
U03069,2025-01-07,Free,Canada,Content,Startup,4,4,2,1,0,0,,0,36.38,0
U03070,2025-06-18,Business,Germany,Organic,Startup,23,10,2,11,1,0,,249,20.55,2988
U03071,2025-09-24,Free,US,Organic,Startup,10,3,2,2,0,1,2025-12-30,0,38.18,0
U03072,2025-03-26,Free,US,Organic,Startup,9,1,3,2,0,1,2025-09-17,0,27.49,0
U03073,2025-07-25,Free,UK,Organic,Startup,13,1,1,3,0,1,2026-06-16,0,37.14,0
U03074,2025-03-04,Pro,US,Paid Search,Startup,15,7,1,6,0,0,,79,85.18,948
U03075,2025-04-13,Pro,US,Content,Enterprise,12,5,2,4,1,0,,79,45.23,632
U03076,2025-05-30,Pro,UK,Content,Enterprise,16,6,3,4,0,1,2026-04-24,79,33.92,869
U03077,2025-05-27,Business,India,Partner,SMB,12,14,1,10,1,0,,249,61.55,2739
U03078,2025-07-08,Free,UK,Referral,Enterprise,6,2,4,3,0,1,2025-12-06,0,35.78,0
U03079,2025-02-01,Free,US,Organic,Mid-Market,8,4,1,3,0,0,,0,42.49,0
U03080,2025-01-08,Free,India,Partner,Mid-Market,11,1,0,2,1,1,2025-04-28,0,83.6,0
U03081,2025-03-25,Pro,US,Organic,Startup,12,11,2,2,0,1,2025-07-26,79,25.58,316
U03082,2025-04-04,Free,Canada,Organic,Startup,4,4,1,2,0,0,,0,46.5,0
U03083,2025-08-11,Business,India,Referral,SMB,16,8,1,10,1,0,,249,47.59,3237
U03084,2025-04-27,Free,Canada,Organic,Startup,11,2,0,2,0,0,,0,38.45,0
U03085,2025-08-22,Free,US,Partner,SMB,8,6,1,2,0,0,,0,54.67,0
U03086,2025-03-10,Free,UK,Paid Search,SMB,10,5,3,5,0,0,,0,98.4,0
U03087,2025-01-03,Pro,India,Partner,SMB,13,9,3,7,0,0,,79,74.3,869
U03088,2025-08-04,Pro,Canada,Paid Search,Startup,14,6,1,6,1,0,,79,94.35,790
U03089,2025-05-29,Pro,India,Paid Search,SMB,4,5,0,6,0,0,,79,76.31,948
U03090,2025-03-09,Free,US,Paid Search,SMB,9,4,1,2,0,1,2025-05-19,0,107.11,0
U03091,2025-07-13,Pro,US,Partner,SMB,13,6,0,5,0,0,,79,77.22,869
U03092,2025-06-27,Free,India,Paid Search,SMB,9,3,2,6,0,1,2025-08-21,0,88.57,0
U03093,2025-05-02,Free,India,Organic,Startup,11,2,1,4,0,0,,0,34.41,0
U03094,2025-09-06,Pro,US,Referral,SMB,21,7,0,3,0,1,2025-12-01,79,36.78,237
U03095,2025-09-26,Pro,UK,Partner,SMB,9,5,5,4,1,0,,79,77.57,869
U03096,2025-10-06,Free,India,Organic,Enterprise,7,2,1,2,0,1,2026-07-17,0,44.15,0
U03097,2025-04-10,Free,UK,Partner,SMB,13,6,2,6,0,0,,0,74.61,0
U03098,2025-02-22,Free,US,Organic,SMB,11,2,0,3,0,0,,0,51.56,0
U03099,2025-05-01,Business,Germany,Referral,Mid-Market,19,7,2,11,1,0,,249,41.73,1992
U03100,2025-03-10,Free,India,Paid Search,Mid-Market,7,5,1,3,0,0,,0,102.31,0
U03101,2025-05-24,Pro,US,Referral,Enterprise,11,7,1,3,0,0,,79,34.01,1106
U03102,2025-03-23,Pro,US,Paid Search,Startup,11,4,2,3,1,0,,79,109.53,1027
U03103,2025-10-08,Pro,India,Organic,SMB,11,5,2,2,1,0,,79,43.53,948
U03104,2025-04-13,Free,US,Content,SMB,4,3,0,2,0,0,,0,46.99,0
U03105,2025-06-01,Free,India,Organic,Mid-Market,13,1,2,3,0,0,,0,41.35,0
U03106,2025-03-26,Pro,Australia,Referral,Enterprise,8,3,1,4,1,0,,79,32.57,948
U03107,2025-03-11,Pro,Germany,Partner,Enterprise,14,7,1,7,0,1,2026-01-28,79,67.19,869
U03108,2025-07-31,Business,India,Referral,Startup,14,8,1,13,0,0,,249,29.1,3237
U03109,2025-04-20,Pro,Germany,Partner,Mid-Market,12,8,2,5,0,0,,79,60.48,948
U03110,2025-05-22,Pro,US,Paid Search,Mid-Market,9,6,0,4,1,0,,79,112.93,790
U03111,2025-09-18,Free,Germany,Referral,Mid-Market,13,1,3,1,0,1,2025-12-02,0,32.5,0
U03112,2025-01-16,Pro,India,Content,Startup,17,6,1,1,0,0,,79,32.43,1027
U03113,2025-02-19,Free,US,Organic,Startup,7,4,2,1,0,0,,0,42.5,0
U03114,2025-03-02,Free,Germany,Partner,Mid-Market,8,3,2,1,0,0,,0,89.15,0
U03115,2025-02-22,Free,India,Paid Search,SMB,12,1,5,4,0,0,,0,97.44,0
U03116,2025-03-16,Pro,US,Organic,Startup,16,5,1,7,0,0,,79,22.7,1106
U03117,2025-01-10,Free,US,Organic,SMB,8,1,1,1,0,0,,0,39.83,0
U03118,2025-08-20,Free,India,Paid Search,SMB,14,1,1,3,0,1,2025-10-10,0,85.98,0
U03119,2025-07-14,Free,India,Organic,SMB,5,1,1,2,0,0,,0,42.52,0
U03120,2025-02-09,Free,Canada,Content,Startup,9,4,0,6,1,0,,0,26.37,0
U03121,2025-08-27,Free,UK,Organic,SMB,8,3,1,2,1,1,2026-07-05,0,43.34,0
U03122,2025-01-29,Free,UK,Organic,SMB,7,4,2,3,0,0,,0,44.0,0
U03123,2025-02-28,Pro,Canada,Partner,Enterprise,11,9,3,2,1,0,,79,55.36,948
U03124,2025-07-10,Business,Germany,Paid Search,Startup,16,7,0,9,1,0,,249,94.43,2490
U03125,2025-08-29,Free,US,Referral,Startup,6,7,1,1,0,0,,0,34.77,0
U03126,2025-01-26,Free,India,Organic,Startup,10,1,1,3,0,0,,0,39.62,0
U03127,2025-01-01,Free,Germany,Organic,Startup,7,2,3,3,0,0,,0,28.27,0
U03128,2025-07-30,Pro,Germany,Paid Search,Startup,18,6,0,2,1,0,,79,60.9,790
U03129,2025-09-08,Free,India,Organic,Mid-Market,7,6,0,4,0,1,2026-05-25,0,41.69,0
U03130,2025-02-23,Free,India,Paid Search,Startup,7,3,3,1,0,1,2025-07-28,0,121.61,0
U03131,2025-07-18,Business,UK,Referral,SMB,16,7,0,10,1,0,,249,28.92,2988
U03132,2025-07-09,Free,US,Paid Search,SMB,6,1,0,3,0,1,2025-11-01,0,124.31,0
U03133,2025-01-13,Business,Canada,Partner,Startup,13,7,0,12,1,0,,249,72.23,2490
U03134,2025-04-15,Free,India,Organic,Startup,6,1,0,3,0,1,2025-09-21,0,27.47,0
U03135,2025-01-02,Free,US,Organic,Startup,9,1,2,2,0,1,2025-07-11,0,38.83,0
U03136,2025-01-24,Free,India,Content,Startup,11,4,3,2,1,1,2025-10-22,0,35.9,0
U03137,2025-03-15,Pro,US,Organic,Mid-Market,10,8,4,5,0,0,,79,16.38,1027
U03138,2025-07-29,Business,India,Content,Startup,17,10,1,12,1,0,,249,42.53,2241
U03139,2025-06-28,Pro,India,Referral,Startup,12,5,2,4,0,0,,79,35.26,790
U03140,2025-01-01,Free,India,Organic,Mid-Market,11,2,2,3,0,1,2025-10-29,0,38.09,0
U03141,2025-10-23,Pro,India,Referral,SMB,15,7,1,3,0,0,,79,45.55,790
U03142,2025-08-14,Free,UK,Paid Search,Startup,8,1,0,3,0,1,2025-11-30,0,136.71,0
U03143,2025-01-04,Free,US,Organic,SMB,9,3,2,1,0,0,,0,36.86,0
U03144,2025-09-29,Pro,India,Referral,SMB,17,4,1,5,1,0,,79,29.3,790
U03145,2025-10-22,Business,UK,Paid Search,SMB,18,11,1,6,1,1,2026-07-01,249,88.36,1992
U03146,2025-03-04,Pro,Canada,Partner,SMB,15,8,0,3,1,1,2025-11-23,79,75.45,711
U03147,2025-05-10,Pro,India,Paid Search,Startup,14,8,0,4,0,1,2026-01-02,79,66.79,632
U03148,2025-05-25,Free,Australia,Partner,Mid-Market,6,5,1,2,0,1,2025-11-09,0,68.07,0
U03149,2025-07-11,Free,India,Content,Startup,12,7,2,2,0,0,,0,13.12,0
U03150,2025-08-04,Free,India,Organic,Startup,3,1,1,1,0,1,2025-12-03,0,42.99,0
U03151,2025-08-02,Free,India,Partner,Startup,9,4,2,2,0,0,,0,72.51,0
U03152,2025-04-01,Free,India,Partner,SMB,8,1,3,2,0,0,,0,72.7,0
U03153,2025-04-04,Free,India,Paid Search,SMB,9,3,0,2,0,0,,0,128.92,0
U03154,2025-06-29,Pro,India,Paid Search,Mid-Market,8,6,0,4,0,0,,79,74.56,869
U03155,2025-03-12,Pro,Canada,Organic,Mid-Market,9,9,0,1,0,1,2026-01-06,79,36.86,790
U03156,2025-01-09,Pro,US,Content,Startup,10,5,4,7,1,1,2025-10-12,79,37.16,711
U03157,2025-05-12,Free,UK,Partner,Mid-Market,3,4,2,1,0,0,,0,85.56,0
U03158,2025-04-07,Business,US,Referral,SMB,18,9,0,8,1,0,,249,36.26,2739
U03159,2025-08-17,Free,India,Organic,SMB,7,5,2,2,0,0,,0,27.13,0
U03160,2025-03-30,Pro,US,Paid Search,SMB,17,5,1,8,1,1,2025-10-24,79,86.77,553
U03161,2025-10-26,Free,Australia,Content,Enterprise,13,1,3,2,0,0,,0,35.5,0
U03162,2025-07-21,Free,India,Organic,SMB,5,5,5,3,0,1,2026-01-05,0,23.54,0
U03163,2025-08-15,Pro,India,Paid Search,SMB,11,6,1,3,0,0,,79,87.66,1106
U03164,2025-07-07,Free,US,Organic,Mid-Market,8,1,3,5,1,1,2025-12-30,0,18.41,0
U03165,2025-10-06,Pro,US,Content,Enterprise,11,8,0,5,0,0,,79,38.45,1027
U03166,2025-07-24,Free,UK,Organic,SMB,9,5,1,3,0,0,,0,25.01,0
U03167,2025-10-04,Free,Germany,Paid Search,SMB,8,2,1,1,0,0,,0,86.85,0
U03168,2025-09-21,Pro,US,Organic,Mid-Market,17,5,0,10,1,0,,79,47.29,711
U03169,2025-08-08,Pro,Germany,Paid Search,Startup,16,9,2,8,0,0,,79,120.63,869
U03170,2025-10-08,Free,UK,Organic,Mid-Market,4,5,0,3,0,1,2026-05-11,0,33.2,0
U03171,2025-01-09,Free,Australia,Partner,Mid-Market,9,3,1,5,0,1,2025-07-08,0,65.71,0
U03172,2025-02-01,Pro,UK,Referral,Startup,10,5,1,4,0,0,,79,36.91,1106
U03173,2025-08-03,Pro,US,Referral,Enterprise,11,7,1,4,0,1,2026-05-26,79,33.62,790
U03174,2025-07-11,Free,US,Partner,Startup,11,3,1,4,1,0,,0,73.31,0
U03175,2025-01-30,Business,India,Paid Search,Enterprise,15,8,0,12,0,0,,249,79.7,2241
U03176,2025-04-12,Business,India,Referral,SMB,14,8,2,10,0,1,2025-10-16,249,47.57,1494
U03177,2025-07-13,Free,India,Organic,Startup,14,1,2,2,0,1,2026-05-21,0,35.59,0
U03178,2025-04-06,Pro,US,Referral,SMB,19,5,1,4,0,0,,79,41.05,948
U03179,2025-09-27,Pro,India,Paid Search,Startup,13,7,1,4,0,0,,79,85.68,790
U03180,2025-09-05,Free,US,Referral,Startup,4,2,1,2,0,1,2026-04-29,0,34.85,0
U03181,2025-03-14,Pro,US,Organic,Startup,10,6,0,4,1,0,,79,35.68,1027
U03182,2025-06-08,Business,Australia,Referral,SMB,20,7,0,7,0,0,,249,38.77,2490
U03183,2025-05-21,Pro,India,Organic,Mid-Market,7,3,3,4,0,0,,79,39.37,1027
U03184,2025-05-13,Pro,US,Content,Startup,11,9,0,5,1,0,,79,30.84,711
U03185,2025-07-18,Free,India,Content,SMB,8,3,2,2,1,1,2025-09-14,0,46.78,0
U03186,2025-02-27,Pro,US,Paid Search,Startup,17,1,2,5,0,1,2025-04-30,79,80.72,158
U03187,2025-05-04,Free,UK,Partner,Startup,5,8,2,4,0,0,,0,92.91,0
U03188,2025-08-11,Free,Australia,Organic,SMB,10,2,0,3,0,1,2026-01-28,0,30.06,0
U03189,2025-03-21,Free,US,Paid Search,Startup,8,1,1,2,0,1,2025-10-19,0,106.99,0
U03190,2025-09-18,Free,US,Partner,Mid-Market,9,3,1,3,0,1,2026-01-02,0,94.24,0
U03191,2025-01-15,Pro,US,Referral,SMB,13,3,0,9,0,1,2025-10-16,79,37.97,711
U03192,2025-07-20,Free,India,Referral,SMB,8,1,1,3,0,0,,0,23.42,0
U03193,2025-07-21,Free,India,Referral,SMB,7,2,1,3,0,0,,0,44.65,0
U03194,2025-08-05,Pro,India,Content,Enterprise,12,9,2,2,0,0,,79,44.2,711
U03195,2025-07-09,Free,India,Paid Search,Startup,10,5,3,4,0,0,,0,99.9,0
U03196,2025-02-02,Pro,India,Referral,SMB,9,7,1,5,1,0,,79,45.99,1027
U03197,2025-04-05,Pro,UK,Organic,SMB,16,5,0,7,0,0,,79,40.98,1027
U03198,2025-04-05,Free,India,Paid Search,Mid-Market,17,2,2,3,0,1,2025-07-02,0,65.92,0
U03199,2025-03-20,Pro,India,Paid Search,Mid-Market,15,8,0,2,0,0,,79,149.53,869
U03200,2025-05-21,Pro,UK,Organic,SMB,14,7,2,8,0,0,,79,26.73,869
U03201,2025-04-23,Free,Canada,Organic,SMB,9,2,0,3,0,1,2025-11-26,0,29.56,0
U03202,2025-08-23,Free,India,Partner,Mid-Market,7,3,2,4,0,1,2026-07-02,0,56.86,0
U03203,2025-02-24,Pro,Australia,Referral,SMB,10,5,0,2,0,0,,79,19.85,948
U03204,2025-01-30,Pro,UK,Content,Mid-Market,12,5,0,5,0,0,,79,44.83,1106
U03205,2025-05-02,Free,US,Paid Search,SMB,8,4,2,2,1,0,,0,111.01,0
U03206,2025-03-04,Free,UK,Organic,Startup,13,4,0,3,0,0,,0,16.79,0
U03207,2025-10-27,Business,Germany,Content,SMB,18,7,0,7,1,1,2025-12-17,249,27.61,498
U03208,2025-10-13,Free,Germany,Content,Mid-Market,7,5,0,1,0,0,,0,35.09,0
U03209,2025-06-20,Free,US,Paid Search,SMB,10,1,2,1,0,1,2025-09-14,0,75.87,0
U03210,2025-02-12,Pro,India,Referral,Startup,10,9,4,4,0,0,,79,27.28,1106
U03211,2025-09-03,Pro,India,Content,Startup,9,4,0,3,1,0,,79,27.92,948
U03212,2025-08-08,Pro,Canada,Organic,Startup,10,8,1,5,0,1,2026-04-09,79,34.04,632
U03213,2025-07-06,Pro,Australia,Organic,SMB,19,6,1,3,0,0,,79,29.13,1106
U03214,2025-05-04,Free,Australia,Paid Search,Startup,12,4,3,2,0,0,,0,58.67,0
U03215,2025-07-29,Free,UK,Organic,SMB,11,4,2,2,0,0,,0,50.39,0
U03216,2025-09-20,Free,US,Paid Search,SMB,9,6,0,4,0,0,,0,106.26,0
U03217,2025-02-28,Pro,US,Organic,SMB,11,7,1,4,0,0,,79,16.3,948
U03218,2025-01-21,Free,US,Referral,Mid-Market,10,4,2,3,0,0,,0,51.71,0
U03219,2025-04-28,Pro,UK,Content,Startup,16,6,2,7,0,0,,79,42.27,711
U03220,2025-08-09,Pro,US,Paid Search,Startup,13,9,1,6,1,0,,79,84.58,1106
U03221,2025-05-22,Business,India,Partner,SMB,14,8,2,5,1,0,,249,68.36,2490
U03222,2025-10-12,Pro,US,Referral,SMB,8,8,3,3,1,0,,79,49.5,869
U03223,2025-05-05,Free,India,Referral,Mid-Market,13,2,0,4,0,0,,0,27.17,0
U03224,2025-07-30,Pro,Canada,Organic,SMB,6,7,0,5,0,0,,79,41.2,1027
U03225,2025-07-24,Free,India,Organic,SMB,7,2,1,6,0,1,2026-03-24,0,35.27,0
U03226,2025-04-20,Free,UK,Organic,Enterprise,10,1,1,1,0,1,2025-11-28,0,46.4,0
U03227,2025-08-06,Free,UK,Referral,Mid-Market,9,1,0,1,0,0,,0,18.72,0
U03228,2025-10-18,Pro,India,Organic,SMB,6,3,2,3,0,0,,79,50.1,790
U03229,2025-09-06,Pro,Germany,Referral,Startup,14,5,1,6,0,0,,79,19.3,1027
U03230,2025-08-29,Business,India,Referral,SMB,11,11,1,7,0,0,,249,25.61,3237
U03231,2025-06-29,Pro,US,Paid Search,Mid-Market,14,5,1,3,1,0,,79,119.4,790
U03232,2025-07-23,Pro,Canada,Paid Search,Mid-Market,15,7,0,5,0,1,2026-01-17,79,109.46,474
U03233,2025-07-28,Business,Canada,Referral,SMB,25,6,0,8,0,0,,249,46.84,3237
U03234,2025-03-22,Free,Canada,Content,Mid-Market,11,1,1,1,0,0,,0,41.49,0
U03235,2025-09-26,Pro,India,Content,Startup,15,7,2,5,0,1,2025-12-06,79,35.46,158
U03236,2025-08-14,Business,India,Organic,Startup,12,8,2,8,0,0,,249,27.8,3237
U03237,2025-05-22,Pro,US,Content,Mid-Market,12,6,1,3,0,0,,79,37.44,790
U03238,2025-09-29,Free,US,Paid Search,Startup,9,3,1,5,0,0,,0,93.63,0
U03239,2025-06-20,Pro,Australia,Organic,SMB,12,4,0,2,1,0,,79,25.42,869
U03240,2025-07-11,Free,Germany,Partner,Startup,6,4,2,2,0,0,,0,61.92,0
U03241,2025-04-01,Free,UK,Organic,Startup,12,6,2,2,0,0,,0,27.07,0
U03242,2025-04-26,Business,US,Content,Startup,7,9,0,5,1,0,,249,34.98,3237
U03243,2025-10-02,Business,US,Organic,SMB,19,9,1,10,1,0,,249,28.05,2988
U03244,2025-10-22,Business,US,Content,Enterprise,20,9,1,15,1,0,,249,43.91,2490
U03245,2025-05-03,Pro,US,Referral,Startup,11,7,1,5,0,0,,79,48.58,869
U03246,2025-01-18,Free,US,Organic,Startup,15,4,0,4,0,0,,0,37.13,0
U03247,2025-03-16,Free,Australia,Content,Mid-Market,8,3,0,3,0,0,,0,22.87,0
U03248,2025-04-07,Pro,Australia,Referral,SMB,17,5,1,6,0,1,2025-06-02,79,33.37,158
U03249,2025-07-15,Free,US,Content,Mid-Market,13,4,0,2,0,0,,0,27.06,0
U03250,2025-10-16,Free,India,Referral,Startup,12,1,2,2,0,1,2025-11-29,0,29.38,0
U03251,2025-02-13,Pro,US,Referral,SMB,8,7,0,4,0,0,,79,44.75,1027
U03252,2025-07-05,Free,US,Partner,Startup,10,5,0,2,0,0,,0,81.18,0
U03253,2025-06-09,Free,India,Partner,SMB,9,2,3,1,0,0,,0,86.45,0
U03254,2025-01-30,Free,Australia,Content,SMB,4,4,0,3,0,1,2025-08-07,0,32.24,0
U03255,2025-09-20,Business,India,Content,Enterprise,18,8,1,9,1,0,,249,35.75,2988
U03256,2025-06-18,Free,Australia,Referral,SMB,7,4,1,5,0,0,,0,28.8,0
U03257,2025-03-16,Free,Germany,Partner,Startup,4,3,1,3,0,0,,0,77.36,0
U03258,2025-10-27,Pro,India,Partner,SMB,10,6,1,3,0,1,2026-06-28,79,71.17,632
U03259,2025-01-04,Pro,US,Paid Search,Enterprise,8,5,1,10,1,1,2025-07-15,79,102.39,474
U03260,2025-10-06,Business,US,Referral,Startup,17,5,0,8,1,0,,249,33.86,3486
U03261,2025-02-18,Free,US,Organic,Startup,3,3,0,2,0,1,2026-01-02,0,29.51,0
U03262,2025-04-03,Pro,Australia,Partner,SMB,13,7,3,9,0,0,,79,73.11,790
U03263,2025-05-17,Free,US,Paid Search,SMB,10,2,1,4,0,0,,0,74.87,0
U03264,2025-03-16,Business,Canada,Paid Search,SMB,10,9,0,6,0,0,,249,109.65,2490
U03265,2025-04-03,Pro,India,Organic,Mid-Market,16,7,2,4,1,0,,79,31.36,948
U03266,2025-03-22,Free,Germany,Paid Search,SMB,8,5,1,1,0,0,,0,93.1,0
U03267,2025-02-14,Business,India,Referral,Startup,13,5,0,6,0,1,2025-11-11,249,40.42,2241
U03268,2025-03-07,Pro,Canada,Paid Search,SMB,16,5,0,4,0,0,,79,64.24,632
U03269,2025-02-06,Pro,India,Organic,SMB,15,10,3,9,1,1,2025-07-06,79,36.69,395
U03270,2025-02-28,Pro,UK,Organic,SMB,12,8,0,7,1,0,,79,50.45,948
U03271,2025-03-31,Pro,Canada,Organic,SMB,16,6,1,7,1,0,,79,38.71,711
U03272,2025-04-02,Business,India,Partner,Mid-Market,13,10,1,11,1,0,,249,75.97,2490
U03273,2025-10-19,Pro,US,Organic,SMB,8,7,1,2,0,0,,79,35.36,790
U03274,2025-08-24,Business,Germany,Referral,Startup,17,7,1,7,1,0,,249,39.56,3486
U03275,2025-07-24,Business,Germany,Paid Search,Startup,8,6,0,8,0,1,2026-03-19,249,110.38,1992
U03276,2025-06-08,Free,US,Referral,Startup,6,3,1,3,0,1,2025-09-30,0,46.95,0
U03277,2025-07-01,Pro,India,Organic,Mid-Market,11,4,0,2,1,0,,79,24.39,869
U03278,2025-03-09,Business,Germany,Referral,Enterprise,21,7,1,4,0,0,,249,54.21,3486
U03279,2025-08-03,Free,US,Organic,Startup,9,5,1,2,0,1,2026-03-09,0,33.44,0
U03280,2025-09-08,Free,US,Organic,Startup,7,4,1,4,0,0,,0,38.01,0
U03281,2025-06-19,Free,UK,Content,Startup,6,2,1,2,1,0,,0,39.95,0
U03282,2025-05-11,Pro,UK,Content,SMB,9,6,0,6,0,0,,79,33.01,948
U03283,2025-10-07,Free,UK,Content,Startup,12,2,3,5,0,0,,0,27.23,0
U03284,2025-02-16,Free,India,Content,Mid-Market,8,4,1,4,0,0,,0,29.05,0
U03285,2025-07-09,Free,Australia,Organic,Startup,10,4,3,2,0,0,,0,41.37,0
U03286,2025-07-08,Pro,US,Paid Search,Mid-Market,12,3,0,2,1,0,,79,63.8,1106
U03287,2025-05-23,Free,India,Content,Startup,1,6,0,5,0,0,,0,13.71,0
U03288,2025-01-17,Business,Germany,Organic,SMB,11,6,0,5,0,0,,249,44.97,2739
U03289,2025-02-02,Free,India,Organic,SMB,9,2,0,1,0,1,2025-09-09,0,40.15,0
U03290,2025-01-07,Pro,Canada,Content,SMB,6,7,1,4,0,0,,79,37.14,948
U03291,2025-05-29,Free,India,Organic,SMB,7,4,0,5,0,0,,0,32.52,0
U03292,2025-08-23,Free,UK,Organic,Startup,12,5,1,1,0,0,,0,32.31,0
U03293,2025-06-25,Free,India,Partner,SMB,9,3,0,3,0,0,,0,82.0,0
U03294,2025-04-03,Pro,US,Organic,SMB,10,7,0,4,0,1,2025-06-14,79,28.98,158
U03295,2025-07-17,Pro,US,Paid Search,SMB,12,7,2,4,1,0,,79,100.42,632
U03296,2025-07-05,Free,India,Partner,Mid-Market,8,3,1,2,0,1,2025-09-29,0,95.69,0
U03297,2025-06-03,Free,Germany,Content,Startup,3,1,2,1,0,1,2026-02-22,0,47.21,0
U03298,2025-05-14,Free,Australia,Organic,Mid-Market,6,3,2,4,0,0,,0,21.3,0
U03299,2025-07-21,Free,US,Organic,Startup,6,3,2,3,0,1,2026-03-02,0,26.7,0
U03300,2025-10-26,Free,UK,Referral,Startup,11,3,0,4,0,1,2025-12-08,0,28.43,0
U03301,2025-04-07,Free,UK,Content,Mid-Market,8,3,3,4,0,1,2025-08-20,0,44.98,0
U03302,2025-01-27,Free,Australia,Paid Search,Mid-Market,8,4,2,3,0,0,,0,109.54,0
U03303,2025-09-27,Pro,US,Referral,SMB,9,5,1,7,0,1,2026-05-06,79,46.18,553
U03304,2025-10-23,Free,US,Referral,Startup,9,1,0,2,0,0,,0,37.55,0
U03305,2025-10-01,Pro,UK,Organic,SMB,13,10,3,3,1,1,2025-11-30,79,25.37,158
U03306,2025-07-28,Free,US,Partner,Startup,7,8,1,2,0,1,2026-01-03,0,99.42,0
U03307,2025-06-12,Business,US,Content,Enterprise,15,9,1,10,1,0,,249,47.61,2988
U03308,2025-10-27,Free,India,Organic,Mid-Market,10,2,1,2,0,1,2026-04-21,0,33.85,0
U03309,2025-06-06,Pro,Germany,Content,Mid-Market,10,6,2,2,0,1,2025-12-17,79,21.81,474
U03310,2025-02-25,Pro,US,Partner,SMB,15,6,0,6,0,1,2025-11-14,79,86.44,711
U03311,2025-05-23,Free,Australia,Paid Search,SMB,11,5,1,3,0,1,2025-11-01,0,61.3,0
U03312,2025-03-30,Free,India,Paid Search,Mid-Market,9,1,0,4,0,0,,0,85.84,0
U03313,2025-01-31,Pro,UK,Content,Startup,13,4,1,5,1,0,,79,52.17,1106
U03314,2025-02-05,Pro,US,Content,Mid-Market,18,7,2,5,1,0,,79,32.0,790
U03315,2025-02-02,Free,Germany,Organic,Startup,16,3,3,4,0,0,,0,38.41,0
U03316,2025-10-24,Free,India,Content,SMB,9,1,6,1,0,1,2026-07-20,0,25.19,0
U03317,2025-09-14,Pro,Germany,Referral,SMB,10,8,1,5,0,0,,79,36.35,711
U03318,2025-03-29,Free,India,Paid Search,Mid-Market,4,3,1,3,0,1,2025-06-25,0,79.17,0
U03319,2025-03-18,Pro,UK,Referral,SMB,8,5,1,5,0,0,,79,43.39,1106
U03320,2025-03-16,Free,Germany,Referral,Enterprise,11,4,0,2,0,0,,0,43.68,0
U03321,2025-03-22,Free,India,Organic,Startup,10,2,0,4,0,0,,0,31.71,0
U03322,2025-06-13,Free,US,Paid Search,SMB,4,3,1,2,0,1,2025-07-28,0,106.25,0
U03323,2025-07-01,Free,Australia,Organic,Startup,14,1,0,2,0,0,,0,46.41,0
U03324,2025-09-23,Pro,Germany,Organic,Startup,18,9,0,2,0,0,,79,18.51,711
U03325,2025-09-14,Free,Germany,Content,Startup,6,1,1,2,0,0,,0,51.05,0
U03326,2025-06-13,Pro,Australia,Paid Search,Mid-Market,8,1,1,5,0,0,,79,60.46,948
U03327,2025-03-15,Pro,India,Organic,SMB,12,6,2,5,0,1,2025-12-21,79,33.16,711
U03328,2025-01-05,Free,US,Organic,Enterprise,6,3,1,3,0,1,2025-07-13,0,23.57,0
U03329,2025-03-10,Free,India,Partner,Mid-Market,11,4,1,2,0,0,,0,75.33,0
U03330,2025-04-08,Free,India,Content,SMB,9,4,1,3,0,0,,0,27.66,0
U03331,2025-03-15,Free,Germany,Referral,Enterprise,4,2,1,1,0,0,,0,39.39,0
U03332,2025-07-09,Pro,US,Organic,Mid-Market,15,7,4,4,0,0,,79,25.83,632
U03333,2025-07-02,Free,Canada,Paid Search,SMB,9,5,2,2,1,0,,0,116.62,0
U03334,2025-05-24,Pro,US,Referral,Mid-Market,16,5,1,5,0,1,2026-03-01,79,32.36,711
U03335,2025-06-28,Pro,US,Partner,SMB,16,6,0,4,0,0,,79,46.91,1106
U03336,2025-03-06,Free,Australia,Organic,Startup,7,3,2,4,0,1,2025-09-06,0,52.06,0
U03337,2025-03-29,Pro,Canada,Referral,Startup,11,3,0,8,0,0,,79,43.11,711
U03338,2025-04-15,Pro,UK,Paid Search,Mid-Market,7,4,3,4,0,0,,79,90.39,1027
U03339,2025-05-03,Pro,Canada,Referral,Startup,5,7,0,4,1,1,2026-02-13,79,38.38,790
U03340,2025-05-09,Pro,Canada,Content,Startup,13,3,2,2,1,0,,79,14.93,1106
U03341,2025-10-21,Business,UK,Partner,SMB,17,8,1,6,1,0,,249,75.51,3237
U03342,2025-01-04,Pro,Germany,Content,Mid-Market,12,9,2,5,0,0,,79,21.76,869
U03343,2025-05-18,Free,India,Content,SMB,8,3,4,1,1,1,2026-02-20,0,50.63,0
U03344,2025-07-06,Free,India,Organic,SMB,9,3,4,2,1,0,,0,43.33,0
U03345,2025-01-04,Free,Canada,Organic,Startup,7,1,1,3,0,1,2025-02-07,0,22.64,0
U03346,2025-09-13,Pro,Germany,Referral,SMB,9,8,0,6,1,0,,79,30.14,711
U03347,2025-05-07,Business,India,Organic,Mid-Market,14,5,0,7,0,1,2025-10-24,249,46.13,1494
U03348,2025-02-20,Free,US,Partner,Startup,11,3,1,5,1,1,2025-12-17,0,65.86,0
U03349,2025-09-28,Free,India,Partner,SMB,13,5,0,2,0,1,2025-12-05,0,73.07,0
U03350,2025-08-26,Free,US,Paid Search,SMB,7,2,2,3,0,1,2026-03-10,0,97.25,0
U03351,2025-04-11,Free,US,Organic,Startup,9,3,0,3,0,0,,0,32.48,0
U03352,2025-04-30,Free,US,Referral,Startup,11,6,1,1,1,0,,0,33.01,0
U03353,2025-01-17,Free,India,Organic,Startup,5,1,0,1,0,0,,0,20.81,0
U03354,2025-03-21,Pro,India,Referral,Startup,13,8,2,5,1,0,,79,31.1,869
U03355,2025-01-09,Free,India,Partner,SMB,10,1,4,2,0,1,2025-07-04,0,84.61,0
U03356,2025-06-22,Pro,US,Partner,Startup,13,8,1,4,1,0,,79,43.58,790
U03357,2025-03-20,Pro,UK,Content,SMB,10,5,1,4,1,0,,79,38.17,790
U03358,2025-02-23,Free,India,Referral,Startup,8,5,1,3,0,1,2025-05-23,0,40.68,0
U03359,2025-04-16,Business,India,Organic,Startup,14,10,1,10,1,0,,249,33.93,2739
U03360,2025-04-02,Free,UK,Organic,Startup,14,5,2,3,0,0,,0,32.0,0
U03361,2025-09-14,Pro,US,Organic,Enterprise,12,3,1,3,0,0,,79,49.87,948
U03362,2025-09-02,Pro,India,Content,Startup,15,6,1,8,1,0,,79,25.23,1106
U03363,2025-08-23,Free,India,Referral,Mid-Market,14,6,0,3,0,0,,0,30.41,0
U03364,2025-05-12,Pro,India,Organic,Startup,17,6,1,6,0,0,,79,16.76,632
U03365,2025-07-25,Free,US,Organic,SMB,11,2,0,1,0,1,2026-03-14,0,24.9,0
U03366,2025-10-16,Free,UK,Referral,Startup,7,5,1,1,0,1,2026-08-05,0,50.1,0
U03367,2025-04-21,Business,US,Organic,Mid-Market,13,7,2,4,1,0,,249,24.87,3237
U03368,2025-03-23,Free,US,Partner,SMB,13,2,0,2,0,0,,0,72.04,0
U03369,2025-03-03,Pro,India,Partner,Startup,18,6,2,8,0,1,2025-11-13,79,60.16,632
U03370,2025-03-13,Pro,India,Partner,Startup,14,3,1,5,1,1,2025-10-20,79,75.1,553
U03371,2025-02-02,Free,US,Paid Search,SMB,7,1,3,4,0,0,,0,113.53,0
U03372,2025-06-10,Free,US,Organic,Mid-Market,7,4,0,2,0,0,,0,31.31,0
U03373,2025-03-20,Pro,US,Partner,SMB,10,4,0,8,1,0,,79,61.81,711
U03374,2025-08-31,Pro,Germany,Organic,Startup,17,5,2,8,0,0,,79,27.21,1027
U03375,2025-07-26,Pro,Australia,Organic,Mid-Market,8,3,1,14,0,1,2026-04-23,79,44.11,711
U03376,2025-08-27,Free,Germany,Organic,Mid-Market,14,1,2,1,0,1,2025-12-06,0,37.34,0
U03377,2025-04-07,Pro,UK,Organic,Startup,12,7,1,6,1,0,,79,28.16,948
U03378,2025-03-13,Pro,India,Paid Search,Mid-Market,14,4,1,5,0,0,,79,62.45,711
U03379,2025-07-03,Free,US,Referral,Mid-Market,10,2,1,4,1,1,2025-12-22,0,11.5,0
U03380,2025-02-28,Free,US,Paid Search,Startup,8,1,0,2,0,1,2025-05-18,0,99.09,0
U03381,2025-02-06,Pro,US,Organic,Mid-Market,15,5,2,3,0,0,,79,25.29,790
U03382,2025-04-10,Business,US,Organic,SMB,24,4,0,10,1,0,,249,25.79,1992
U03383,2025-05-05,Pro,US,Content,Startup,13,6,3,5,1,0,,79,41.34,948
U03384,2025-05-01,Free,Australia,Organic,Startup,9,1,1,2,0,0,,0,49.77,0
U03385,2025-10-27,Pro,India,Paid Search,Enterprise,11,9,0,3,1,0,,79,70.26,632
U03386,2025-02-26,Free,UK,Content,Mid-Market,11,2,0,2,0,0,,0,35.69,0
U03387,2025-10-23,Pro,India,Partner,Mid-Market,13,6,0,6,0,1,2026-04-14,79,73.87,474
U03388,2025-02-22,Free,US,Content,Startup,8,6,1,2,0,0,,0,38.35,0
U03389,2025-09-16,Free,India,Content,SMB,6,2,5,1,0,1,2026-03-22,0,40.93,0
U03390,2025-08-11,Free,Australia,Content,Mid-Market,10,1,2,3,0,1,2026-01-19,0,45.74,0
U03391,2025-09-21,Free,Canada,Referral,Enterprise,6,3,1,1,0,0,,0,28.99,0
U03392,2025-04-03,Pro,US,Organic,Startup,14,8,1,5,0,0,,79,55.23,632
U03393,2025-07-07,Business,UK,Content,Startup,22,10,4,7,1,0,,249,24.97,3237
U03394,2025-10-06,Free,India,Content,Enterprise,14,4,0,4,0,0,,0,22.2,0
U03395,2025-04-26,Pro,US,Referral,SMB,23,8,2,5,0,0,,79,41.76,711
U03396,2025-06-10,Free,US,Content,Startup,9,3,0,3,0,0,,0,24.99,0
U03397,2025-09-19,Free,Canada,Paid Search,SMB,7,2,2,2,0,1,2026-03-08,0,101.12,0
U03398,2025-01-10,Free,India,Paid Search,Mid-Market,16,3,0,1,0,0,,0,80.33,0
U03399,2025-07-04,Pro,US,Paid Search,SMB,9,7,1,4,1,0,,79,92.17,711
U03400,2025-08-04,Pro,India,Content,SMB,13,3,1,7,1,0,,79,30.33,948
U03401,2025-01-12,Free,Germany,Content,Startup,7,2,3,6,0,1,2025-06-04,0,17.58,0
U03402,2025-02-24,Pro,Germany,Content,Startup,19,4,2,6,0,1,2025-08-19,79,43.64,474
U03403,2025-10-01,Pro,US,Paid Search,Mid-Market,15,5,0,3,0,0,,79,81.73,948
U03404,2025-05-05,Pro,Germany,Paid Search,Startup,19,5,0,3,0,0,,79,104.45,711
U03405,2025-05-26,Pro,Germany,Partner,Mid-Market,13,4,1,3,1,1,2025-12-23,79,95.01,553
U03406,2025-05-11,Free,US,Content,SMB,10,6,0,3,1,0,,0,33.45,0
U03407,2025-03-21,Business,India,Content,Startup,18,8,1,7,1,0,,249,22.51,3237
U03408,2025-01-13,Pro,India,Referral,Startup,8,4,2,9,0,0,,79,47.3,711
U03409,2025-04-14,Business,Australia,Organic,SMB,18,9,1,10,1,0,,249,32.19,3237
U03410,2025-09-29,Pro,US,Referral,SMB,10,7,0,4,0,1,2025-12-05,79,48.69,158
U03411,2025-08-19,Free,Germany,Paid Search,Mid-Market,8,5,2,3,0,1,2025-11-09,0,99.53,0
U03412,2025-03-26,Pro,India,Organic,Startup,11,8,2,4,0,0,,79,44.21,1106
U03413,2025-01-27,Free,Australia,Organic,SMB,9,5,2,2,0,0,,0,46.16,0
U03414,2025-07-01,Free,US,Paid Search,Startup,5,1,1,1,0,0,,0,103.92,0
U03415,2025-07-24,Free,US,Organic,Startup,10,5,1,4,0,0,,0,20.99,0
U03416,2025-03-18,Free,US,Content,Startup,9,4,1,5,0,0,,0,34.06,0
U03417,2025-06-18,Pro,Germany,Partner,Startup,13,3,3,5,0,1,2025-11-02,79,35.43,395
U03418,2025-06-26,Free,US,Partner,SMB,2,3,2,2,0,1,2025-07-27,0,79.66,0
U03419,2025-04-14,Pro,Canada,Referral,SMB,13,10,1,6,0,0,,79,43.97,1106
U03420,2025-09-13,Pro,India,Paid Search,Startup,13,3,2,7,0,0,,79,96.13,1106
U03421,2025-09-05,Pro,US,Referral,SMB,18,3,0,4,0,1,2026-05-28,79,27.13,711
U03422,2025-02-24,Free,Canada,Referral,Enterprise,10,4,5,3,0,0,,0,15.75,0
U03423,2025-02-06,Free,India,Paid Search,Startup,8,4,0,4,1,1,2025-08-28,0,113.25,0
U03424,2025-05-07,Pro,US,Referral,Startup,9,5,2,6,0,0,,79,44.91,869
U03425,2025-06-11,Pro,US,Partner,Startup,8,6,2,4,0,1,2026-02-09,79,59.31,632
U03426,2025-06-07,Free,Canada,Paid Search,Enterprise,10,1,3,4,0,1,2025-07-13,0,66.18,0
U03427,2025-05-10,Free,Australia,Paid Search,Startup,12,4,2,2,0,1,2026-02-08,0,106.73,0
U03428,2025-02-01,Free,US,Partner,Enterprise,8,4,2,1,0,0,,0,39.92,0
U03429,2025-05-18,Free,India,Organic,Mid-Market,5,3,1,4,0,1,2026-04-12,0,40.56,0
U03430,2025-06-28,Free,UK,Paid Search,SMB,11,6,4,3,0,1,2026-04-24,0,98.88,0
U03431,2025-09-15,Business,US,Paid Search,Mid-Market,16,7,0,8,0,0,,249,138.9,2988
U03432,2025-10-27,Pro,UK,Paid Search,Startup,11,8,0,3,0,1,2026-07-05,79,139.46,632
U03433,2025-04-06,Free,US,Paid Search,Startup,6,4,2,1,1,0,,0,104.88,0
U03434,2025-08-31,Pro,India,Organic,SMB,14,7,0,2,1,0,,79,36.38,948
U03435,2025-01-15,Business,India,Partner,SMB,13,8,1,7,0,0,,249,48.31,2988
U03436,2025-06-05,Pro,Germany,Paid Search,Mid-Market,12,7,2,6,0,0,,79,114.06,711
U03437,2025-04-29,Free,Australia,Content,Startup,4,6,3,1,0,1,2026-01-07,0,24.22,0
U03438,2025-03-02,Free,Australia,Referral,SMB,10,1,3,3,1,0,,0,27.1,0
U03439,2025-04-16,Pro,Canada,Content,SMB,8,7,1,4,0,0,,79,43.99,711
U03440,2025-02-02,Free,Germany,Organic,Startup,10,5,1,2,0,1,2025-06-24,0,34.05,0
U03441,2025-05-07,Free,Australia,Partner,SMB,9,3,0,2,0,0,,0,83.79,0
U03442,2025-09-20,Free,Canada,Organic,SMB,8,5,2,1,0,1,2025-10-28,0,32.22,0
U03443,2025-01-04,Free,UK,Content,Startup,9,4,1,2,0,1,2025-08-03,0,33.1,0
U03444,2025-08-10,Business,US,Organic,Mid-Market,10,9,1,7,1,1,2025-09-19,249,28.53,249
U03445,2025-05-28,Pro,India,Organic,SMB,21,10,0,5,0,1,2025-12-04,79,38.16,474
U03446,2025-08-19,Free,US,Referral,Mid-Market,10,4,2,3,0,1,2026-01-31,0,39.24,0
U03447,2025-06-02,Business,UK,Partner,Mid-Market,8,10,0,6,0,0,,249,68.83,3486
U03448,2025-05-21,Pro,India,Referral,Mid-Market,14,7,1,3,0,1,2026-04-14,79,36.85,869
U03449,2025-03-23,Business,India,Paid Search,Startup,19,11,1,5,0,0,,249,89.06,2490
U03450,2025-01-15,Pro,Germany,Paid Search,SMB,17,5,1,2,0,0,,79,105.74,790
U03451,2025-06-30,Free,Canada,Partner,Mid-Market,8,2,1,3,0,0,,0,62.56,0
U03452,2025-06-21,Pro,US,Organic,SMB,11,6,1,4,1,1,2025-11-04,79,26.95,395
U03453,2025-05-25,Free,UK,Paid Search,Startup,10,2,2,1,0,1,2025-09-07,0,129.97,0
U03454,2025-06-01,Pro,UK,Content,Mid-Market,12,7,1,4,0,1,2025-07-02,79,20.01,79
U03455,2025-01-21,Free,India,Content,SMB,6,5,1,3,0,0,,0,29.71,0
U03456,2025-01-14,Pro,Australia,Paid Search,SMB,16,5,0,5,0,0,,79,76.0,869
U03457,2025-09-08,Business,Canada,Referral,Startup,11,9,0,5,0,0,,249,25.3,2490
U03458,2025-04-26,Business,US,Partner,Mid-Market,15,11,0,13,1,0,,249,87.13,2490
U03459,2025-04-29,Free,India,Content,SMB,8,3,0,3,0,1,2026-02-06,0,26.94,0
U03460,2025-07-14,Free,Australia,Paid Search,Mid-Market,11,2,2,1,0,0,,0,110.33,0
U03461,2025-07-07,Pro,Australia,Organic,Startup,10,6,3,7,1,1,2026-03-01,79,38.02,632
U03462,2025-02-10,Pro,India,Organic,Mid-Market,12,3,1,2,1,0,,79,32.07,869
U03463,2025-06-02,Free,India,Organic,Startup,9,4,2,1,0,1,2025-10-23,0,18.78,0
U03464,2025-03-23,Pro,India,Paid Search,Startup,13,8,1,5,1,0,,79,91.5,790
U03465,2025-05-28,Pro,India,Organic,Startup,10,8,0,5,0,0,,79,37.6,948
U03466,2025-03-09,Free,US,Content,Startup,10,1,1,4,0,0,,0,42.87,0
U03467,2025-07-21,Business,US,Organic,Mid-Market,20,7,2,8,0,0,,249,29.2,2739
U03468,2025-08-10,Free,India,Organic,SMB,2,1,3,2,0,1,2025-10-01,0,35.67,0
U03469,2025-04-22,Free,UK,Referral,Startup,11,2,4,2,0,1,2025-07-22,0,22.45,0
U03470,2025-04-26,Pro,Australia,Partner,Startup,10,3,0,2,0,1,2026-01-07,79,69.54,711
U03471,2025-05-05,Pro,UK,Organic,Startup,11,4,0,2,0,1,2025-09-28,79,30.95,395
U03472,2025-07-12,Pro,Canada,Referral,SMB,11,7,1,3,1,0,,79,35.55,1027
U03473,2025-03-12,Business,UK,Content,Mid-Market,13,7,2,7,0,0,,249,31.37,2241
U03474,2025-04-30,Pro,US,Partner,Mid-Market,10,5,1,4,1,0,,79,73.38,1106
U03475,2025-07-20,Free,India,Paid Search,Startup,13,1,1,6,0,0,,0,78.33,0
U03476,2025-05-09,Pro,India,Referral,Startup,16,4,3,4,1,0,,79,36.87,1027
U03477,2025-06-13,Free,US,Partner,Startup,12,6,2,2,0,0,,0,53.38,0
U03478,2025-02-07,Pro,India,Organic,Startup,9,5,0,4,0,0,,79,45.37,869
U03479,2025-08-22,Free,India,Organic,Startup,7,3,2,2,0,1,2026-06-15,0,45.04,0
U03480,2025-05-09,Free,US,Referral,Mid-Market,6,3,0,3,0,0,,0,48.43,0
U03481,2025-01-26,Pro,US,Organic,SMB,21,2,2,2,0,1,2025-10-21,79,32.0,711
U03482,2025-10-27,Free,US,Organic,Mid-Market,4,4,1,1,0,0,,0,43.42,0
U03483,2025-04-18,Pro,Germany,Organic,SMB,8,10,1,5,0,0,,79,29.28,711
U03484,2025-08-14,Pro,India,Referral,Startup,9,6,1,6,1,1,2025-11-18,79,29.5,237
U03485,2025-06-25,Free,US,Organic,Startup,9,3,2,2,0,1,2025-09-05,0,47.18,0
U03486,2025-07-27,Pro,Canada,Organic,SMB,13,4,2,5,0,0,,79,37.6,1027
U03487,2025-04-23,Free,Australia,Content,Startup,4,1,2,3,0,1,2026-03-16,0,46.89,0
U03488,2025-08-31,Pro,US,Paid Search,Enterprise,15,7,2,6,1,0,,79,93.55,1027
U03489,2025-10-15,Business,India,Paid Search,Enterprise,15,10,0,10,0,1,2026-01-04,249,88.77,747
U03490,2025-01-20,Free,UK,Organic,Mid-Market,5,4,1,1,0,0,,0,31.87,0
U03491,2025-10-10,Free,India,Referral,SMB,9,7,3,2,0,1,2026-02-14,0,20.84,0
U03492,2025-08-28,Free,UK,Content,Startup,12,2,0,2,0,0,,0,26.87,0
U03493,2025-02-05,Pro,US,Paid Search,Mid-Market,13,8,1,3,0,0,,79,96.33,948
U03494,2025-08-27,Free,US,Content,SMB,11,1,2,1,0,0,,0,50.66,0
U03495,2025-02-01,Pro,US,Paid Search,SMB,15,4,1,5,1,0,,79,89.14,948
U03496,2025-07-17,Pro,US,Paid Search,Startup,14,5,1,6,1,0,,79,87.94,869
U03497,2025-03-02,Free,Canada,Content,Startup,6,5,2,1,0,0,,0,41.26,0
U03498,2025-10-02,Free,US,Organic,SMB,11,3,2,3,0,1,2026-01-28,0,28.28,0
U03499,2025-04-28,Pro,Germany,Paid Search,Startup,6,5,0,5,1,0,,79,90.6,948
U03500,2025-01-19,Free,India,Partner,Startup,12,2,2,4,0,1,2025-10-30,0,67.6,0
U03501,2025-10-09,Pro,UK,Content,Mid-Market,9,6,2,5,1,0,,79,33.01,1027
U03502,2025-01-27,Pro,US,Paid Search,Startup,17,6,2,3,0,0,,79,96.2,711
U03503,2025-10-08,Pro,India,Content,SMB,14,5,2,8,0,0,,79,18.46,1106
U03504,2025-10-04,Free,US,Organic,Enterprise,14,1,0,1,0,0,,0,19.18,0
U03505,2025-02-04,Business,US,Referral,SMB,15,6,0,12,0,0,,249,58.48,2988
U03506,2025-05-04,Business,US,Organic,Mid-Market,13,9,2,4,0,1,2026-01-19,249,30.26,2241
U03507,2025-02-17,Pro,Germany,Organic,SMB,9,8,2,2,0,0,,79,5.0,790
U03508,2025-10-11,Free,India,Referral,Enterprise,14,3,2,3,0,0,,0,38.29,0
U03509,2025-03-02,Pro,India,Paid Search,Startup,15,9,0,10,0,1,2025-06-26,79,88.5,316
U03510,2025-05-23,Free,India,Partner,SMB,6,4,0,2,0,1,2025-06-30,0,53.6,0
U03511,2025-09-20,Pro,Australia,Content,Mid-Market,11,5,1,3,0,0,,79,30.76,790
U03512,2025-05-11,Free,US,Content,Mid-Market,8,5,2,3,0,1,2026-03-28,0,42.13,0
U03513,2025-09-10,Pro,US,Content,SMB,11,8,0,2,0,0,,79,27.04,1027
U03514,2025-08-30,Business,India,Organic,Startup,16,8,1,9,1,0,,249,28.82,2988
U03515,2025-05-06,Free,India,Referral,Startup,11,7,1,1,0,1,2025-09-30,0,27.82,0
U03516,2025-05-20,Pro,Canada,Referral,Startup,14,9,0,5,1,0,,79,37.33,711
U03517,2025-04-27,Free,India,Referral,Startup,13,5,1,2,0,0,,0,34.1,0
U03518,2025-02-23,Business,India,Paid Search,Mid-Market,7,7,0,10,1,1,2025-06-15,249,96.25,996
U03519,2025-07-12,Business,US,Referral,Startup,19,10,0,6,0,1,2025-10-20,249,43.0,747
U03520,2025-05-09,Free,India,Organic,Mid-Market,10,2,1,2,0,0,,0,19.19,0
U03521,2025-08-08,Pro,India,Organic,Startup,9,5,0,2,0,0,,79,43.51,948
U03522,2025-03-04,Free,UK,Content,SMB,5,3,2,2,0,0,,0,28.05,0
U03523,2025-05-04,Pro,India,Paid Search,Mid-Market,9,7,3,6,1,1,2025-10-13,79,104.23,395
U03524,2025-09-29,Pro,India,Organic,SMB,7,7,1,3,1,0,,79,32.1,711
U03525,2025-10-16,Pro,India,Content,Mid-Market,13,4,3,4,0,0,,79,50.75,869
U03526,2025-09-13,Business,US,Paid Search,Mid-Market,9,7,0,6,1,1,2025-12-12,249,88.43,747
U03527,2025-07-10,Pro,US,Partner,SMB,11,3,2,6,0,0,,79,47.84,948
U03528,2025-02-07,Free,US,Content,Mid-Market,4,5,1,3,0,1,2025-06-28,0,50.34,0
U03529,2025-05-31,Pro,US,Organic,Mid-Market,9,8,1,3,0,0,,79,23.72,711
U03530,2025-04-14,Free,India,Organic,SMB,6,5,5,1,0,1,2025-12-22,0,17.97,0
U03531,2025-03-02,Business,Australia,Content,Startup,13,8,0,4,1,0,,249,52.19,3237
U03532,2025-09-01,Pro,India,Paid Search,SMB,13,2,2,6,1,0,,79,136.01,869
U03533,2025-06-12,Free,US,Referral,SMB,9,6,2,1,0,0,,0,39.25,0
U03534,2025-01-08,Pro,Germany,Organic,Mid-Market,9,5,3,4,0,0,,79,29.06,790
U03535,2025-01-18,Free,India,Paid Search,Startup,10,4,0,5,0,0,,0,83.59,0
U03536,2025-01-01,Pro,Canada,Content,SMB,18,9,1,3,0,1,2025-04-15,79,35.85,237
U03537,2025-06-28,Business,Australia,Organic,Mid-Market,19,9,1,7,0,0,,249,26.67,3486
U03538,2025-02-25,Pro,India,Organic,Startup,22,4,0,2,0,0,,79,22.06,711
U03539,2025-04-06,Pro,India,Referral,SMB,14,7,2,6,0,0,,79,16.21,790
U03540,2025-10-07,Business,Canada,Paid Search,SMB,20,11,0,8,0,1,2026-05-13,249,73.98,1743
U03541,2025-03-07,Pro,Germany,Paid Search,SMB,19,7,0,4,0,0,,79,87.66,948
U03542,2025-05-25,Pro,US,Organic,Startup,7,9,1,1,0,0,,79,42.05,948
U03543,2025-04-10,Business,UK,Paid Search,SMB,18,8,0,5,0,0,,249,101.7,2988
U03544,2025-02-22,Free,India,Partner,Startup,9,4,1,2,0,1,2025-06-22,0,89.64,0
U03545,2025-08-14,Pro,India,Paid Search,SMB,15,6,0,2,1,0,,79,84.55,869
U03546,2025-03-06,Pro,Canada,Paid Search,Startup,10,8,4,7,0,0,,79,96.1,869
U03547,2025-08-13,Business,US,Referral,Enterprise,13,5,1,8,1,0,,249,35.49,2739
U03548,2025-02-10,Pro,Germany,Partner,Startup,18,6,1,6,0,0,,79,56.08,711
U03549,2025-07-11,Business,US,Partner,SMB,18,10,1,7,1,0,,249,74.5,2490
U03550,2025-06-22,Free,Germany,Paid Search,Startup,6,4,0,3,0,1,2026-01-15,0,108.26,0
U03551,2025-08-22,Free,India,Organic,SMB,7,4,2,1,0,0,,0,33.4,0
U03552,2025-03-02,Pro,India,Paid Search,SMB,14,5,2,5,1,0,,79,114.42,711
U03553,2025-07-26,Free,US,Paid Search,Mid-Market,14,2,2,2,0,0,,0,98.03,0
U03554,2025-07-05,Pro,Australia,Organic,Enterprise,4,5,1,5,0,1,2025-09-13,79,42.03,158
U03555,2025-08-24,Free,UK,Partner,SMB,3,1,2,1,0,0,,0,79.77,0
U03556,2025-10-21,Free,India,Content,Startup,6,2,2,3,1,0,,0,26.12,0
U03557,2025-10-18,Pro,UK,Content,Enterprise,9,6,0,3,1,0,,79,26.42,790
U03558,2025-07-05,Pro,UK,Referral,Startup,15,7,2,3,1,0,,79,37.54,1027
U03559,2025-07-19,Free,UK,Organic,Startup,8,4,2,2,0,0,,0,46.68,0
U03560,2025-03-12,Business,India,Content,SMB,18,7,0,6,1,0,,249,36.46,3486
U03561,2025-01-07,Pro,Canada,Organic,Startup,20,8,1,4,1,0,,79,31.24,711
U03562,2025-02-19,Business,Germany,Content,Startup,14,9,1,11,0,0,,249,50.03,2739
U03563,2025-09-05,Free,US,Paid Search,Mid-Market,10,3,0,3,0,0,,0,105.69,0
U03564,2025-03-26,Free,India,Content,SMB,6,5,0,2,0,1,2025-05-18,0,36.79,0
U03565,2025-01-03,Free,US,Partner,Startup,10,3,2,4,0,1,2025-09-28,0,77.1,0
U03566,2025-05-25,Pro,India,Referral,Startup,13,7,2,7,0,0,,79,30.31,1106
U03567,2025-01-11,Free,UK,Paid Search,Mid-Market,13,4,0,1,0,0,,0,101.23,0
U03568,2025-03-05,Free,UK,Organic,Startup,9,2,0,5,0,0,,0,31.29,0
U03569,2025-03-17,Pro,US,Paid Search,SMB,17,8,2,4,1,0,,79,132.32,1106
U03570,2025-01-03,Free,India,Paid Search,Mid-Market,8,1,1,1,0,0,,0,161.76,0
U03571,2025-01-18,Free,India,Organic,Mid-Market,9,3,1,2,0,1,2025-11-12,0,24.88,0
U03572,2025-08-26,Free,Canada,Referral,Startup,9,2,2,1,0,1,2026-04-29,0,41.27,0
U03573,2025-07-02,Free,India,Partner,SMB,5,3,0,4,0,0,,0,86.86,0
U03574,2025-06-18,Free,India,Paid Search,Enterprise,10,1,1,1,0,0,,0,59.7,0
U03575,2025-07-21,Business,US,Referral,SMB,11,9,0,5,1,0,,249,42.53,2490
U03576,2025-08-07,Free,UK,Content,SMB,11,2,0,3,0,0,,0,30.95,0
U03577,2025-10-21,Free,UK,Referral,Startup,7,1,2,3,0,0,,0,15.72,0
U03578,2025-04-29,Free,US,Content,SMB,9,3,1,4,0,0,,0,26.0,0
U03579,2025-09-24,Pro,Germany,Referral,Mid-Market,13,3,1,4,1,1,2026-02-18,79,23.63,395
U03580,2025-03-10,Free,UK,Content,Mid-Market,4,4,2,6,0,0,,0,34.77,0
U03581,2025-05-28,Free,US,Content,Startup,2,5,0,1,0,0,,0,42.3,0
U03582,2025-07-02,Pro,UK,Paid Search,Startup,12,5,0,5,0,0,,79,102.71,632
U03583,2025-07-02,Pro,India,Referral,Startup,9,6,0,5,1,0,,79,39.21,948
U03584,2025-05-06,Business,US,Referral,SMB,11,9,0,8,0,0,,249,25.26,2490
U03585,2025-06-01,Free,Germany,Organic,Startup,10,1,0,2,0,0,,0,37.28,0
U03586,2025-03-26,Pro,India,Content,SMB,10,9,0,2,1,0,,79,32.68,711
U03587,2025-08-24,Free,Canada,Referral,Startup,7,4,2,3,0,1,2026-03-26,0,29.0,0
U03588,2025-09-13,Pro,Canada,Referral,Startup,16,3,2,5,0,0,,79,32.31,948
U03589,2025-06-21,Pro,India,Paid Search,Enterprise,17,7,1,5,0,0,,79,96.51,711
U03590,2025-10-19,Free,Canada,Paid Search,Startup,6,3,3,4,0,0,,0,108.07,0
U03591,2025-04-22,Business,US,Content,SMB,10,7,0,10,1,0,,249,27.07,2739
U03592,2025-08-24,Pro,UK,Paid Search,SMB,14,7,0,5,0,0,,79,72.67,790
U03593,2025-05-13,Free,US,Organic,Mid-Market,7,4,1,2,0,0,,0,27.41,0
U03594,2025-09-27,Pro,India,Organic,SMB,9,7,1,8,1,0,,79,36.55,1027
U03595,2025-10-24,Free,India,Paid Search,SMB,3,4,2,6,0,0,,0,105.77,0
U03596,2025-06-28,Pro,Canada,Partner,Mid-Market,15,9,3,2,0,0,,79,61.24,948
U03597,2025-09-25,Free,Australia,Paid Search,Mid-Market,12,4,0,2,0,1,2026-07-17,0,95.43,0
U03598,2025-03-17,Business,UK,Organic,Startup,12,9,3,7,1,0,,249,39.98,2490
U03599,2025-04-23,Pro,US,Referral,Startup,7,4,0,7,0,0,,79,34.21,948
U03600,2025-09-11,Pro,US,Content,Mid-Market,15,6,1,4,1,0,,79,58.78,869
U03601,2025-07-19,Pro,US,Paid Search,Enterprise,12,4,2,7,1,0,,79,65.91,869
U03602,2025-08-07,Business,UK,Referral,Startup,16,8,0,8,1,0,,249,25.41,2739
U03603,2025-08-02,Free,India,Paid Search,SMB,7,5,1,2,0,0,,0,88.55,0
U03604,2025-02-13,Free,US,Partner,Mid-Market,8,4,3,3,0,1,2025-06-14,0,92.45,0
U03605,2025-03-10,Free,India,Organic,SMB,12,4,2,1,0,0,,0,18.9,0
U03606,2025-10-22,Pro,India,Paid Search,Enterprise,14,7,1,2,1,0,,79,100.78,790
U03607,2025-06-10,Free,Germany,Organic,SMB,11,2,2,2,0,1,2026-03-21,0,55.0,0
U03608,2025-10-10,Free,Germany,Paid Search,Startup,10,5,2,3,0,1,2026-03-08,0,91.91,0
U03609,2025-01-11,Pro,UK,Organic,Enterprise,13,7,2,6,1,0,,79,35.37,948
U03610,2025-04-22,Free,US,Paid Search,SMB,9,2,1,2,0,1,2025-12-06,0,95.15,0
U03611,2025-07-17,Free,India,Content,SMB,5,1,2,3,0,1,2026-01-10,0,28.93,0
U03612,2025-05-15,Pro,UK,Content,SMB,9,6,0,6,1,0,,79,36.7,1027
U03613,2025-09-11,Pro,US,Organic,Enterprise,16,6,0,6,0,0,,79,21.59,1027
U03614,2025-05-03,Free,India,Partner,Startup,11,1,0,2,0,0,,0,74.68,0
U03615,2025-08-21,Pro,Canada,Partner,SMB,12,5,1,2,0,0,,79,83.64,1106
U03616,2025-06-01,Free,US,Organic,SMB,4,4,1,1,0,0,,0,34.27,0
U03617,2025-09-17,Pro,US,Referral,Mid-Market,18,4,0,5,0,0,,79,41.31,790
U03618,2025-03-22,Pro,Canada,Paid Search,Enterprise,21,11,1,7,1,0,,79,112.3,869
U03619,2025-08-10,Pro,Canada,Referral,Mid-Market,18,4,2,3,0,1,2026-06-14,79,24.73,790
U03620,2025-02-18,Free,US,Paid Search,SMB,8,6,1,2,0,0,,0,70.28,0
U03621,2025-04-21,Pro,India,Referral,SMB,9,4,1,3,0,1,2025-08-31,79,39.67,316
U03622,2025-10-09,Free,Australia,Partner,Startup,10,5,2,2,0,0,,0,67.14,0
U03623,2025-01-30,Pro,UK,Organic,SMB,15,5,3,4,0,0,,79,27.78,790
U03624,2025-07-21,Free,Australia,Content,SMB,6,5,2,4,0,0,,0,37.35,0
U03625,2025-03-05,Pro,US,Organic,Mid-Market,21,5,0,2,1,0,,79,15.45,790
U03626,2025-10-23,Business,Germany,Paid Search,SMB,12,9,1,7,1,0,,249,78.38,2490
U03627,2025-05-01,Free,US,Paid Search,Enterprise,8,1,2,1,0,0,,0,122.74,0
U03628,2025-07-29,Free,US,Organic,SMB,8,1,3,1,0,0,,0,33.26,0
U03629,2025-10-02,Pro,US,Partner,SMB,11,8,0,5,1,0,,79,73.69,1027
U03630,2025-04-08,Free,Germany,Organic,SMB,8,1,1,1,1,1,2025-12-12,0,26.41,0
U03631,2025-07-09,Free,Canada,Organic,Startup,9,4,1,2,0,1,2026-02-03,0,42.11,0
U03632,2025-08-29,Free,India,Organic,SMB,10,1,1,2,0,0,,0,20.44,0
U03633,2025-07-23,Free,India,Paid Search,Mid-Market,11,4,0,2,0,1,2025-11-20,0,68.76,0
U03634,2025-03-14,Pro,Canada,Referral,SMB,14,9,0,3,0,0,,79,19.29,869
U03635,2025-05-18,Pro,US,Content,SMB,19,6,1,4,0,0,,79,46.24,948
U03636,2025-10-27,Pro,US,Partner,SMB,13,6,0,2,0,0,,79,72.36,1027
U03637,2025-01-21,Free,India,Organic,SMB,13,1,2,1,0,0,,0,43.41,0
U03638,2025-04-26,Pro,Canada,Organic,SMB,8,8,0,6,0,0,,79,28.74,869
U03639,2025-04-01,Free,India,Content,SMB,9,3,1,2,0,1,2025-05-12,0,32.83,0
U03640,2025-05-05,Free,Canada,Partner,Startup,7,3,4,2,0,1,2026-02-18,0,57.44,0
U03641,2025-02-04,Pro,US,Referral,SMB,10,6,1,5,0,0,,79,33.02,1027
U03642,2025-07-27,Free,Canada,Paid Search,Mid-Market,11,1,2,2,0,0,,0,79.58,0
U03643,2025-01-31,Free,Germany,Organic,Mid-Market,6,3,3,3,0,1,2025-05-07,0,37.89,0
U03644,2025-04-02,Business,India,Paid Search,SMB,20,10,0,9,1,1,2025-09-24,249,130.41,1494
U03645,2025-05-28,Free,US,Organic,Mid-Market,11,1,3,5,0,1,2025-10-07,0,39.08,0
U03646,2025-05-14,Free,India,Content,Mid-Market,5,3,2,1,0,0,,0,34.64,0
U03647,2025-02-18,Pro,US,Content,SMB,15,5,3,4,1,0,,79,35.03,711
U03648,2025-04-15,Free,US,Referral,Mid-Market,7,6,1,1,0,1,2025-11-15,0,40.6,0
U03649,2025-07-23,Free,India,Organic,SMB,12,4,1,2,0,0,,0,54.04,0
U03650,2025-01-08,Free,UK,Content,Startup,11,3,1,1,0,0,,0,25.1,0
U03651,2025-09-13,Free,US,Partner,Mid-Market,10,5,0,2,0,1,2025-10-31,0,77.52,0
U03652,2025-06-26,Pro,UK,Paid Search,Mid-Market,9,8,1,3,0,0,,79,102.82,1106
U03653,2025-08-17,Pro,Canada,Organic,SMB,12,6,0,4,0,1,2026-02-21,79,39.61,474
U03654,2025-06-22,Free,Germany,Referral,Mid-Market,8,5,3,2,0,0,,0,28.16,0
U03655,2025-10-24,Free,UK,Organic,SMB,14,8,1,3,0,0,,0,36.79,0
U03656,2025-04-15,Business,Canada,Content,Startup,13,9,1,9,1,0,,249,15.45,2241
U03657,2025-01-07,Business,US,Organic,Mid-Market,12,9,0,4,1,0,,249,32.81,3237
U03658,2025-04-22,Free,India,Referral,Mid-Market,5,1,0,2,0,0,,0,58.73,0
U03659,2025-08-20,Pro,Germany,Content,Startup,10,5,3,3,1,0,,79,27.69,711
U03660,2025-01-12,Business,Australia,Referral,Mid-Market,16,8,0,10,1,0,,249,36.72,2739
U03661,2025-06-22,Pro,Australia,Paid Search,Startup,15,8,2,2,0,1,2025-11-18,79,95.3,395
U03662,2025-04-03,Business,India,Partner,Mid-Market,14,9,1,7,1,0,,249,77.27,2241
U03663,2025-08-13,Business,UK,Referral,SMB,13,9,0,10,1,0,,249,36.77,2490
U03664,2025-08-10,Business,US,Organic,SMB,10,9,0,3,0,0,,249,41.46,2241
U03665,2025-02-06,Business,US,Organic,SMB,16,8,1,12,0,1,2025-12-05,249,36.86,2490
U03666,2025-05-28,Pro,Germany,Organic,Enterprise,9,6,2,3,0,0,,79,39.52,632
U03667,2025-05-30,Free,US,Organic,SMB,10,4,0,3,0,0,,0,56.68,0
U03668,2025-02-25,Free,UK,Referral,Startup,7,2,2,2,0,0,,0,36.52,0
U03669,2025-01-13,Pro,India,Partner,Startup,16,6,2,6,1,1,2025-07-04,79,76.22,474
U03670,2025-02-09,Pro,India,Partner,SMB,20,7,1,3,0,0,,79,61.7,790
U03671,2025-03-02,Free,Germany,Content,Startup,9,4,0,1,0,0,,0,30.91,0
U03672,2025-05-25,Pro,Germany,Partner,Startup,17,3,1,4,0,1,2026-04-15,79,61.35,869
U03673,2025-05-13,Business,US,Paid Search,Mid-Market,12,9,0,13,1,0,,249,90.36,2490
U03674,2025-05-22,Free,Germany,Organic,Mid-Market,7,5,0,4,0,0,,0,42.98,0
U03675,2025-09-23,Pro,Australia,Content,SMB,18,10,2,5,1,1,2026-05-05,79,34.58,553
U03676,2025-05-19,Pro,Australia,Referral,SMB,14,5,1,4,0,0,,79,39.4,632
U03677,2025-02-24,Business,Canada,Referral,Mid-Market,16,9,1,9,1,0,,249,23.65,2241
U03678,2025-06-26,Pro,UK,Paid Search,Mid-Market,17,9,3,4,0,0,,79,96.39,948
U03679,2025-10-20,Pro,India,Organic,Startup,4,7,1,8,0,0,,79,28.22,1027
U03680,2025-04-15,Free,Canada,Partner,Mid-Market,4,3,1,6,0,0,,0,91.32,0
U03681,2025-01-19,Free,Canada,Organic,SMB,9,1,1,2,0,0,,0,30.08,0
U03682,2025-04-29,Free,India,Content,Enterprise,7,1,0,4,0,0,,0,42.61,0
U03683,2025-07-10,Pro,Canada,Paid Search,SMB,16,4,0,5,0,0,,79,106.34,948
U03684,2025-04-09,Free,US,Organic,Startup,6,6,2,3,0,1,2026-02-16,0,47.36,0
U03685,2025-06-08,Pro,Canada,Referral,Startup,13,7,0,5,0,0,,79,30.93,948
U03686,2025-07-06,Pro,US,Organic,SMB,10,4,2,6,0,0,,79,29.1,948
U03687,2025-01-16,Business,Germany,Paid Search,SMB,13,8,0,5,1,0,,249,88.74,3486
U03688,2025-01-11,Free,India,Organic,SMB,10,6,2,2,0,0,,0,31.42,0
U03689,2025-07-25,Free,US,Content,Startup,2,4,1,2,0,0,,0,58.38,0
U03690,2025-07-31,Free,India,Organic,SMB,8,1,0,1,0,1,2026-06-05,0,43.17,0
U03691,2025-04-02,Free,US,Organic,Startup,3,1,1,2,0,1,2025-12-14,0,44.09,0
U03692,2025-08-29,Pro,Australia,Paid Search,Startup,15,7,2,5,0,0,,79,66.9,869
U03693,2025-07-30,Pro,Canada,Content,SMB,19,9,0,1,0,1,2026-01-01,79,35.96,395
U03694,2025-04-20,Pro,UK,Referral,SMB,12,9,2,4,1,0,,79,39.55,948
U03695,2025-02-10,Free,US,Organic,Startup,11,6,1,2,0,1,2025-05-17,0,35.35,0
U03696,2025-01-09,Free,UK,Content,SMB,8,1,0,3,0,1,2025-03-30,0,48.76,0
U03697,2025-03-18,Free,India,Organic,Startup,4,6,0,3,0,1,2025-07-15,0,56.89,0
U03698,2025-07-30,Pro,US,Organic,SMB,14,4,2,5,0,0,,79,27.91,1106
U03699,2025-07-10,Free,US,Organic,Startup,7,3,1,4,0,1,2026-05-22,0,42.83,0
U03700,2025-07-10,Free,Australia,Content,Mid-Market,5,3,0,3,0,1,2026-02-09,0,30.45,0
U03701,2025-04-05,Free,UK,Partner,Enterprise,11,4,2,5,0,1,2025-07-28,0,52.07,0
U03702,2025-08-15,Pro,India,Paid Search,Mid-Market,7,5,3,7,0,0,,79,132.77,711
U03703,2025-01-26,Pro,Australia,Organic,Startup,16,8,1,5,0,0,,79,40.99,948
U03704,2025-02-11,Free,Canada,Content,SMB,13,8,0,1,0,0,,0,27.82,0
U03705,2025-05-28,Free,India,Paid Search,SMB,6,3,1,3,0,1,2025-08-14,0,77.05,0
U03706,2025-06-21,Free,US,Referral,SMB,8,3,2,3,0,1,2025-11-03,0,40.1,0
U03707,2025-07-20,Pro,Germany,Referral,Startup,17,7,2,5,0,0,,79,29.84,711
U03708,2025-04-26,Free,US,Content,SMB,7,1,2,1,0,1,2025-07-06,0,30.86,0
U03709,2025-02-09,Pro,India,Paid Search,Mid-Market,7,2,1,5,0,1,2025-06-25,79,74.15,395
U03710,2025-01-19,Free,Germany,Content,Startup,9,4,4,1,1,1,2025-09-12,0,44.1,0
U03711,2025-09-22,Free,Germany,Organic,Startup,10,3,0,3,1,0,,0,43.02,0
U03712,2025-07-10,Pro,India,Partner,SMB,17,4,0,4,0,0,,79,86.43,790
U03713,2025-03-14,Free,India,Partner,Mid-Market,4,3,2,1,0,1,2025-09-27,0,37.03,0
U03714,2025-06-01,Business,US,Referral,SMB,15,10,0,7,1,0,,249,24.93,2988
U03715,2025-10-12,Free,US,Paid Search,Mid-Market,4,3,1,1,0,1,2026-05-02,0,80.18,0
U03716,2025-08-30,Free,India,Referral,SMB,4,2,1,5,0,1,2026-02-16,0,35.32,0
U03717,2025-07-05,Pro,UK,Referral,SMB,13,9,2,3,0,0,,79,40.9,1027
U03718,2025-04-16,Free,UK,Referral,Startup,7,6,2,2,0,0,,0,30.74,0
U03719,2025-02-16,Free,US,Organic,SMB,8,1,2,3,1,1,2025-07-23,0,28.87,0
U03720,2025-05-03,Free,Canada,Referral,Startup,11,5,1,4,0,0,,0,42.33,0
U03721,2025-03-25,Free,US,Partner,SMB,10,2,1,3,0,0,,0,65.23,0
U03722,2025-03-19,Free,India,Referral,Startup,12,5,2,1,0,0,,0,29.97,0
U03723,2025-07-13,Free,US,Paid Search,Startup,17,4,1,2,0,0,,0,104.89,0
U03724,2025-05-27,Pro,Australia,Referral,SMB,12,9,1,1,0,0,,79,43.42,790
U03725,2025-06-01,Business,Australia,Organic,SMB,13,6,0,8,1,0,,249,49.28,3237
U03726,2025-05-23,Free,India,Partner,SMB,10,1,0,2,0,1,2025-06-26,0,44.63,0
U03727,2025-01-07,Free,India,Referral,SMB,6,7,3,2,0,0,,0,38.76,0
U03728,2025-01-22,Free,Canada,Paid Search,Mid-Market,9,2,1,5,0,1,2025-03-24,0,91.37,0
U03729,2025-04-11,Free,Germany,Organic,Mid-Market,13,1,1,1,0,0,,0,30.31,0
U03730,2025-10-15,Business,US,Referral,Mid-Market,16,8,2,7,1,0,,249,56.47,2739
U03731,2025-09-13,Free,Canada,Organic,Startup,6,2,1,6,0,1,2026-07-25,0,34.43,0
U03732,2025-09-04,Pro,Canada,Organic,SMB,14,8,3,6,0,1,2025-10-09,79,20.81,79
U03733,2025-10-14,Pro,UK,Partner,SMB,13,6,0,3,0,1,2026-02-06,79,89.42,316
U03734,2025-09-12,Free,US,Organic,Enterprise,13,5,1,1,0,0,,0,37.66,0
U03735,2025-09-08,Free,US,Content,Startup,16,3,0,2,0,1,2026-07-22,0,36.47,0
U03736,2025-05-27,Free,India,Referral,Startup,7,2,0,4,0,1,2025-09-16,0,24.23,0
U03737,2025-02-18,Pro,US,Paid Search,SMB,11,5,0,2,0,0,,79,99.69,1027
U03738,2025-04-24,Free,India,Organic,Startup,7,2,1,3,0,1,2025-06-01,0,26.67,0
U03739,2025-03-22,Business,Germany,Organic,Enterprise,20,7,0,7,1,0,,249,39.53,3486
U03740,2025-08-06,Pro,US,Partner,SMB,10,5,0,5,0,1,2026-02-06,79,90.85,474
U03741,2025-06-06,Free,India,Organic,SMB,8,3,5,1,1,0,,0,36.03,0
U03742,2025-10-24,Free,India,Organic,Startup,14,1,0,1,0,0,,0,29.08,0
U03743,2025-03-23,Free,India,Referral,SMB,12,2,3,4,0,1,2025-10-04,0,29.31,0
U03744,2025-08-15,Free,Germany,Referral,Startup,5,3,4,3,0,1,2026-02-15,0,41.47,0
U03745,2025-02-23,Free,India,Organic,SMB,9,6,3,1,0,0,,0,24.85,0
U03746,2025-01-28,Pro,US,Paid Search,Startup,15,3,0,3,0,1,2025-09-12,79,69.41,632
U03747,2025-07-22,Pro,US,Paid Search,Startup,11,7,1,7,0,0,,79,107.12,1027
U03748,2025-08-29,Free,US,Partner,Mid-Market,9,5,0,4,0,0,,0,99.11,0
U03749,2025-09-04,Pro,US,Referral,SMB,19,6,2,5,0,1,2026-02-12,79,53.16,395
U03750,2025-05-17,Free,Australia,Referral,Startup,6,7,1,3,1,1,2025-09-03,0,33.82,0
U03751,2025-05-25,Free,India,Paid Search,Startup,8,5,2,2,0,1,2026-04-01,0,106.14,0
U03752,2025-01-04,Free,Canada,Partner,Mid-Market,7,3,1,3,0,0,,0,76.89,0
U03753,2025-01-30,Free,Germany,Partner,SMB,5,4,0,3,1,0,,0,71.5,0
U03754,2025-03-18,Pro,Canada,Partner,SMB,13,6,3,5,0,0,,79,68.34,632
U03755,2025-10-17,Pro,Canada,Referral,SMB,15,6,0,5,0,0,,79,33.26,711
U03756,2025-09-29,Business,UK,Organic,SMB,18,7,0,4,0,0,,249,35.69,2988
U03757,2025-10-05,Pro,UK,Organic,Startup,18,2,0,3,1,0,,79,42.84,869
U03758,2025-05-27,Free,UK,Partner,Startup,10,2,0,2,0,0,,0,78.12,0
U03759,2025-06-18,Business,India,Paid Search,SMB,17,10,0,12,1,0,,249,82.28,3486
U03760,2025-08-12,Pro,India,Organic,Enterprise,14,7,1,4,0,0,,79,43.28,632
U03761,2025-06-30,Pro,India,Content,SMB,13,6,0,4,0,0,,79,45.83,711
U03762,2025-05-13,Free,Germany,Referral,Startup,11,5,1,5,0,0,,0,44.8,0
U03763,2025-04-30,Free,India,Partner,Mid-Market,11,4,1,3,0,0,,0,83.95,0
U03764,2025-01-03,Pro,India,Content,Mid-Market,15,7,1,5,1,1,2025-09-23,79,51.17,711
U03765,2025-03-20,Pro,Canada,Content,Mid-Market,9,7,1,2,0,0,,79,45.69,711
U03766,2025-07-01,Free,US,Organic,Mid-Market,12,5,0,4,0,0,,0,8.58,0
U03767,2025-02-19,Free,Canada,Referral,Startup,8,2,1,1,0,0,,0,37.64,0
U03768,2025-03-26,Free,US,Content,Startup,12,6,2,1,0,1,2025-10-09,0,29.99,0
U03769,2025-08-27,Free,Germany,Content,SMB,10,1,1,4,1,0,,0,38.61,0
U03770,2025-02-11,Pro,India,Organic,Startup,20,7,3,5,0,1,2025-07-14,79,38.63,395
U03771,2025-07-15,Business,US,Content,Startup,9,9,0,3,1,0,,249,29.04,3486
U03772,2025-07-25,Free,UK,Partner,Startup,7,5,0,2,0,1,2026-01-24,0,56.34,0
U03773,2025-07-25,Pro,UK,Paid Search,SMB,12,4,0,2,1,0,,79,87.93,948
U03774,2025-07-03,Free,India,Paid Search,Startup,5,2,1,3,0,1,2025-11-01,0,81.81,0
U03775,2025-09-18,Pro,Australia,Content,Enterprise,13,5,1,2,0,1,2026-06-09,79,17.76,711
U03776,2025-03-16,Pro,Canada,Referral,Startup,15,6,1,5,0,0,,79,53.35,711
U03777,2025-06-17,Free,UK,Organic,Mid-Market,8,4,0,3,0,0,,0,42.25,0
U03778,2025-01-15,Business,US,Partner,SMB,17,9,0,8,1,0,,249,82.14,2988
U03779,2025-04-12,Free,UK,Paid Search,SMB,11,2,1,2,0,0,,0,101.35,0
U03780,2025-09-02,Free,India,Organic,Enterprise,5,1,2,5,0,0,,0,19.73,0
U03781,2025-09-20,Free,Germany,Paid Search,Mid-Market,7,4,0,1,0,0,,0,105.45,0
U03782,2025-07-29,Free,UK,Organic,Mid-Market,12,5,0,3,0,0,,0,45.07,0
U03783,2025-10-18,Free,Germany,Content,SMB,4,5,2,2,0,1,2025-12-19,0,31.06,0
U03784,2025-02-08,Free,Canada,Referral,SMB,8,3,3,2,0,1,2025-07-24,0,18.81,0
U03785,2025-02-25,Business,Germany,Partner,Startup,21,6,3,9,1,0,,249,67.38,2490
U03786,2025-08-23,Pro,India,Organic,SMB,14,4,1,4,1,0,,79,50.62,948
U03787,2025-07-22,Free,India,Paid Search,Startup,10,8,2,2,0,0,,0,104.02,0
U03788,2025-04-26,Pro,UK,Paid Search,Enterprise,11,7,2,3,0,0,,79,96.2,790
U03789,2025-05-12,Pro,India,Referral,Startup,9,6,0,2,1,0,,79,34.94,948
U03790,2025-08-24,Free,US,Organic,SMB,6,3,2,1,0,1,2026-01-28,0,45.33,0
U03791,2025-08-18,Pro,India,Partner,Mid-Market,16,5,1,4,0,0,,79,72.61,1027
U03792,2025-09-15,Pro,Canada,Referral,SMB,10,8,0,5,0,0,,79,43.32,1027
U03793,2025-01-20,Pro,India,Content,SMB,8,6,1,5,0,0,,79,36.1,948
U03794,2025-02-17,Free,UK,Paid Search,Enterprise,10,3,1,2,0,1,2025-12-10,0,96.65,0
U03795,2025-04-11,Pro,US,Organic,Mid-Market,11,6,4,2,0,1,2026-01-25,79,41.84,790
U03796,2025-05-25,Free,UK,Partner,Startup,9,2,2,2,0,1,2025-07-14,0,70.85,0
U03797,2025-02-08,Pro,Germany,Referral,Enterprise,12,6,2,5,0,0,,79,37.56,632
U03798,2025-08-19,Pro,Australia,Content,SMB,11,9,3,4,0,1,2025-10-24,79,16.07,158
U03799,2025-05-14,Free,India,Organic,Startup,10,1,2,2,0,0,,0,21.55,0
U03800,2025-10-15,Free,Canada,Partner,SMB,14,5,1,2,0,0,,0,91.63,0
U03801,2025-10-06,Pro,US,Partner,SMB,22,6,1,4,0,0,,79,56.96,1106
U03802,2025-07-19,Business,Canada,Content,Startup,21,10,0,7,1,0,,249,34.86,3237
U03803,2025-09-11,Free,India,Partner,Startup,9,1,1,2,0,0,,0,69.4,0
U03804,2025-07-16,Free,US,Paid Search,Mid-Market,17,8,2,1,0,0,,0,112.3,0
U03805,2025-01-31,Free,UK,Referral,SMB,12,4,0,2,0,0,,0,36.94,0
U03806,2025-10-14,Free,US,Referral,Startup,9,3,4,2,0,0,,0,25.92,0
U03807,2025-07-21,Free,US,Content,SMB,12,1,5,2,0,0,,0,54.88,0
U03808,2025-02-08,Free,Australia,Paid Search,Mid-Market,9,6,1,5,0,1,2025-09-15,0,110.57,0
U03809,2025-06-23,Business,UK,Paid Search,Startup,9,9,0,10,1,0,,249,50.74,3237
U03810,2025-07-04,Free,India,Paid Search,Enterprise,7,3,2,1,0,0,,0,81.52,0
U03811,2025-04-27,Pro,India,Paid Search,Enterprise,13,6,4,8,1,0,,79,49.46,711
U03812,2025-08-01,Free,Australia,Paid Search,Mid-Market,11,5,3,3,0,1,2026-06-19,0,98.22,0
U03813,2025-09-01,Business,Canada,Referral,Startup,9,10,1,10,1,0,,249,30.51,2490
U03814,2025-04-26,Pro,India,Organic,Mid-Market,13,6,1,3,1,0,,79,43.31,869
U03815,2025-05-27,Free,Canada,Partner,Startup,10,2,2,1,0,1,2025-12-09,0,51.66,0
U03816,2025-06-25,Business,India,Paid Search,Mid-Market,19,11,1,7,0,0,,249,88.22,1992
U03817,2025-07-07,Free,US,Referral,SMB,8,3,5,7,0,1,2026-01-28,0,35.05,0
U03818,2025-05-15,Free,US,Organic,Mid-Market,11,2,0,4,0,0,,0,22.45,0
U03819,2025-06-14,Pro,Canada,Referral,Enterprise,9,5,0,4,0,0,,79,38.01,1027
U03820,2025-01-21,Pro,US,Paid Search,SMB,13,3,1,2,0,0,,79,98.24,711
U03821,2025-05-09,Business,US,Referral,Mid-Market,17,5,1,8,0,0,,249,38.21,2241
U03822,2025-04-26,Free,India,Organic,Startup,5,2,1,1,0,0,,0,41.52,0
U03823,2025-03-22,Business,US,Partner,Enterprise,15,8,1,13,1,0,,249,82.94,2988
U03824,2025-01-01,Free,Canada,Organic,Startup,14,1,0,2,1,0,,0,32.25,0
U03825,2025-08-20,Pro,US,Referral,Startup,14,5,0,4,1,0,,79,40.56,1027
U03826,2025-08-03,Pro,US,Paid Search,Startup,17,6,0,3,0,0,,79,84.56,711
U03827,2025-08-18,Pro,US,Content,Startup,18,2,0,5,1,0,,79,27.31,711
U03828,2025-09-25,Free,India,Organic,SMB,8,5,1,1,0,0,,0,36.17,0
U03829,2025-10-01,Free,US,Content,SMB,6,3,1,2,1,0,,0,32.8,0
U03830,2025-02-23,Free,Germany,Partner,Mid-Market,9,3,2,3,0,1,2025-07-14,0,64.88,0
U03831,2025-08-05,Business,US,Organic,SMB,18,13,0,8,0,0,,249,30.92,3237
U03832,2025-09-24,Free,Canada,Paid Search,Mid-Market,9,3,0,1,0,1,2026-06-11,0,96.15,0
U03833,2025-06-27,Free,US,Content,SMB,5,1,1,1,0,0,,0,30.14,0
U03834,2025-03-16,Free,US,Organic,SMB,3,2,1,3,0,0,,0,23.72,0
U03835,2025-04-24,Pro,Australia,Organic,SMB,21,7,2,9,0,1,2025-08-17,79,12.8,316
U03836,2025-01-08,Pro,UK,Referral,Startup,14,5,5,8,0,0,,79,41.05,1027
U03837,2025-09-06,Pro,Germany,Paid Search,Startup,12,6,0,5,0,1,2026-05-14,79,52.22,632
U03838,2025-04-06,Free,Canada,Partner,SMB,10,2,2,4,0,1,2026-01-26,0,71.06,0
U03839,2025-01-21,Free,India,Organic,Startup,9,1,1,3,0,0,,0,34.63,0
U03840,2025-05-13,Pro,India,Organic,Enterprise,15,5,3,8,1,0,,79,47.6,1027
U03841,2025-07-10,Business,US,Referral,SMB,16,9,3,10,1,1,2026-01-11,249,39.02,1494
U03842,2025-09-09,Pro,Germany,Organic,Mid-Market,12,6,2,5,0,0,,79,32.22,1106
U03843,2025-02-13,Free,US,Paid Search,Startup,9,3,3,1,0,0,,0,95.57,0
U03844,2025-06-22,Pro,Australia,Organic,Startup,16,5,1,7,0,0,,79,46.76,869
U03845,2025-05-15,Free,US,Referral,Enterprise,9,4,0,2,0,0,,0,19.07,0
U03846,2025-01-26,Free,Germany,Organic,Startup,8,1,4,5,0,1,2025-03-06,0,32.11,0
U03847,2025-07-28,Pro,UK,Referral,SMB,8,6,0,5,0,0,,79,45.61,711
U03848,2025-03-05,Pro,Canada,Organic,Startup,16,8,0,4,0,0,,79,30.23,790
U03849,2025-03-24,Free,India,Organic,Mid-Market,10,1,2,3,0,0,,0,39.82,0
U03850,2025-08-06,Free,US,Content,SMB,5,3,1,2,0,1,2026-04-01,0,43.25,0
U03851,2025-07-30,Pro,India,Paid Search,Enterprise,12,4,3,7,0,0,,79,85.34,1027
U03852,2025-05-28,Business,India,Paid Search,Startup,12,9,1,9,0,1,2026-03-25,249,94.97,2490
U03853,2025-07-01,Pro,US,Organic,Startup,15,7,1,2,0,0,,79,35.01,869
U03854,2025-07-02,Free,UK,Organic,Enterprise,8,5,1,3,0,0,,0,37.18,0
U03855,2025-09-28,Free,Germany,Organic,SMB,7,2,2,3,0,0,,0,15.21,0
U03856,2025-02-12,Business,India,Referral,Mid-Market,6,8,0,10,1,1,2025-09-15,249,35.41,1743
U03857,2025-01-07,Business,Germany,Content,Startup,17,9,3,8,1,0,,249,40.73,2739
U03858,2025-06-24,Pro,US,Referral,Mid-Market,11,9,2,6,1,0,,79,26.08,948
U03859,2025-04-08,Pro,Australia,Content,Startup,20,6,1,4,0,1,2025-10-09,79,38.26,474
U03860,2025-04-06,Free,India,Paid Search,Startup,10,5,1,3,0,0,,0,111.47,0
U03861,2025-07-28,Free,Canada,Paid Search,Mid-Market,9,3,0,1,0,0,,0,99.92,0
U03862,2025-01-15,Pro,India,Paid Search,SMB,14,7,2,5,1,0,,79,94.68,1027
U03863,2025-05-28,Free,Canada,Paid Search,Mid-Market,12,1,3,2,0,0,,0,94.05,0
U03864,2025-04-22,Free,Germany,Paid Search,Mid-Market,11,3,1,2,0,1,2025-12-11,0,132.66,0
U03865,2025-09-08,Pro,US,Content,Enterprise,10,7,0,8,0,1,2025-12-16,79,49.07,237
U03866,2025-06-27,Free,India,Paid Search,SMB,11,2,1,3,0,0,,0,138.96,0
U03867,2025-10-10,Business,Germany,Organic,Mid-Market,10,7,0,6,1,1,2026-05-12,249,15.37,1743
U03868,2025-06-23,Business,Australia,Organic,SMB,8,9,0,10,0,0,,249,17.48,3486
U03869,2025-01-05,Pro,US,Paid Search,SMB,21,6,0,6,0,0,,79,87.88,948
U03870,2025-04-02,Business,US,Paid Search,Startup,10,5,2,14,1,0,,249,79.02,3486
U03871,2025-05-28,Free,US,Organic,SMB,5,3,2,1,0,1,2025-09-22,0,46.23,0
U03872,2025-05-17,Pro,Germany,Organic,Mid-Market,17,4,3,4,1,1,2026-03-01,79,30.84,790
U03873,2025-01-17,Pro,India,Partner,Startup,14,9,2,10,1,1,2025-11-15,79,86.0,790
U03874,2025-04-09,Business,India,Paid Search,SMB,17,10,1,11,0,0,,249,97.23,2739
U03875,2025-03-03,Pro,US,Referral,Enterprise,11,4,1,1,1,1,2025-04-12,79,41.98,79
U03876,2025-05-22,Pro,UK,Paid Search,Enterprise,11,9,1,5,0,0,,79,92.01,711
U03877,2025-04-19,Business,India,Organic,SMB,17,6,0,10,0,1,2025-09-29,249,24.37,1245
U03878,2025-08-25,Business,Australia,Paid Search,Mid-Market,15,7,0,4,1,0,,249,93.11,2988
U03879,2025-07-09,Pro,US,Partner,Mid-Market,14,9,3,5,0,0,,79,66.53,790
U03880,2025-07-10,Free,India,Organic,Startup,12,6,3,3,0,1,2026-05-13,0,33.87,0
U03881,2025-07-28,Pro,US,Paid Search,SMB,4,9,1,7,1,0,,79,98.07,869
U03882,2025-05-14,Free,US,Content,Startup,7,2,1,4,0,1,2025-11-19,0,40.97,0
U03883,2025-04-11,Free,Canada,Referral,SMB,8,3,0,2,0,1,2025-07-10,0,20.91,0
U03884,2025-02-23,Pro,India,Referral,Startup,8,8,1,5,1,0,,79,26.48,1027
U03885,2025-04-22,Free,India,Organic,Startup,3,6,1,2,0,0,,0,38.01,0
U03886,2025-03-10,Business,Canada,Content,Startup,9,10,3,5,0,0,,249,49.57,2490
U03887,2025-05-06,Business,US,Organic,Mid-Market,16,6,2,11,0,0,,249,27.6,2490
U03888,2025-08-15,Free,US,Content,Startup,5,1,0,4,0,1,2026-02-22,0,14.15,0
U03889,2025-10-02,Free,UK,Referral,Startup,7,4,1,4,0,1,2026-05-28,0,35.79,0
U03890,2025-03-28,Free,India,Organic,SMB,15,3,3,4,0,1,2025-10-30,0,41.71,0
U03891,2025-04-15,Free,UK,Organic,Mid-Market,11,4,2,2,1,0,,0,29.39,0
U03892,2025-07-29,Pro,Australia,Partner,Mid-Market,11,9,0,3,0,0,,79,80.47,711
U03893,2025-09-28,Business,Australia,Paid Search,Startup,15,4,0,10,1,0,,249,105.75,2739
U03894,2025-02-14,Free,Germany,Referral,SMB,12,2,0,2,0,0,,0,23.49,0
U03895,2025-05-23,Free,India,Referral,Mid-Market,10,2,2,1,0,0,,0,39.73,0
U03896,2025-02-12,Free,UK,Partner,Mid-Market,6,2,3,4,0,1,2025-12-09,0,62.05,0
U03897,2025-04-08,Pro,Canada,Paid Search,Mid-Market,13,5,0,7,0,0,,79,101.72,1027
U03898,2025-09-11,Free,UK,Content,SMB,7,1,0,5,0,1,2026-03-21,0,55.09,0
U03899,2025-05-05,Pro,India,Organic,SMB,16,5,3,6,1,1,2025-09-02,79,42.06,316
U03900,2025-07-16,Pro,Canada,Referral,Mid-Market,9,12,2,4,0,0,,79,34.1,790
U03901,2025-05-25,Free,UK,Partner,Mid-Market,9,1,0,1,0,0,,0,79.22,0
U03902,2025-02-13,Free,India,Paid Search,Startup,14,5,0,3,0,0,,0,83.9,0
U03903,2025-06-08,Free,US,Organic,SMB,5,3,1,2,0,1,2025-08-02,0,42.32,0
U03904,2025-09-30,Pro,India,Partner,SMB,10,5,0,3,0,0,,79,72.91,711
U03905,2025-09-11,Pro,US,Paid Search,SMB,18,6,1,4,0,0,,79,81.63,948
U03906,2025-09-13,Business,US,Organic,Startup,11,9,1,14,0,0,,249,46.7,2490
U03907,2025-02-25,Pro,Germany,Paid Search,SMB,15,8,3,4,0,0,,79,105.33,948
U03908,2025-06-15,Free,US,Partner,Mid-Market,8,3,0,1,0,0,,0,61.51,0
U03909,2025-01-01,Free,US,Referral,Startup,8,6,2,1,1,0,,0,36.94,0
U03910,2025-04-21,Free,US,Paid Search,SMB,9,3,3,1,0,0,,0,69.02,0
U03911,2025-06-22,Pro,India,Partner,SMB,15,3,2,5,0,1,2025-08-14,79,61.22,158
U03912,2025-03-08,Business,India,Content,Mid-Market,18,11,1,6,1,0,,249,51.73,2490
U03913,2025-10-25,Pro,India,Partner,Enterprise,14,6,1,4,1,0,,79,93.56,1106
U03914,2025-04-12,Business,US,Organic,SMB,3,8,1,9,0,0,,249,34.08,3237
U03915,2025-07-08,Free,Canada,Paid Search,Startup,5,2,2,1,0,1,2025-09-28,0,113.8,0
U03916,2025-07-28,Free,Australia,Organic,Enterprise,8,1,0,3,0,1,2026-04-02,0,46.74,0
U03917,2025-04-01,Pro,India,Organic,SMB,12,7,1,5,0,0,,79,33.41,869
U03918,2025-03-03,Free,US,Content,Startup,9,1,3,3,0,0,,0,8.18,0
U03919,2025-01-05,Pro,UK,Partner,SMB,15,7,1,5,1,0,,79,88.16,948
U03920,2025-08-15,Business,US,Organic,Startup,15,5,0,8,0,1,2025-11-20,249,36.41,747
U03921,2025-03-07,Pro,India,Referral,Startup,12,6,2,3,0,0,,79,51.35,790
U03922,2025-10-19,Pro,Germany,Referral,SMB,10,9,1,6,0,0,,79,35.43,790
U03923,2025-05-26,Pro,Australia,Referral,SMB,8,9,0,4,0,0,,79,41.36,869
U03924,2025-08-07,Free,US,Paid Search,Enterprise,12,4,4,3,0,0,,0,85.4,0
U03925,2025-02-19,Free,US,Paid Search,Startup,10,4,2,3,0,0,,0,103.65,0
U03926,2025-01-24,Pro,UK,Organic,Mid-Market,5,7,0,6,0,1,2025-05-03,79,31.63,237
U03927,2025-10-18,Free,India,Paid Search,Enterprise,9,5,3,2,0,0,,0,86.12,0
U03928,2025-03-17,Free,India,Paid Search,SMB,8,2,0,1,0,0,,0,79.43,0
U03929,2025-01-12,Free,Australia,Referral,Startup,4,4,1,1,1,0,,0,8.16,0
U03930,2025-02-05,Pro,Canada,Organic,Enterprise,5,4,0,6,0,1,2025-09-22,79,30.45,632
U03931,2025-09-23,Pro,UK,Paid Search,SMB,16,5,1,2,0,0,,79,110.14,948
U03932,2025-06-25,Free,India,Referral,SMB,10,5,1,2,1,0,,0,25.6,0
U03933,2025-07-07,Free,US,Content,SMB,13,3,1,2,0,1,2025-12-18,0,46.83,0
U03934,2025-03-17,Pro,India,Referral,Startup,9,7,1,7,1,0,,79,36.02,790
U03935,2025-09-12,Free,UK,Referral,Startup,5,1,2,3,0,1,2025-10-19,0,58.12,0
U03936,2025-04-01,Pro,Canada,Paid Search,Startup,10,8,2,7,0,0,,79,134.56,1027
U03937,2025-01-13,Pro,Germany,Content,SMB,12,1,1,3,0,1,2025-04-05,79,37.95,237
U03938,2025-01-09,Free,UK,Content,SMB,10,4,2,2,0,0,,0,26.12,0
U03939,2025-08-24,Pro,UK,Content,Mid-Market,14,5,0,8,0,0,,79,46.62,1106
U03940,2025-07-12,Free,Canada,Organic,SMB,10,1,0,1,0,0,,0,17.54,0
U03941,2025-02-27,Free,US,Paid Search,Startup,14,5,1,3,0,0,,0,96.56,0
U03942,2025-07-26,Free,India,Referral,Startup,4,1,0,1,0,1,2025-11-26,0,27.01,0
U03943,2025-08-15,Free,UK,Content,Startup,8,4,1,1,0,0,,0,33.24,0
U03944,2025-06-17,Free,US,Paid Search,SMB,10,4,2,1,0,0,,0,71.25,0
U03945,2025-07-10,Free,Canada,Paid Search,Startup,11,5,0,4,0,1,2025-11-28,0,100.54,0
U03946,2025-02-02,Free,US,Paid Search,SMB,8,2,3,4,0,1,2025-12-11,0,80.83,0
U03947,2025-09-01,Free,Germany,Organic,SMB,5,4,2,2,0,0,,0,23.57,0
U03948,2025-07-30,Free,US,Referral,SMB,4,6,1,1,0,0,,0,19.76,0
U03949,2025-02-08,Pro,India,Referral,SMB,14,6,5,5,1,0,,79,31.3,948
U03950,2025-10-06,Business,India,Partner,Startup,13,8,1,10,1,0,,249,59.96,2241
U03951,2025-10-20,Pro,India,Organic,SMB,11,8,1,5,0,0,,79,35.41,1027
U03952,2025-09-29,Business,US,Partner,Enterprise,18,6,0,6,1,0,,249,76.43,1992
U03953,2025-04-27,Pro,US,Referral,Startup,9,8,2,6,0,1,2025-11-13,79,31.67,553
U03954,2025-10-18,Free,India,Partner,Startup,8,6,0,2,0,0,,0,60.85,0
U03955,2025-06-25,Business,Germany,Paid Search,Mid-Market,17,9,1,6,1,0,,249,118.73,3237
U03956,2025-09-19,Free,Australia,Paid Search,SMB,13,4,1,3,0,0,,0,104.34,0
U03957,2025-09-15,Pro,US,Content,Startup,11,4,3,3,0,0,,79,35.92,790
U03958,2025-08-01,Business,Australia,Organic,Mid-Market,15,12,1,10,1,0,,249,40.16,2490
U03959,2025-01-16,Free,US,Referral,Mid-Market,5,3,1,2,0,1,2025-11-07,0,35.59,0
U03960,2025-02-22,Pro,Australia,Content,Enterprise,9,7,2,3,0,1,2025-08-18,79,31.23,474
U03961,2025-08-04,Business,UK,Organic,SMB,17,8,0,9,1,0,,249,42.4,2490
U03962,2025-10-27,Pro,India,Paid Search,Startup,16,5,1,4,0,0,,79,84.21,948
U03963,2025-02-02,Pro,India,Content,SMB,12,7,0,8,1,0,,79,50.03,790
U03964,2025-03-07,Free,UK,Partner,SMB,8,2,3,3,0,1,2025-10-13,0,70.19,0
U03965,2025-02-09,Pro,India,Content,Mid-Market,12,9,3,2,0,0,,79,41.71,711
U03966,2025-04-26,Free,Canada,Organic,Enterprise,9,4,2,4,0,0,,0,39.19,0
U03967,2025-07-29,Business,UK,Content,Mid-Market,16,9,1,10,1,1,2026-03-29,249,41.49,1992
U03968,2025-10-09,Free,US,Referral,Startup,6,3,1,1,1,1,2026-08-19,0,42.49,0
U03969,2025-03-22,Free,Australia,Referral,SMB,12,3,1,3,0,0,,0,40.94,0
U03970,2025-10-26,Business,US,Organic,SMB,11,7,1,7,1,0,,249,58.11,2490
U03971,2025-05-15,Pro,Germany,Organic,Mid-Market,11,5,1,5,0,0,,79,32.56,869
U03972,2025-04-04,Free,India,Paid Search,SMB,4,3,3,1,0,1,2025-09-09,0,87.75,0
U03973,2025-08-24,Free,US,Referral,SMB,8,5,2,2,1,1,2025-11-10,0,30.6,0
U03974,2025-10-09,Free,US,Content,Mid-Market,6,1,0,1,0,0,,0,29.91,0
U03975,2025-03-28,Free,US,Referral,Startup,6,3,2,2,1,0,,0,5.0,0
U03976,2025-02-18,Free,US,Organic,Startup,6,2,2,1,0,1,2025-10-18,0,20.41,0
U03977,2025-04-26,Free,India,Content,SMB,5,3,1,3,0,1,2025-10-01,0,35.68,0
U03978,2025-03-12,Pro,Germany,Paid Search,SMB,15,7,2,1,1,0,,79,77.88,790
U03979,2025-03-05,Free,US,Content,Startup,8,2,3,2,1,0,,0,41.93,0
U03980,2025-01-19,Business,US,Referral,Startup,16,7,0,12,1,0,,249,22.72,2241
U03981,2025-03-25,Free,India,Organic,Mid-Market,7,2,0,2,0,0,,0,61.77,0
U03982,2025-07-26,Free,India,Referral,Enterprise,5,1,0,1,1,1,2026-05-24,0,34.87,0
U03983,2025-09-02,Business,Canada,Content,SMB,11,6,1,9,0,1,2026-03-24,249,38.07,1743
U03984,2025-01-22,Pro,Germany,Organic,Mid-Market,6,6,0,4,1,0,,79,38.31,711
U03985,2025-01-28,Pro,US,Referral,Startup,9,3,4,8,0,1,2025-05-01,79,42.81,237
U03986,2025-06-16,Free,UK,Organic,Startup,11,3,1,3,0,0,,0,24.75,0
U03987,2025-08-24,Business,Australia,Content,SMB,16,4,0,6,1,0,,249,45.04,3237
U03988,2025-05-12,Free,Australia,Content,Startup,4,6,2,1,0,0,,0,45.86,0
U03989,2025-07-31,Pro,US,Organic,SMB,13,2,2,3,0,1,2025-10-31,79,47.11,237
U03990,2025-04-03,Free,UK,Organic,SMB,11,2,0,1,0,0,,0,22.06,0
U03991,2025-02-03,Pro,Canada,Paid Search,SMB,11,8,1,6,0,0,,79,75.09,948
U03992,2025-08-07,Free,UK,Content,Mid-Market,6,5,1,3,0,0,,0,44.82,0
U03993,2025-09-13,Pro,India,Partner,Startup,17,7,0,6,0,0,,79,63.95,711
U03994,2025-07-12,Free,India,Referral,Enterprise,10,3,0,3,0,0,,0,15.45,0
U03995,2025-09-09,Free,US,Organic,Startup,3,3,0,2,0,1,2025-10-27,0,32.78,0
U03996,2025-04-17,Free,India,Organic,SMB,9,4,1,1,0,0,,0,49.89,0
U03997,2025-07-06,Business,India,Organic,Mid-Market,18,12,0,6,1,0,,249,40.72,2988
U03998,2025-03-06,Pro,US,Content,Startup,17,6,2,5,1,0,,79,43.95,948
U03999,2025-05-07,Pro,Australia,Partner,Startup,12,6,0,7,0,0,,79,55.52,711
U04000,2025-09-08,Free,India,Organic,Mid-Market,4,4,0,1,0,0,,0,47.84,0
U04001,2025-05-02,Business,Canada,Partner,Mid-Market,13,10,0,5,1,0,,249,71.14,2241
U04002,2025-07-14,Pro,US,Paid Search,Mid-Market,7,4,2,3,1,1,2026-05-26,79,97.91,869
U04003,2025-10-07,Pro,US,Content,Startup,17,6,1,6,0,0,,79,41.46,948
U04004,2025-10-22,Pro,India,Partner,Startup,9,7,1,4,1,0,,79,82.29,790
U04005,2025-06-06,Free,Germany,Paid Search,Startup,6,3,0,4,0,1,2025-08-10,0,126.61,0
U04006,2025-02-28,Pro,UK,Organic,Mid-Market,17,4,1,3,0,1,2025-11-22,79,34.63,711
U04007,2025-03-02,Pro,Germany,Organic,Enterprise,19,3,1,7,0,1,2025-08-21,79,31.33,474
U04008,2025-10-17,Free,US,Paid Search,Startup,9,5,2,6,0,1,2026-05-16,0,89.79,0
U04009,2025-10-01,Free,UK,Content,Mid-Market,5,3,3,2,0,0,,0,62.67,0
U04010,2025-10-12,Business,Australia,Content,SMB,15,11,2,12,0,0,,249,30.13,2739
U04011,2025-02-19,Free,India,Paid Search,SMB,9,1,1,2,0,0,,0,63.36,0
U04012,2025-10-03,Business,US,Paid Search,Startup,14,7,3,5,0,0,,249,89.41,2490
U04013,2025-06-29,Pro,India,Organic,SMB,11,5,1,4,0,1,2026-03-31,79,35.97,711
U04014,2025-05-08,Pro,UK,Content,SMB,14,5,0,3,0,0,,79,32.09,1027
U04015,2025-06-18,Business,US,Referral,SMB,12,8,2,6,1,0,,249,12.79,2241
U04016,2025-08-24,Pro,India,Content,SMB,13,5,1,7,1,0,,79,41.64,790
U04017,2025-07-24,Pro,UK,Partner,Mid-Market,16,9,0,10,1,0,,79,83.76,869
U04018,2025-05-26,Pro,Australia,Content,SMB,10,8,0,6,1,0,,79,28.75,711
U04019,2025-02-16,Business,India,Content,Startup,9,9,0,5,0,0,,249,26.29,3486
U04020,2025-09-03,Free,Canada,Content,SMB,3,5,2,2,0,0,,0,14.54,0
U04021,2025-04-04,Free,US,Content,Mid-Market,11,4,1,2,0,0,,0,33.14,0
U04022,2025-03-21,Free,US,Organic,SMB,11,5,1,3,0,0,,0,23.33,0
U04023,2025-02-11,Pro,India,Organic,Enterprise,15,4,0,2,0,0,,79,37.28,790
U04024,2025-08-17,Free,Canada,Referral,Mid-Market,9,3,2,3,0,1,2026-07-02,0,39.04,0
U04025,2025-07-14,Business,US,Content,Mid-Market,17,11,2,5,1,0,,249,26.81,2241
U04026,2025-02-18,Free,UK,Organic,SMB,13,4,1,2,0,0,,0,28.28,0
U04027,2025-08-16,Pro,Australia,Organic,SMB,19,8,0,7,1,0,,79,38.77,1027
U04028,2025-03-29,Free,US,Organic,SMB,4,1,4,3,0,1,2025-12-30,0,18.46,0
U04029,2025-07-27,Free,India,Organic,Enterprise,12,3,2,2,0,1,2025-12-05,0,27.47,0
U04030,2025-05-09,Free,Australia,Partner,SMB,8,3,2,1,0,0,,0,70.94,0
U04031,2025-06-24,Pro,Germany,Partner,SMB,12,7,1,6,1,0,,79,72.99,948
U04032,2025-02-14,Free,India,Organic,Mid-Market,11,6,1,1,0,0,,0,30.16,0
U04033,2025-03-02,Pro,India,Content,SMB,8,4,1,4,0,0,,79,35.98,1106
U04034,2025-03-24,Free,India,Content,Mid-Market,8,2,1,1,0,0,,0,47.95,0
U04035,2025-05-19,Free,Canada,Organic,Startup,6,4,2,1,0,1,2025-11-22,0,25.16,0
U04036,2025-08-03,Free,UK,Paid Search,Enterprise,9,5,3,3,0,0,,0,131.47,0
U04037,2025-05-22,Free,UK,Content,Mid-Market,5,4,1,2,0,0,,0,39.05,0
U04038,2025-08-02,Free,Australia,Paid Search,SMB,10,3,1,5,0,0,,0,76.53,0
U04039,2025-05-29,Business,US,Organic,Startup,21,11,3,7,0,0,,249,27.24,2490
U04040,2025-09-08,Pro,US,Organic,Startup,13,8,0,4,0,0,,79,46.05,869
U04041,2025-01-01,Pro,India,Organic,Enterprise,11,6,1,8,1,0,,79,37.13,948
U04042,2025-09-30,Pro,Australia,Content,Startup,7,4,1,1,0,1,2026-03-29,79,51.4,474
U04043,2025-02-17,Free,US,Referral,Startup,7,3,1,3,0,0,,0,36.31,0
U04044,2025-03-18,Free,UK,Content,SMB,12,1,1,4,1,0,,0,41.57,0
U04045,2025-08-18,Pro,US,Content,SMB,16,7,0,5,1,0,,79,40.23,869
U04046,2025-08-12,Free,US,Organic,Startup,7,2,1,6,0,1,2026-06-11,0,40.37,0
U04047,2025-07-11,Business,India,Organic,SMB,16,10,0,10,0,0,,249,32.95,2241
U04048,2025-02-16,Pro,US,Content,Mid-Market,11,6,2,6,0,0,,79,32.29,711
U04049,2025-02-15,Free,Australia,Referral,Startup,5,1,3,1,0,0,,0,40.74,0
U04050,2025-07-22,Free,Germany,Content,SMB,12,4,2,3,0,0,,0,34.71,0
U04051,2025-07-21,Pro,US,Referral,Startup,12,7,2,5,0,0,,79,41.21,711
U04052,2025-01-06,Pro,India,Partner,Startup,11,4,0,4,1,0,,79,70.56,1027
U04053,2025-04-16,Business,Germany,Paid Search,Mid-Market,13,8,1,9,1,0,,249,83.35,2490
U04054,2025-01-12,Pro,India,Organic,SMB,17,5,1,4,0,0,,79,27.29,948
U04055,2025-09-08,Free,Australia,Referral,Startup,6,4,2,2,0,0,,0,33.61,0
U04056,2025-09-08,Free,UK,Paid Search,Startup,8,5,1,1,0,0,,0,85.48,0
U04057,2025-02-06,Free,UK,Content,Startup,11,3,0,3,0,0,,0,50.97,0
U04058,2025-08-05,Free,India,Referral,SMB,11,5,2,3,0,1,2026-04-30,0,37.6,0
U04059,2025-01-23,Pro,Canada,Partner,Startup,12,5,1,4,0,1,2025-03-11,79,71.22,158
U04060,2025-03-31,Business,India,Paid Search,Mid-Market,14,11,2,9,1,0,,249,103.4,2490
U04061,2025-08-14,Pro,UK,Partner,Mid-Market,10,6,0,3,0,0,,79,66.81,1027
U04062,2025-08-13,Free,Australia,Paid Search,Startup,5,4,3,5,1,0,,0,90.32,0
U04063,2025-09-27,Free,Germany,Organic,Mid-Market,8,5,1,1,0,0,,0,37.63,0
U04064,2025-04-04,Pro,Canada,Organic,Enterprise,19,4,0,2,1,0,,79,29.02,790
U04065,2025-06-12,Free,India,Content,Mid-Market,4,1,2,2,1,1,2025-08-29,0,29.62,0
U04066,2025-06-17,Free,Canada,Paid Search,SMB,9,6,1,3,0,0,,0,109.94,0
U04067,2025-04-12,Free,India,Paid Search,SMB,11,5,1,2,0,0,,0,74.72,0
U04068,2025-08-21,Pro,India,Content,Mid-Market,7,4,0,2,0,0,,79,24.56,1106
U04069,2025-05-29,Free,India,Organic,Startup,12,2,4,2,0,1,2026-03-19,0,35.21,0
U04070,2025-02-27,Free,Australia,Organic,SMB,5,1,1,2,0,1,2025-07-30,0,47.65,0
U04071,2025-05-05,Business,India,Paid Search,Startup,18,9,1,12,1,0,,249,118.68,3486
U04072,2025-04-19,Pro,Australia,Referral,SMB,10,3,2,2,0,1,2025-11-27,79,41.04,553
U04073,2025-09-24,Free,US,Paid Search,Startup,7,2,1,2,0,1,2025-12-31,0,74.55,0
U04074,2025-04-16,Pro,US,Organic,Startup,14,3,1,4,1,1,2026-01-08,79,22.89,711
U04075,2025-10-02,Free,Canada,Paid Search,SMB,8,5,0,1,0,1,2026-02-08,0,66.24,0
U04076,2025-07-21,Business,US,Paid Search,SMB,11,8,0,5,0,0,,249,70.15,2241
U04077,2025-05-17,Pro,US,Referral,SMB,12,8,1,6,0,0,,79,25.1,790
U04078,2025-03-06,Free,India,Paid Search,SMB,8,3,1,3,0,1,2025-08-02,0,78.99,0
U04079,2025-10-10,Free,India,Organic,SMB,12,6,2,1,1,0,,0,19.24,0
U04080,2025-07-05,Free,India,Organic,SMB,6,3,1,2,0,1,2026-04-24,0,31.2,0
U04081,2025-09-19,Free,UK,Organic,SMB,10,4,2,2,0,0,,0,29.87,0
U04082,2025-08-15,Business,US,Organic,SMB,11,8,1,11,0,1,2025-09-17,249,29.88,249
U04083,2025-05-16,Free,India,Partner,SMB,9,2,2,2,0,1,2025-09-11,0,40.9,0
U04084,2025-03-11,Free,US,Partner,Mid-Market,5,5,0,1,0,1,2025-10-20,0,83.93,0
U04085,2025-05-23,Pro,US,Content,SMB,9,11,2,4,1,0,,79,50.91,790
U04086,2025-04-20,Free,India,Paid Search,Startup,11,1,1,3,0,1,2025-10-07,0,103.42,0
U04087,2025-04-21,Pro,India,Content,Startup,6,7,0,2,0,0,,79,22.06,948
U04088,2025-01-14,Pro,Germany,Paid Search,SMB,8,9,3,6,0,0,,79,68.46,1106
U04089,2025-06-15,Free,Germany,Partner,Startup,13,3,0,1,1,0,,0,43.72,0
U04090,2025-06-11,Free,India,Content,Startup,6,3,1,3,0,1,2025-12-03,0,18.55,0
U04091,2025-01-15,Pro,India,Referral,SMB,11,7,0,6,0,0,,79,36.8,790
U04092,2025-06-01,Free,US,Organic,SMB,9,4,1,5,0,1,2025-09-26,0,37.89,0
U04093,2025-05-04,Free,US,Referral,SMB,10,4,0,3,0,0,,0,51.34,0
U04094,2025-07-25,Pro,US,Content,SMB,6,5,1,4,1,0,,79,21.38,711
U04095,2025-10-05,Free,India,Organic,Startup,12,3,1,2,1,1,2026-08-28,0,49.14,0
U04096,2025-06-12,Free,Germany,Content,Startup,13,3,0,3,0,0,,0,30.05,0
U04097,2025-09-27,Free,US,Referral,Mid-Market,9,4,0,2,0,0,,0,48.13,0
U04098,2025-09-17,Pro,India,Referral,SMB,14,5,0,5,0,0,,79,29.67,869
U04099,2025-02-19,Free,Australia,Organic,SMB,12,5,5,3,1,1,2025-08-28,0,10.36,0
U04100,2025-09-11,Free,India,Referral,Enterprise,9,3,0,2,0,0,,0,41.6,0
U04101,2025-02-22,Pro,US,Referral,Startup,10,5,0,4,0,0,,79,28.14,790
U04102,2025-02-04,Free,Canada,Referral,SMB,9,2,1,2,1,0,,0,49.17,0
U04103,2025-02-25,Pro,US,Organic,SMB,11,9,0,5,0,1,2025-07-22,79,48.69,395
U04104,2025-06-27,Free,India,Organic,Startup,7,2,5,4,0,1,2025-10-05,0,49.54,0
U04105,2025-01-15,Pro,US,Partner,Startup,11,8,1,3,1,1,2025-07-20,79,88.41,474
U04106,2025-07-25,Pro,Canada,Organic,Mid-Market,12,8,0,5,1,0,,79,17.67,1027
U04107,2025-07-10,Pro,US,Organic,Startup,10,5,1,2,0,1,2026-04-07,79,46.66,711
U04108,2025-05-19,Pro,Germany,Paid Search,Mid-Market,18,3,0,3,0,1,2025-08-16,79,91.83,237
U04109,2025-01-09,Free,US,Organic,Mid-Market,8,1,2,4,0,0,,0,35.58,0
U04110,2025-03-24,Free,India,Paid Search,SMB,14,4,5,1,0,0,,0,101.94,0
U04111,2025-06-19,Business,US,Paid Search,SMB,12,6,0,5,1,0,,249,101.58,3486
U04112,2025-02-15,Free,India,Organic,Startup,4,6,3,2,0,1,2025-06-18,0,45.16,0
U04113,2025-07-02,Pro,US,Organic,Enterprise,10,7,0,3,0,1,2026-02-26,79,32.43,632
U04114,2025-08-14,Pro,Canada,Referral,SMB,13,5,0,5,1,0,,79,45.28,1027
U04115,2025-08-21,Pro,Canada,Content,Startup,15,9,0,5,0,0,,79,37.97,1106
U04116,2025-01-06,Pro,US,Referral,Startup,16,6,1,6,0,0,,79,33.98,1027
U04117,2025-05-24,Free,India,Organic,Startup,3,5,2,2,0,1,2025-06-30,0,20.43,0
U04118,2025-06-07,Free,Australia,Referral,Startup,13,6,3,2,0,1,2026-03-30,0,47.06,0
U04119,2025-04-05,Pro,India,Paid Search,SMB,9,10,1,3,1,0,,79,103.99,1106
U04120,2025-10-26,Free,US,Referral,Mid-Market,8,1,2,1,0,0,,0,29.95,0
U04121,2025-04-18,Pro,Germany,Referral,Startup,8,10,0,6,1,0,,79,29.29,948
U04122,2025-08-05,Free,Canada,Partner,SMB,10,2,3,2,0,1,2025-12-23,0,82.95,0
U04123,2025-07-18,Pro,India,Paid Search,SMB,11,9,0,5,0,0,,79,86.46,790
U04124,2025-02-19,Pro,US,Content,Mid-Market,16,6,2,6,1,0,,79,33.45,1027
U04125,2025-01-19,Free,Canada,Paid Search,SMB,5,6,1,2,0,0,,0,110.54,0
U04126,2025-09-12,Free,Canada,Organic,SMB,11,2,1,3,1,0,,0,44.02,0
U04127,2025-03-17,Pro,India,Paid Search,Mid-Market,16,4,1,4,1,0,,79,118.85,948
U04128,2025-07-17,Free,Australia,Organic,SMB,6,3,0,2,0,1,2026-02-23,0,36.69,0
U04129,2025-05-10,Pro,US,Organic,Startup,7,7,1,2,0,0,,79,41.58,869
U04130,2025-08-23,Free,India,Content,Startup,12,4,2,4,0,1,2026-03-18,0,41.31,0
U04131,2025-06-03,Free,US,Content,SMB,11,5,1,3,0,0,,0,34.91,0
U04132,2025-03-22,Free,US,Referral,Startup,6,3,1,2,0,0,,0,27.6,0
U04133,2025-03-01,Business,India,Paid Search,Mid-Market,18,6,1,5,1,0,,249,95.13,2988
U04134,2025-10-10,Free,Canada,Referral,Mid-Market,10,4,1,1,0,0,,0,59.16,0
U04135,2025-07-23,Free,UK,Paid Search,SMB,10,3,1,3,0,0,,0,107.87,0
U04136,2025-07-23,Free,India,Paid Search,Enterprise,8,1,2,4,0,1,2025-08-29,0,88.87,0
U04137,2025-06-21,Free,India,Content,SMB,6,1,0,4,0,1,2025-09-08,0,17.48,0
U04138,2025-03-12,Business,India,Content,SMB,18,7,0,7,1,0,,249,41.23,2241
U04139,2025-03-15,Pro,Canada,Content,Startup,17,5,0,6,0,0,,79,41.79,1106
U04140,2025-04-14,Free,US,Organic,Startup,8,5,1,2,0,0,,0,36.64,0
U04141,2025-10-08,Free,Australia,Content,SMB,16,5,2,1,0,0,,0,38.46,0
U04142,2025-02-23,Free,Germany,Content,SMB,11,5,0,3,0,0,,0,20.75,0
U04143,2025-05-19,Free,Germany,Referral,Startup,13,1,2,2,0,1,2025-07-25,0,38.92,0
U04144,2025-01-03,Business,Canada,Paid Search,Startup,15,9,1,8,1,1,2025-04-28,249,81.33,996
U04145,2025-02-06,Free,US,Referral,Startup,13,1,2,1,0,1,2025-10-11,0,21.01,0
U04146,2025-01-23,Free,US,Organic,Startup,10,4,1,3,1,0,,0,17.75,0
U04147,2025-08-14,Free,US,Partner,SMB,9,2,1,3,0,0,,0,52.0,0
U04148,2025-02-15,Free,US,Referral,Startup,8,7,0,1,0,1,2025-08-06,0,46.62,0
U04149,2025-03-01,Pro,US,Referral,Enterprise,15,8,0,8,0,1,2025-10-07,79,42.11,553
U04150,2025-09-19,Free,Australia,Paid Search,Startup,8,1,1,4,1,1,2025-11-29,0,74.22,0
U04151,2025-08-05,Free,Australia,Organic,Mid-Market,8,7,6,1,0,1,2026-01-13,0,35.62,0
U04152,2025-07-02,Pro,Germany,Content,Startup,11,3,2,3,0,1,2025-08-10,79,25.21,79
U04153,2025-09-28,Pro,Australia,Organic,Enterprise,12,7,0,3,0,0,,79,41.26,948
U04154,2025-05-14,Free,India,Referral,Startup,9,7,2,3,0,1,2026-03-23,0,23.28,0
U04155,2025-06-18,Free,US,Referral,Startup,15,5,1,2,0,1,2026-03-11,0,22.86,0
U04156,2025-06-05,Pro,Canada,Paid Search,Startup,12,8,1,7,0,0,,79,89.69,1027
U04157,2025-09-18,Pro,India,Organic,Startup,14,10,0,4,0,0,,79,34.19,869
U04158,2025-10-10,Free,UK,Organic,Startup,5,3,1,2,0,1,2025-12-31,0,27.25,0
U04159,2025-03-29,Pro,India,Organic,SMB,14,7,2,2,0,0,,79,41.59,948
U04160,2025-04-28,Free,India,Organic,SMB,5,2,2,2,0,0,,0,38.83,0
U04161,2025-07-12,Free,Australia,Paid Search,Mid-Market,6,2,2,3,0,1,2026-02-17,0,85.38,0
U04162,2025-05-01,Pro,India,Referral,Startup,17,5,0,3,0,0,,79,31.92,869
U04163,2025-02-21,Pro,US,Organic,Mid-Market,11,5,1,1,1,0,,79,31.68,869
U04164,2025-02-22,Free,US,Partner,SMB,7,4,0,1,0,1,2025-09-26,0,80.73,0
U04165,2025-01-27,Free,Australia,Organic,Enterprise,7,4,1,3,0,0,,0,19.73,0
U04166,2025-02-14,Free,US,Organic,Mid-Market,6,4,3,1,0,0,,0,47.78,0
U04167,2025-08-25,Pro,Canada,Paid Search,Mid-Market,15,4,1,4,0,0,,79,87.93,711
U04168,2025-01-07,Free,India,Organic,SMB,8,3,0,3,0,1,2025-05-30,0,37.52,0
U04169,2025-08-01,Business,US,Paid Search,Startup,17,6,1,3,0,1,2026-06-12,249,56.64,2490
U04170,2025-06-16,Pro,UK,Paid Search,SMB,12,9,0,4,1,0,,79,113.86,711
U04171,2025-10-07,Pro,US,Paid Search,Mid-Market,14,5,1,2,0,1,2026-08-23,79,96.49,869
U04172,2025-06-20,Free,US,Paid Search,Startup,6,5,4,3,0,0,,0,84.62,0
U04173,2025-10-03,Free,India,Content,Startup,7,1,0,3,0,1,2026-06-05,0,37.65,0
U04174,2025-06-08,Free,US,Organic,Mid-Market,10,5,1,2,0,0,,0,27.45,0
U04175,2025-09-19,Pro,US,Referral,SMB,16,4,2,2,0,1,2026-06-10,79,35.39,711
U04176,2025-08-10,Business,UK,Content,Startup,11,7,0,6,1,0,,249,35.19,2490
U04177,2025-07-06,Free,India,Organic,SMB,6,4,2,2,0,0,,0,21.76,0
U04178,2025-02-14,Free,Germany,Organic,SMB,4,3,0,3,0,0,,0,42.21,0
U04179,2025-06-17,Free,India,Partner,SMB,8,1,1,4,0,0,,0,86.36,0
U04180,2025-06-23,Pro,UK,Content,SMB,19,5,0,4,0,0,,79,20.61,948
U04181,2025-03-16,Free,US,Content,Mid-Market,7,5,1,4,0,0,,0,40.74,0
U04182,2025-10-11,Free,Australia,Paid Search,SMB,8,3,2,1,0,0,,0,61.18,0
U04183,2025-02-25,Free,Australia,Paid Search,Startup,10,1,3,2,0,1,2025-10-12,0,71.22,0
U04184,2025-07-01,Free,US,Organic,Mid-Market,11,6,2,2,0,0,,0,36.22,0
U04185,2025-05-15,Free,India,Referral,SMB,11,5,3,2,0,0,,0,51.3,0
U04186,2025-08-22,Free,US,Organic,SMB,14,6,1,3,0,0,,0,35.25,0
U04187,2025-07-01,Free,US,Organic,Startup,6,5,0,2,0,1,2026-01-31,0,30.98,0
U04188,2025-06-02,Pro,India,Referral,Mid-Market,10,5,0,7,0,0,,79,40.47,869
U04189,2025-05-02,Pro,US,Paid Search,Startup,10,6,2,1,1,1,2025-11-02,79,60.28,474
U04190,2025-02-02,Pro,India,Organic,Startup,14,5,1,2,0,0,,79,38.19,632
U04191,2025-10-20,Free,US,Partner,SMB,5,1,0,3,0,0,,0,61.21,0
U04192,2025-10-23,Pro,UK,Paid Search,Mid-Market,16,9,1,5,0,0,,79,96.92,790
U04193,2025-09-07,Pro,India,Paid Search,SMB,16,4,1,6,0,0,,79,84.77,869
U04194,2025-04-15,Free,US,Organic,SMB,5,3,1,1,0,1,2025-10-14,0,34.44,0
U04195,2025-07-06,Pro,India,Paid Search,Startup,12,6,1,7,0,0,,79,87.74,790
U04196,2025-02-22,Free,India,Organic,Startup,7,2,1,2,0,0,,0,29.42,0
U04197,2025-05-03,Free,India,Partner,Startup,4,5,2,3,0,0,,0,71.33,0
U04198,2025-06-21,Free,UK,Content,Startup,10,3,3,2,0,1,2025-11-26,0,29.02,0
U04199,2025-01-18,Free,UK,Referral,SMB,11,5,1,3,0,0,,0,38.64,0
U04200,2025-02-06,Pro,US,Paid Search,Startup,8,7,1,4,1,0,,79,95.24,1106
U04201,2025-09-27,Free,US,Paid Search,Startup,6,5,1,4,0,1,2026-06-03,0,57.37,0
U04202,2025-04-22,Free,Canada,Referral,SMB,12,4,2,1,0,0,,0,33.69,0
U04203,2025-08-19,Free,US,Referral,Startup,11,4,2,3,0,1,2025-11-09,0,45.74,0
U04204,2025-06-13,Pro,Canada,Organic,SMB,12,4,0,3,0,0,,79,23.29,948
U04205,2025-04-12,Free,Australia,Content,SMB,10,3,1,3,0,0,,0,30.4,0
U04206,2025-01-03,Free,US,Paid Search,Mid-Market,10,3,6,4,1,0,,0,92.29,0
U04207,2025-02-19,Pro,UK,Organic,Startup,18,6,0,2,1,0,,79,38.78,1027
U04208,2025-09-24,Pro,Australia,Referral,Startup,13,5,0,5,1,1,2025-12-16,79,37.81,237
U04209,2025-08-19,Free,US,Content,SMB,9,2,1,4,0,0,,0,28.22,0
U04210,2025-03-14,Free,US,Partner,Mid-Market,9,2,1,1,0,1,2025-08-11,0,84.45,0
U04211,2025-06-07,Pro,UK,Organic,SMB,8,4,1,5,0,0,,79,41.69,1106
U04212,2025-06-22,Free,US,Organic,Mid-Market,11,3,2,3,0,0,,0,39.97,0
U04213,2025-07-26,Free,US,Content,Mid-Market,8,3,0,2,0,0,,0,31.52,0
U04214,2025-07-21,Free,India,Partner,Enterprise,6,2,2,2,0,1,2026-05-27,0,65.36,0
U04215,2025-07-11,Free,India,Partner,Mid-Market,9,5,0,4,1,0,,0,60.05,0
U04216,2025-05-03,Free,Germany,Content,Startup,8,2,3,3,0,1,2025-06-06,0,36.66,0
U04217,2025-07-13,Free,UK,Organic,SMB,8,3,2,2,0,0,,0,30.27,0
U04218,2025-09-30,Pro,India,Organic,Startup,10,6,0,4,1,0,,79,35.75,1027
U04219,2025-02-08,Free,India,Referral,SMB,5,6,2,4,0,1,2025-12-10,0,29.49,0
U04220,2025-08-22,Free,India,Content,SMB,12,4,4,4,0,1,2026-01-27,0,45.88,0
U04221,2025-05-07,Free,Canada,Content,SMB,8,4,0,1,0,1,2026-03-16,0,15.38,0
U04222,2025-07-18,Pro,Canada,Paid Search,Mid-Market,21,7,0,3,1,0,,79,106.89,1106
U04223,2025-05-24,Free,US,Organic,Startup,10,3,4,3,0,0,,0,11.77,0
U04224,2025-06-26,Pro,Germany,Paid Search,Startup,15,4,1,3,1,0,,79,104.56,711
U04225,2025-07-14,Free,India,Content,Startup,8,6,1,1,0,1,2025-12-06,0,22.96,0
U04226,2025-08-28,Free,UK,Referral,SMB,6,2,0,1,0,0,,0,54.43,0
U04227,2025-05-19,Pro,US,Organic,Mid-Market,11,6,2,5,1,0,,79,47.67,948
U04228,2025-01-28,Free,US,Content,Enterprise,14,3,0,2,0,0,,0,31.12,0
U04229,2025-01-15,Pro,Canada,Content,SMB,10,6,2,8,1,0,,79,34.22,711
U04230,2025-09-21,Pro,Canada,Organic,Mid-Market,15,2,0,6,0,0,,79,34.15,1027
U04231,2025-09-21,Pro,India,Referral,SMB,13,4,3,8,0,0,,79,39.25,711
U04232,2025-04-08,Free,Germany,Organic,SMB,6,3,3,2,0,1,2026-01-30,0,36.01,0
U04233,2025-10-06,Pro,India,Content,Mid-Market,12,5,0,5,0,0,,79,37.08,948
U04234,2025-01-15,Business,UK,Referral,Mid-Market,13,6,0,8,1,0,,249,23.54,2739
U04235,2025-09-10,Business,India,Partner,SMB,19,8,1,8,0,0,,249,58.55,2241
U04236,2025-04-20,Business,US,Content,SMB,13,8,1,12,0,1,2025-09-16,249,34.98,1245
U04237,2025-03-20,Free,UK,Referral,SMB,11,5,0,2,1,0,,0,14.62,0
U04238,2025-04-12,Pro,India,Organic,Startup,13,7,0,5,0,0,,79,32.32,790
U04239,2025-08-26,Free,UK,Referral,Mid-Market,7,6,3,3,0,1,2025-10-28,0,20.63,0
U04240,2025-10-27,Free,India,Organic,Startup,10,2,5,2,0,1,2025-12-14,0,34.67,0
U04241,2025-02-27,Free,US,Referral,Startup,12,3,2,1,0,0,,0,33.05,0
U04242,2025-03-28,Pro,US,Organic,Mid-Market,15,4,1,7,0,1,2026-01-06,79,30.69,711
U04243,2025-03-11,Free,US,Paid Search,SMB,8,2,2,2,0,1,2025-12-20,0,98.21,0
U04244,2025-04-14,Free,India,Content,Enterprise,8,3,2,5,0,1,2025-11-14,0,24.06,0
U04245,2025-03-22,Free,UK,Content,Mid-Market,8,4,0,3,1,0,,0,29.86,0
U04246,2025-09-07,Free,US,Organic,Enterprise,10,3,0,2,1,0,,0,29.33,0
U04247,2025-09-19,Pro,US,Content,Enterprise,16,9,1,3,0,0,,79,31.58,948
U04248,2025-09-01,Pro,India,Content,SMB,14,7,1,3,0,1,2026-03-05,79,41.33,474
U04249,2025-10-01,Free,US,Partner,Startup,2,1,1,1,1,1,2026-03-09,0,71.24,0
U04250,2025-05-19,Free,India,Content,Startup,8,4,1,3,0,0,,0,38.5,0
U04251,2025-08-28,Business,India,Content,Startup,18,9,0,8,1,0,,249,32.45,2739
U04252,2025-09-19,Free,Australia,Organic,Startup,5,3,1,3,0,1,2026-01-03,0,35.87,0
U04253,2025-05-15,Business,US,Paid Search,SMB,17,8,1,10,1,0,,249,90.32,3237
U04254,2025-01-05,Pro,India,Paid Search,Mid-Market,3,5,3,3,1,1,2025-11-15,79,75.17,790
U04255,2025-09-07,Pro,Germany,Organic,Startup,14,8,1,3,1,0,,79,32.82,790
U04256,2025-08-06,Pro,Australia,Paid Search,SMB,8,8,1,4,0,0,,79,90.43,869
U04257,2025-09-22,Pro,US,Organic,Startup,15,6,0,5,0,0,,79,39.43,948
U04258,2025-01-24,Pro,UK,Organic,SMB,11,6,0,3,0,0,,79,28.06,1027
U04259,2025-10-21,Business,Australia,Content,SMB,18,9,3,8,0,0,,249,46.16,2988
U04260,2025-02-21,Pro,India,Partner,SMB,10,6,2,2,1,0,,79,85.34,1106
U04261,2025-07-25,Pro,US,Paid Search,SMB,17,3,1,5,1,0,,79,85.04,1106
U04262,2025-10-16,Free,India,Referral,Startup,10,2,0,4,0,0,,0,46.34,0
U04263,2025-10-03,Free,Canada,Content,Mid-Market,13,1,1,4,0,1,2026-05-12,0,36.99,0
U04264,2025-10-24,Free,Germany,Organic,SMB,7,4,2,2,0,1,2025-12-12,0,31.19,0
U04265,2025-10-09,Free,US,Paid Search,Startup,9,4,0,2,0,1,2026-04-27,0,106.35,0
U04266,2025-07-10,Pro,India,Referral,Mid-Market,12,3,0,7,1,0,,79,21.78,1027
U04267,2025-07-22,Free,Germany,Referral,SMB,10,4,2,1,0,0,,0,39.15,0
U04268,2025-05-15,Pro,India,Organic,Enterprise,13,6,1,6,0,1,2025-07-13,79,63.44,158
U04269,2025-05-07,Free,UK,Organic,Startup,9,5,2,1,0,1,2025-09-08,0,49.43,0
U04270,2025-09-19,Free,India,Paid Search,Startup,11,4,1,1,0,0,,0,135.0,0
U04271,2025-05-03,Free,India,Referral,Startup,8,4,0,2,0,0,,0,36.21,0
U04272,2025-05-05,Pro,India,Organic,SMB,17,8,1,6,0,0,,79,36.66,711
U04273,2025-03-12,Pro,US,Organic,Startup,15,5,1,6,0,0,,79,29.33,948
U04274,2025-06-15,Pro,US,Content,SMB,8,6,1,3,1,0,,79,49.81,790
U04275,2025-10-08,Pro,US,Content,SMB,10,6,0,7,1,0,,79,16.65,1027
U04276,2025-02-02,Pro,Australia,Paid Search,Enterprise,15,5,1,5,0,0,,79,110.44,711
U04277,2025-07-11,Business,Germany,Partner,SMB,15,9,1,10,1,0,,249,37.44,2739
U04278,2025-06-05,Business,US,Organic,Startup,13,10,0,8,1,0,,249,38.85,3486
U04279,2025-08-04,Business,India,Organic,Mid-Market,23,7,0,4,1,0,,249,51.23,3237
U04280,2025-02-10,Pro,Germany,Paid Search,SMB,7,5,1,4,0,1,2025-03-14,79,94.08,79
U04281,2025-01-25,Free,India,Content,SMB,7,6,0,5,0,0,,0,24.13,0
U04282,2025-04-06,Pro,Canada,Referral,Mid-Market,9,3,4,5,1,0,,79,31.94,1027
U04283,2025-06-10,Business,India,Content,SMB,10,6,0,7,0,0,,249,28.07,2739
U04284,2025-03-15,Free,Canada,Content,SMB,7,5,1,2,0,0,,0,30.58,0
U04285,2025-06-23,Pro,India,Organic,Startup,11,7,1,2,0,1,2025-10-02,79,45.31,237
U04286,2025-08-08,Free,US,Referral,Mid-Market,18,4,1,3,0,0,,0,30.04,0
U04287,2025-01-05,Free,US,Content,Startup,5,2,1,5,0,1,2025-09-25,0,27.47,0
U04288,2025-07-14,Free,Canada,Referral,SMB,6,3,0,5,0,1,2025-12-08,0,23.38,0
U04289,2025-04-18,Pro,Germany,Paid Search,Mid-Market,18,9,1,7,0,0,,79,101.06,790
U04290,2025-09-08,Pro,India,Content,SMB,16,6,2,4,1,0,,79,32.61,790
U04291,2025-10-09,Free,India,Partner,SMB,15,4,0,1,0,1,2026-03-19,0,66.06,0
U04292,2025-09-24,Pro,US,Partner,Enterprise,14,7,0,7,1,0,,79,78.15,948
U04293,2025-02-18,Business,India,Referral,SMB,16,11,0,9,1,0,,249,41.93,1992
U04294,2025-02-03,Free,US,Paid Search,Startup,6,3,0,3,0,0,,0,58.41,0
U04295,2025-08-29,Pro,US,Organic,SMB,6,8,1,5,0,0,,79,17.71,790
U04296,2025-10-24,Pro,Australia,Organic,Mid-Market,8,11,1,6,0,0,,79,28.69,790
U04297,2025-03-20,Free,Australia,Paid Search,SMB,12,6,0,2,0,0,,0,113.19,0
U04298,2025-09-13,Free,India,Content,SMB,4,4,3,2,1,0,,0,46.41,0
U04299,2025-06-24,Pro,US,Organic,SMB,9,9,2,6,1,1,2026-01-19,79,32.23,553
U04300,2025-04-16,Free,US,Referral,Enterprise,12,2,5,3,0,1,2026-03-09,0,32.48,0
U04301,2025-01-19,Business,India,Paid Search,SMB,13,11,0,6,1,0,,249,54.92,3237
U04302,2025-06-21,Free,US,Organic,SMB,13,4,1,4,0,1,2026-03-06,0,47.21,0
U04303,2025-07-06,Free,US,Organic,SMB,12,1,0,2,0,1,2026-02-14,0,42.65,0
U04304,2025-01-23,Free,UK,Paid Search,Mid-Market,9,3,1,2,0,1,2025-03-18,0,72.71,0
U04305,2025-04-23,Free,India,Paid Search,SMB,6,3,0,1,0,0,,0,110.46,0
U04306,2025-03-05,Business,UK,Organic,SMB,17,10,1,12,1,0,,249,32.11,3237
U04307,2025-02-02,Pro,India,Organic,Startup,12,4,3,4,1,0,,79,53.54,711
U04308,2025-04-05,Pro,US,Partner,SMB,15,7,1,1,0,1,2026-02-16,79,80.29,869
U04309,2025-01-30,Free,India,Organic,Enterprise,7,4,0,2,0,0,,0,38.18,0
U04310,2025-06-03,Pro,US,Partner,SMB,8,7,0,2,1,0,,79,64.48,711
U04311,2025-09-02,Pro,India,Referral,SMB,7,3,3,3,0,0,,79,44.92,711
U04312,2025-01-27,Free,UK,Referral,Mid-Market,9,4,1,2,0,0,,0,29.81,0
U04313,2025-08-14,Business,India,Referral,SMB,18,6,0,9,1,0,,249,18.13,2988
U04314,2025-10-24,Free,US,Content,Enterprise,11,1,2,1,0,1,2026-06-01,0,42.52,0
U04315,2025-02-26,Pro,US,Content,SMB,20,7,3,7,1,1,2025-07-04,79,42.04,316
U04316,2025-09-29,Pro,US,Referral,Enterprise,7,5,2,4,1,0,,79,32.01,711
U04317,2025-10-19,Free,India,Referral,Startup,12,3,0,3,1,0,,0,57.25,0
U04318,2025-04-27,Free,Germany,Referral,SMB,8,2,1,2,0,1,2026-02-19,0,43.61,0
U04319,2025-01-20,Free,India,Paid Search,Startup,11,2,1,5,1,0,,0,63.08,0
U04320,2025-09-04,Free,UK,Content,Startup,7,3,0,2,0,0,,0,44.97,0
U04321,2025-01-14,Pro,Canada,Referral,SMB,14,7,2,1,0,0,,79,33.42,1106
U04322,2025-06-01,Free,Canada,Content,Startup,9,6,2,1,0,1,2026-04-01,0,17.55,0
U04323,2025-04-09,Free,Australia,Organic,SMB,7,4,1,3,0,0,,0,13.7,0
U04324,2025-03-14,Free,Germany,Paid Search,SMB,6,6,2,2,0,0,,0,129.38,0
U04325,2025-05-19,Pro,Canada,Referral,SMB,5,5,1,1,0,0,,79,49.38,711
U04326,2025-06-14,Pro,India,Organic,Mid-Market,18,6,0,7,0,0,,79,46.0,869
U04327,2025-02-11,Free,US,Content,Startup,7,3,4,2,0,1,2025-09-16,0,46.33,0
U04328,2025-02-10,Pro,Australia,Content,SMB,16,3,1,4,0,1,2025-10-21,79,25.75,632
U04329,2025-10-15,Free,UK,Referral,Enterprise,12,2,2,3,0,1,2026-01-30,0,31.37,0
U04330,2025-07-10,Pro,India,Organic,Mid-Market,9,7,1,3,0,0,,79,17.98,1027
U04331,2025-08-02,Pro,India,Partner,Startup,13,4,1,6,1,0,,79,86.23,790
U04332,2025-09-10,Pro,Australia,Partner,Startup,15,4,0,2,0,0,,79,57.95,869
U04333,2025-02-25,Free,UK,Organic,Enterprise,9,4,1,3,0,1,2025-10-20,0,30.36,0
U04334,2025-01-13,Pro,US,Referral,Mid-Market,15,6,1,6,0,0,,79,29.77,790
U04335,2025-05-04,Free,India,Content,SMB,12,1,2,1,0,1,2025-06-08,0,45.34,0
U04336,2025-01-26,Business,India,Organic,SMB,16,6,0,11,1,0,,249,29.06,2988
U04337,2025-03-06,Pro,Germany,Paid Search,SMB,8,9,0,5,0,1,2026-01-28,79,90.46,869
U04338,2025-03-18,Pro,US,Organic,Mid-Market,15,7,1,8,0,0,,79,21.59,869
U04339,2025-02-12,Pro,US,Content,Startup,13,6,0,3,1,0,,79,34.17,1027
U04340,2025-02-18,Free,India,Organic,SMB,5,1,1,1,0,0,,0,20.58,0
U04341,2025-10-10,Free,Australia,Referral,Enterprise,10,3,1,2,0,1,2026-04-08,0,6.77,0
U04342,2025-01-28,Business,Canada,Paid Search,SMB,18,5,1,7,1,0,,249,80.82,2988
U04343,2025-03-19,Pro,India,Paid Search,Mid-Market,13,2,2,1,0,0,,79,107.01,790
U04344,2025-08-15,Free,US,Partner,Enterprise,6,2,2,5,0,1,2026-01-10,0,40.16,0
U04345,2025-03-04,Pro,UK,Organic,Startup,10,5,3,4,1,0,,79,34.5,1027
U04346,2025-03-14,Pro,Australia,Content,Mid-Market,8,8,1,9,0,0,,79,30.03,790
U04347,2025-04-05,Free,UK,Paid Search,Enterprise,8,1,2,4,0,1,2025-08-10,0,102.18,0
U04348,2025-08-13,Free,Canada,Paid Search,Mid-Market,3,1,2,3,0,0,,0,115.42,0
U04349,2025-09-24,Free,India,Partner,SMB,9,3,2,3,0,0,,0,84.48,0
U04350,2025-03-29,Business,India,Organic,Startup,14,7,3,9,1,0,,249,51.55,2241
U04351,2025-09-04,Pro,India,Organic,Startup,6,7,1,5,1,0,,79,43.89,869
U04352,2025-05-14,Free,India,Organic,SMB,13,4,1,1,0,1,2025-12-09,0,23.91,0
U04353,2025-08-06,Free,US,Paid Search,SMB,7,3,1,2,0,0,,0,104.29,0
U04354,2025-08-10,Free,UK,Referral,Startup,12,3,0,2,0,1,2025-09-28,0,37.66,0
U04355,2025-05-21,Pro,Germany,Content,SMB,12,7,0,3,0,0,,79,49.02,790
U04356,2025-10-01,Pro,Germany,Content,Mid-Market,13,8,1,8,0,0,,79,9.77,869
U04357,2025-01-04,Pro,US,Referral,Startup,8,11,2,7,0,1,2025-04-15,79,29.94,237
U04358,2025-05-18,Pro,Canada,Partner,SMB,7,6,1,5,0,0,,79,51.53,790
U04359,2025-03-25,Business,UK,Organic,Mid-Market,12,6,1,3,0,0,,249,38.01,2739
U04360,2025-04-15,Free,Australia,Paid Search,SMB,5,8,2,2,0,1,2025-07-12,0,71.64,0
U04361,2025-04-14,Business,India,Referral,SMB,9,8,2,11,0,1,2025-06-18,249,37.05,498
U04362,2025-07-17,Business,India,Organic,SMB,14,8,0,5,0,0,,249,31.54,3237
U04363,2025-08-17,Free,US,Organic,Mid-Market,3,3,2,1,0,1,2025-11-08,0,29.38,0
U04364,2025-03-16,Free,UK,Organic,Enterprise,7,2,2,3,0,0,,0,16.92,0
U04365,2025-04-01,Free,US,Organic,SMB,13,1,0,3,0,0,,0,41.9,0
U04366,2025-03-12,Free,Germany,Referral,Mid-Market,9,3,2,1,0,0,,0,38.35,0
U04367,2025-09-27,Free,UK,Paid Search,Mid-Market,10,3,0,4,0,0,,0,106.48,0
U04368,2025-02-14,Pro,US,Content,SMB,12,7,1,7,1,0,,79,31.43,1106
U04369,2025-09-28,Free,UK,Paid Search,Startup,4,3,0,4,0,1,2026-08-21,0,102.11,0
U04370,2025-03-27,Free,US,Partner,SMB,10,3,1,2,0,0,,0,67.24,0
U04371,2025-08-23,Pro,US,Paid Search,SMB,12,9,0,4,0,1,2026-02-22,79,153.82,474
U04372,2025-06-18,Pro,US,Content,Mid-Market,11,8,1,5,0,0,,79,30.02,1106
U04373,2025-01-06,Free,Germany,Referral,Mid-Market,5,4,3,4,0,0,,0,25.49,0
U04374,2025-07-09,Pro,Germany,Content,Mid-Market,22,5,0,6,1,0,,79,38.83,790
U04375,2025-05-25,Free,US,Partner,SMB,5,1,1,4,0,0,,0,34.54,0
U04376,2025-10-07,Pro,Germany,Organic,SMB,7,5,1,4,0,0,,79,20.09,1106
U04377,2025-04-13,Free,Australia,Organic,Startup,3,2,1,2,0,0,,0,24.37,0
U04378,2025-03-28,Business,India,Referral,Startup,20,9,2,6,1,0,,249,35.76,2739
U04379,2025-04-09,Business,Canada,Organic,Startup,17,8,1,6,1,0,,249,34.93,2490
U04380,2025-08-13,Pro,US,Organic,SMB,11,7,1,5,0,1,2025-12-07,79,40.01,316
U04381,2025-01-21,Business,India,Paid Search,Startup,7,10,0,12,0,0,,249,91.27,2490
U04382,2025-07-08,Free,UK,Content,Startup,9,3,0,1,0,0,,0,33.92,0
U04383,2025-04-29,Pro,Germany,Organic,Startup,7,6,1,3,0,0,,79,47.63,790
U04384,2025-10-12,Free,US,Referral,Enterprise,16,1,2,2,0,0,,0,34.08,0
U04385,2025-05-24,Free,India,Partner,Startup,9,4,4,1,1,1,2026-03-23,0,68.66,0
U04386,2025-10-17,Free,Germany,Partner,Startup,9,1,1,5,0,0,,0,66.62,0
U04387,2025-10-14,Free,Canada,Organic,SMB,9,6,1,2,0,1,2026-02-17,0,47.21,0
U04388,2025-05-22,Pro,Germany,Referral,Enterprise,15,7,0,6,0,0,,79,58.68,869
U04389,2025-03-09,Pro,Canada,Paid Search,Mid-Market,10,9,3,4,1,0,,79,82.54,1106
U04390,2025-05-02,Free,UK,Organic,Startup,12,3,1,6,0,0,,0,44.74,0
U04391,2025-03-25,Pro,UK,Referral,Startup,6,6,2,7,0,1,2025-12-26,79,39.24,711
U04392,2025-09-09,Pro,UK,Organic,Startup,11,9,2,3,0,0,,79,39.11,632
U04393,2025-10-23,Pro,Germany,Paid Search,Startup,9,7,1,4,0,1,2026-06-08,79,90.88,632
U04394,2025-01-07,Free,Germany,Organic,Enterprise,9,2,1,1,0,0,,0,37.25,0
U04395,2025-04-17,Free,India,Referral,SMB,13,3,1,2,0,0,,0,32.83,0
U04396,2025-08-09,Pro,India,Paid Search,Mid-Market,10,10,1,4,0,1,2025-11-05,79,83.01,237
U04397,2025-09-22,Free,India,Paid Search,Mid-Market,10,5,0,2,0,0,,0,105.6,0
U04398,2025-09-10,Free,Canada,Referral,Startup,7,3,1,4,0,0,,0,31.79,0
U04399,2025-05-16,Business,Australia,Paid Search,Startup,13,7,2,9,1,0,,249,85.07,2490
U04400,2025-09-24,Free,India,Partner,Startup,5,6,2,2,0,1,2025-12-07,0,110.33,0
U04401,2025-08-01,Pro,US,Organic,SMB,9,3,2,8,1,1,2025-11-22,79,37.47,316
U04402,2025-01-07,Pro,India,Referral,SMB,12,4,1,1,1,0,,79,49.51,869
U04403,2025-09-14,Free,US,Organic,Startup,10,4,1,2,0,0,,0,41.81,0
U04404,2025-07-03,Pro,India,Paid Search,Startup,16,4,0,3,0,0,,79,77.95,1106
U04405,2025-10-18,Free,India,Organic,Mid-Market,11,2,3,2,0,1,2026-03-08,0,40.21,0
U04406,2025-05-02,Free,US,Organic,SMB,4,6,2,2,0,0,,0,25.28,0
U04407,2025-03-16,Pro,US,Paid Search,Startup,8,5,1,5,0,0,,79,71.86,948
U04408,2025-01-21,Free,US,Organic,SMB,7,1,3,1,0,1,2025-11-12,0,27.08,0
U04409,2025-02-05,Business,US,Organic,SMB,12,12,0,12,0,0,,249,54.19,3237
U04410,2025-08-27,Business,Australia,Content,SMB,9,10,0,12,0,1,2026-03-20,249,34.99,1743
U04411,2025-07-16,Free,Australia,Referral,Startup,9,4,2,1,0,1,2026-05-04,0,28.92,0
U04412,2025-05-04,Pro,India,Content,Mid-Market,20,7,2,3,0,0,,79,42.89,869
U04413,2025-07-11,Pro,US,Paid Search,Enterprise,12,4,3,8,0,0,,79,117.84,869
U04414,2025-06-22,Pro,US,Organic,SMB,9,4,0,4,1,0,,79,32.38,948
U04415,2025-04-02,Free,US,Organic,Startup,9,3,2,1,0,0,,0,28.59,0
U04416,2025-04-20,Business,India,Organic,Mid-Market,13,9,1,9,0,0,,249,39.01,2241
U04417,2025-02-09,Free,Australia,Paid Search,Startup,8,3,1,4,0,1,2025-07-05,0,90.42,0
U04418,2025-03-31,Pro,US,Organic,Enterprise,15,6,0,2,1,0,,79,39.25,869
U04419,2025-10-08,Free,India,Organic,SMB,11,4,2,1,0,0,,0,59.69,0
U04420,2025-08-30,Business,US,Organic,SMB,6,8,2,5,1,0,,249,28.85,3237
U04421,2025-05-10,Free,India,Organic,Mid-Market,9,3,2,3,0,1,2025-06-19,0,43.58,0
U04422,2025-09-06,Free,India,Organic,SMB,8,1,0,4,0,1,2026-06-18,0,50.38,0
U04423,2025-03-29,Free,Australia,Organic,Startup,8,4,1,3,0,1,2025-10-25,0,6.64,0
U04424,2025-02-14,Pro,Germany,Referral,Startup,10,6,1,4,0,0,,79,43.8,790
U04425,2025-02-20,Free,India,Partner,SMB,11,2,1,3,0,0,,0,64.38,0
U04426,2025-06-02,Pro,US,Referral,Startup,14,6,1,3,1,0,,79,33.72,1106
U04427,2025-08-06,Business,Germany,Organic,Mid-Market,13,9,0,12,1,0,,249,55.87,2241
U04428,2025-02-12,Pro,India,Partner,Startup,10,7,1,6,0,0,,79,66.95,790
U04429,2025-10-22,Free,US,Partner,Mid-Market,8,2,5,3,1,0,,0,86.38,0
U04430,2025-02-05,Pro,US,Organic,Startup,13,6,2,4,0,1,2025-08-19,79,28.79,474
U04431,2025-03-01,Pro,Canada,Partner,Mid-Market,13,4,0,6,1,0,,79,84.5,711
U04432,2025-02-07,Free,India,Paid Search,SMB,7,3,3,7,1,0,,0,105.75,0
U04433,2025-07-22,Free,India,Paid Search,Enterprise,4,1,4,5,1,1,2025-12-24,0,122.68,0
U04434,2025-08-25,Free,US,Organic,Enterprise,11,3,0,1,0,0,,0,23.3,0
U04435,2025-03-16,Free,UK,Partner,Startup,11,6,1,4,1,1,2025-07-05,0,51.72,0
U04436,2025-08-24,Free,US,Paid Search,Mid-Market,10,4,0,3,0,0,,0,106.48,0
U04437,2025-02-15,Pro,Germany,Organic,Startup,14,6,0,2,0,1,2025-04-07,79,43.15,158
U04438,2025-05-14,Free,UK,Paid Search,Mid-Market,8,2,3,2,0,1,2025-08-11,0,124.83,0
U04439,2025-04-17,Pro,UK,Content,Enterprise,7,5,1,5,0,0,,79,42.71,790
U04440,2025-02-23,Pro,India,Content,Enterprise,8,4,0,5,1,1,2025-04-22,79,51.31,158
U04441,2025-08-11,Business,India,Partner,Startup,11,6,1,5,1,0,,249,86.14,2988
U04442,2025-01-08,Free,India,Content,SMB,8,6,2,2,0,0,,0,33.51,0
U04443,2025-01-14,Business,India,Paid Search,SMB,11,9,1,11,0,0,,249,146.5,2739
U04444,2025-01-24,Free,India,Referral,Startup,7,1,1,1,0,1,2025-08-31,0,38.76,0
U04445,2025-01-20,Pro,US,Referral,SMB,13,3,0,9,0,0,,79,38.29,711
U04446,2025-10-02,Pro,India,Paid Search,Startup,11,3,1,3,0,0,,79,108.0,1027
U04447,2025-03-05,Free,India,Paid Search,Startup,8,3,2,2,0,0,,0,105.68,0
U04448,2025-04-09,Free,US,Organic,SMB,11,4,0,4,0,0,,0,30.69,0
U04449,2025-07-29,Pro,US,Paid Search,Startup,12,3,2,4,1,1,2025-12-02,79,92.1,316
U04450,2025-02-05,Free,Germany,Referral,SMB,10,2,0,1,0,0,,0,37.47,0
U04451,2025-03-03,Business,US,Referral,SMB,8,10,2,12,0,0,,249,38.51,1992
U04452,2025-10-06,Pro,UK,Organic,SMB,17,8,1,5,0,0,,79,22.01,1027
U04453,2025-10-09,Business,Australia,Organic,Startup,18,7,2,11,0,0,,249,37.41,3237
U04454,2025-10-05,Pro,India,Paid Search,Startup,14,7,0,6,0,0,,79,83.97,948
U04455,2025-03-08,Business,Germany,Partner,Startup,18,7,1,6,1,0,,249,56.67,2739
U04456,2025-05-11,Pro,UK,Organic,Mid-Market,14,7,1,1,0,0,,79,36.65,790
U04457,2025-06-24,Pro,US,Paid Search,SMB,10,6,1,8,0,0,,79,97.75,1027
U04458,2025-04-10,Free,India,Organic,Enterprise,8,5,3,2,0,0,,0,43.25,0
U04459,2025-01-21,Pro,India,Organic,Startup,15,7,1,3,1,0,,79,33.22,869
U04460,2025-03-11,Free,India,Paid Search,SMB,10,2,1,3,0,0,,0,85.1,0
U04461,2025-01-08,Free,US,Organic,Startup,12,4,1,3,0,0,,0,39.21,0
U04462,2025-06-23,Free,India,Partner,Enterprise,8,2,2,3,0,1,2025-11-11,0,67.92,0
U04463,2025-10-25,Free,India,Organic,Mid-Market,4,3,2,2,1,1,2026-03-17,0,28.15,0
U04464,2025-03-12,Pro,US,Partner,Mid-Market,10,6,0,6,1,0,,79,96.95,711
U04465,2025-01-19,Free,US,Paid Search,Startup,5,5,2,2,0,1,2025-05-01,0,104.36,0
U04466,2025-03-15,Free,India,Partner,SMB,9,3,2,1,0,1,2025-09-29,0,82.03,0
U04467,2025-07-01,Business,India,Content,Startup,14,12,0,7,0,0,,249,50.31,2988
U04468,2025-10-06,Pro,Canada,Organic,Startup,11,8,0,7,0,0,,79,22.18,711
U04469,2025-10-17,Free,US,Organic,Mid-Market,8,3,0,3,0,0,,0,21.78,0
U04470,2025-01-18,Free,Canada,Organic,Mid-Market,6,4,2,1,0,0,,0,23.66,0
U04471,2025-01-31,Pro,US,Content,Mid-Market,18,5,1,8,1,0,,79,39.04,1106
U04472,2025-02-26,Pro,Germany,Content,SMB,16,6,1,3,0,1,2025-06-22,79,46.77,316
U04473,2025-04-06,Free,Canada,Partner,SMB,5,4,0,1,0,0,,0,80.7,0
U04474,2025-01-24,Pro,Canada,Paid Search,Mid-Market,9,7,1,6,0,0,,79,83.16,948
U04475,2025-05-16,Pro,US,Referral,SMB,18,9,1,3,0,1,2025-12-21,79,27.46,553
U04476,2025-01-12,Pro,US,Paid Search,Mid-Market,11,4,2,5,0,0,,79,83.94,1106
U04477,2025-10-26,Free,UK,Content,SMB,10,1,0,2,0,0,,0,33.33,0
U04478,2025-01-30,Free,India,Organic,SMB,5,4,2,1,0,0,,0,30.12,0
U04479,2025-06-29,Free,US,Partner,Startup,8,4,2,2,0,0,,0,84.39,0
U04480,2025-10-04,Pro,Germany,Paid Search,Startup,11,5,1,6,0,0,,79,102.34,948
U04481,2025-06-10,Free,India,Content,Startup,8,5,3,5,0,1,2026-02-05,0,35.98,0
U04482,2025-10-12,Pro,India,Partner,Startup,13,6,0,4,0,0,,79,65.92,711
U04483,2025-04-12,Business,India,Partner,Mid-Market,15,8,0,14,0,1,2025-06-06,249,69.43,498
U04484,2025-10-21,Free,UK,Referral,Startup,9,7,2,2,0,0,,0,35.46,0
U04485,2025-01-30,Business,India,Organic,Startup,18,8,0,11,1,0,,249,35.43,2988
U04486,2025-04-13,Pro,US,Referral,Enterprise,12,9,2,6,0,0,,79,22.14,948
U04487,2025-07-01,Pro,US,Content,Startup,11,5,0,8,1,0,,79,33.91,1106
U04488,2025-10-20,Free,Canada,Referral,Startup,8,4,0,4,0,0,,0,36.58,0
U04489,2025-09-23,Pro,US,Organic,Mid-Market,10,4,0,2,0,0,,79,27.25,1027
U04490,2025-10-04,Free,US,Paid Search,Enterprise,10,3,2,2,0,0,,0,85.55,0
U04491,2025-05-05,Business,India,Paid Search,SMB,15,9,3,9,1,0,,249,94.07,2241
U04492,2025-04-08,Pro,US,Referral,Mid-Market,14,3,0,5,0,0,,79,48.75,869
U04493,2025-09-20,Free,UK,Paid Search,Startup,6,4,2,3,0,1,2026-04-28,0,117.6,0
U04494,2025-06-26,Pro,Canada,Paid Search,Startup,15,3,2,6,0,0,,79,122.4,790
U04495,2025-01-14,Business,US,Referral,SMB,21,8,1,8,1,0,,249,39.92,2988
U04496,2025-07-10,Pro,US,Partner,SMB,13,6,0,3,0,0,,79,54.18,948
U04497,2025-07-06,Free,US,Paid Search,Startup,8,6,3,3,0,1,2026-04-03,0,85.44,0
U04498,2025-02-22,Free,US,Partner,SMB,9,2,1,1,0,0,,0,80.56,0
U04499,2025-06-17,Business,Canada,Organic,SMB,19,10,1,3,0,0,,249,47.36,3237
U04500,2025-08-19,Pro,Germany,Content,SMB,11,8,2,11,1,0,,79,31.81,711
U04501,2025-07-06,Pro,Germany,Paid Search,Enterprise,9,8,2,3,0,1,2025-08-29,79,88.79,158
U04502,2025-07-03,Free,India,Paid Search,SMB,11,2,2,1,0,1,2026-03-22,0,81.22,0
U04503,2025-01-21,Pro,India,Referral,Startup,14,4,2,3,0,0,,79,50.72,1027
U04504,2025-04-07,Free,Canada,Content,SMB,11,2,3,1,0,1,2025-08-19,0,24.51,0
U04505,2025-06-30,Pro,India,Referral,Enterprise,11,3,1,4,1,0,,79,33.56,1106
U04506,2025-08-10,Free,Canada,Partner,Startup,14,4,2,3,0,1,2025-10-31,0,53.16,0
U04507,2025-07-04,Pro,India,Paid Search,SMB,13,8,1,4,1,0,,79,81.72,948
U04508,2025-05-16,Free,US,Partner,SMB,8,7,2,1,0,0,,0,72.17,0
U04509,2025-09-03,Free,India,Referral,Mid-Market,6,1,2,1,1,0,,0,35.94,0
U04510,2025-02-08,Pro,India,Organic,SMB,15,8,1,3,0,0,,79,10.45,869
U04511,2025-04-01,Free,UK,Paid Search,SMB,6,2,1,1,0,0,,0,81.47,0
U04512,2025-05-07,Free,Canada,Content,Startup,10,4,2,4,0,0,,0,46.86,0
U04513,2025-10-26,Free,India,Organic,SMB,9,3,1,4,0,0,,0,37.64,0
U04514,2025-02-05,Free,India,Referral,Startup,9,3,3,2,0,1,2025-07-26,0,31.43,0
U04515,2025-06-24,Pro,India,Partner,Startup,9,7,0,8,0,0,,79,77.35,711
U04516,2025-05-03,Pro,US,Partner,Mid-Market,9,8,4,3,0,0,,79,73.46,869
U04517,2025-03-04,Business,US,Paid Search,SMB,13,7,1,6,0,0,,249,90.61,2241
U04518,2025-03-17,Free,Canada,Content,Mid-Market,11,6,4,1,0,1,2025-12-27,0,29.39,0
U04519,2025-05-21,Pro,US,Content,Startup,12,6,5,5,1,1,2025-11-10,79,34.83,474
U04520,2025-01-22,Pro,US,Organic,Startup,10,6,1,2,1,0,,79,54.91,948
U04521,2025-06-24,Pro,Germany,Content,SMB,6,8,0,4,0,0,,79,38.25,869
U04522,2025-02-13,Pro,Germany,Paid Search,Startup,8,5,1,5,0,0,,79,74.63,711
U04523,2025-08-14,Free,US,Partner,SMB,3,4,0,2,0,0,,0,53.25,0
U04524,2025-01-31,Pro,UK,Referral,Startup,16,4,1,4,0,0,,79,39.38,1106
U04525,2025-02-23,Free,UK,Partner,Startup,8,1,1,1,0,1,2025-06-20,0,65.27,0
U04526,2025-08-12,Pro,US,Referral,Startup,13,5,0,5,0,0,,79,46.06,948
U04527,2025-08-02,Pro,India,Paid Search,SMB,5,7,1,8,1,0,,79,75.0,1027
U04528,2025-09-19,Business,UK,Partner,SMB,20,8,1,12,0,1,2026-06-02,249,79.39,2241
U04529,2025-03-12,Business,Germany,Referral,Enterprise,14,10,3,9,1,1,2025-07-25,249,33.26,996
U04530,2025-03-19,Free,India,Paid Search,Mid-Market,8,4,1,2,0,0,,0,98.31,0
U04531,2025-03-29,Pro,India,Content,Startup,12,7,1,5,0,0,,79,31.56,869
U04532,2025-05-05,Free,US,Paid Search,SMB,10,4,0,3,0,0,,0,116.02,0
U04533,2025-10-18,Free,Australia,Paid Search,Startup,10,5,0,2,0,1,2026-08-01,0,77.74,0
U04534,2025-09-27,Pro,UK,Organic,SMB,7,6,1,3,0,1,2026-05-09,79,45.17,553
U04535,2025-10-20,Free,India,Organic,SMB,12,4,1,1,0,1,2026-08-19,0,43.03,0
U04536,2025-04-12,Pro,India,Paid Search,Startup,15,7,0,5,1,0,,79,70.94,711
U04537,2025-10-19,Pro,US,Paid Search,Startup,14,10,1,8,0,1,2026-03-30,79,84.86,395
U04538,2025-07-07,Free,US,Organic,SMB,15,3,0,3,0,0,,0,38.58,0
U04539,2025-09-24,Free,India,Organic,Startup,14,1,4,1,0,1,2025-11-26,0,51.65,0
U04540,2025-08-05,Free,India,Paid Search,Mid-Market,6,5,0,4,0,1,2025-09-27,0,114.61,0
U04541,2025-08-27,Free,Germany,Content,SMB,11,3,2,2,0,0,,0,35.34,0
U04542,2025-06-29,Pro,US,Organic,Startup,9,5,3,6,1,0,,79,29.19,1027
U04543,2025-10-10,Free,India,Organic,Mid-Market,7,2,0,1,0,0,,0,38.84,0
U04544,2025-10-24,Business,UK,Partner,Mid-Market,11,7,0,6,1,0,,249,90.05,2241
U04545,2025-07-01,Free,US,Organic,SMB,7,2,6,3,0,1,2026-01-03,0,24.27,0
U04546,2025-01-19,Free,India,Partner,SMB,9,4,1,3,1,0,,0,72.88,0
U04547,2025-04-13,Pro,US,Content,Startup,14,3,1,3,0,0,,79,28.46,1106
U04548,2025-02-02,Free,Australia,Organic,SMB,9,3,1,1,0,0,,0,32.86,0
U04549,2025-10-17,Free,US,Referral,Mid-Market,10,5,7,3,1,1,2026-07-22,0,42.31,0
U04550,2025-10-23,Free,Germany,Content,SMB,10,4,0,2,0,0,,0,26.54,0
U04551,2025-02-03,Pro,US,Paid Search,Mid-Market,12,8,3,7,0,0,,79,113.11,869
U04552,2025-06-19,Free,India,Content,Startup,6,3,0,7,0,0,,0,28.36,0
U04553,2025-06-29,Pro,India,Paid Search,Mid-Market,7,8,2,4,1,0,,79,94.39,790
U04554,2025-04-22,Free,US,Referral,Mid-Market,12,6,4,4,1,0,,0,44.48,0
U04555,2025-05-19,Free,India,Organic,SMB,8,3,0,3,0,0,,0,47.58,0
U04556,2025-10-10,Pro,UK,Organic,Enterprise,14,8,0,4,1,0,,79,26.4,948
U04557,2025-02-23,Pro,UK,Content,Startup,14,7,0,3,1,0,,79,51.52,1106
U04558,2025-09-30,Pro,Canada,Organic,Mid-Market,14,7,1,2,1,1,2026-07-08,79,30.14,711
U04559,2025-05-14,Free,Germany,Organic,Enterprise,11,2,0,3,1,0,,0,32.39,0
U04560,2025-09-22,Free,US,Partner,Mid-Market,12,4,3,1,0,1,2026-05-22,0,64.77,0
U04561,2025-10-04,Free,UK,Paid Search,Mid-Market,6,5,2,5,0,0,,0,60.5,0
U04562,2025-01-09,Free,US,Content,Startup,11,2,2,1,0,1,2025-02-26,0,41.93,0
U04563,2025-04-26,Business,US,Organic,Mid-Market,20,6,1,5,1,0,,249,34.22,2490
U04564,2025-05-03,Free,US,Partner,SMB,9,2,0,2,0,0,,0,57.51,0
U04565,2025-03-28,Business,US,Partner,Mid-Market,11,7,0,7,0,0,,249,64.13,2490
U04566,2025-09-07,Free,India,Paid Search,Mid-Market,10,4,2,5,0,0,,0,97.15,0
U04567,2025-03-10,Free,US,Paid Search,Enterprise,6,4,0,3,0,0,,0,99.56,0
U04568,2025-05-07,Free,Germany,Organic,Mid-Market,9,3,1,2,0,1,2026-02-02,0,43.57,0
U04569,2025-07-30,Free,Australia,Partner,SMB,7,1,2,2,0,0,,0,73.73,0
U04570,2025-07-27,Business,UK,Organic,SMB,15,9,1,6,0,0,,249,38.84,2241
U04571,2025-01-16,Pro,India,Content,SMB,11,5,1,5,0,0,,79,38.39,948
U04572,2025-09-04,Free,US,Paid Search,SMB,6,5,1,1,0,1,2026-01-29,0,96.18,0
U04573,2025-10-20,Business,India,Organic,SMB,7,8,0,5,1,0,,249,35.63,2739
U04574,2025-07-22,Pro,Australia,Organic,Startup,9,7,0,2,1,0,,79,35.45,632
U04575,2025-06-18,Pro,US,Referral,Startup,13,5,2,4,0,0,,79,23.96,948
U04576,2025-03-26,Free,UK,Paid Search,Mid-Market,8,2,2,2,0,1,2025-11-11,0,105.22,0
U04577,2025-01-15,Free,US,Content,SMB,8,1,0,2,0,0,,0,33.19,0
U04578,2025-08-04,Business,Germany,Referral,Mid-Market,9,9,2,7,0,0,,249,20.25,2490
U04579,2025-03-14,Free,India,Content,Enterprise,8,4,1,2,0,0,,0,41.65,0
U04580,2025-10-10,Free,India,Organic,SMB,11,2,1,1,0,1,2026-08-27,0,29.71,0
U04581,2025-05-29,Free,US,Paid Search,Startup,7,2,3,2,0,0,,0,120.87,0
U04582,2025-05-09,Business,US,Referral,Startup,15,8,1,6,1,0,,249,13.21,3486
U04583,2025-03-03,Free,Canada,Organic,Mid-Market,3,6,2,2,0,1,2025-05-31,0,53.53,0
U04584,2025-04-03,Free,US,Organic,SMB,4,2,1,1,0,0,,0,40.65,0
U04585,2025-10-20,Pro,India,Organic,Startup,11,9,1,6,1,0,,79,22.16,790
U04586,2025-07-12,Free,Canada,Organic,SMB,6,2,0,4,0,1,2025-11-01,0,41.15,0
U04587,2025-06-09,Free,Germany,Organic,Enterprise,8,6,0,1,0,0,,0,34.51,0
U04588,2025-03-14,Business,Canada,Organic,Startup,14,8,1,9,1,0,,249,37.98,2739
U04589,2025-04-24,Pro,India,Referral,SMB,13,5,1,2,0,0,,79,40.5,790
U04590,2025-04-11,Free,India,Paid Search,Startup,12,3,1,4,0,0,,0,101.56,0
U04591,2025-08-28,Pro,India,Referral,SMB,12,6,0,7,0,0,,79,41.0,1027
U04592,2025-04-22,Free,India,Paid Search,SMB,7,4,0,1,0,0,,0,83.99,0
U04593,2025-05-24,Free,US,Partner,Enterprise,10,3,2,5,0,0,,0,81.87,0
U04594,2025-09-09,Pro,US,Organic,Startup,15,8,0,7,0,1,2025-12-11,79,23.05,237
U04595,2025-03-16,Free,UK,Organic,SMB,11,2,2,2,1,0,,0,19.41,0
U04596,2025-08-12,Business,India,Referral,SMB,12,7,1,10,1,1,2025-11-30,249,38.16,996
U04597,2025-03-12,Pro,Canada,Organic,SMB,14,7,1,8,1,1,2025-11-06,79,29.21,632
U04598,2025-09-15,Free,UK,Referral,SMB,9,5,0,3,0,0,,0,31.98,0
U04599,2025-04-12,Free,Germany,Content,Enterprise,4,4,2,2,1,0,,0,60.72,0
U04600,2025-01-02,Pro,US,Organic,SMB,19,5,1,2,0,0,,79,51.59,1106
U04601,2025-05-16,Pro,India,Partner,SMB,11,3,0,2,1,0,,79,56.38,711
U04602,2025-02-24,Pro,US,Paid Search,Startup,17,9,2,7,0,0,,79,74.17,1027
U04603,2025-05-20,Pro,Canada,Content,SMB,17,7,0,5,1,1,2026-01-28,79,25.14,632
U04604,2025-10-01,Pro,India,Paid Search,Startup,16,6,2,3,1,0,,79,74.67,948
U04605,2025-04-29,Free,India,Paid Search,SMB,10,1,0,2,0,0,,0,115.0,0
U04606,2025-06-29,Free,India,Paid Search,Startup,4,2,0,3,0,0,,0,74.58,0
U04607,2025-04-26,Free,Germany,Paid Search,Mid-Market,10,1,1,3,0,0,,0,104.56,0
U04608,2025-10-11,Business,UK,Paid Search,Mid-Market,16,5,1,6,1,0,,249,67.45,3486
U04609,2025-05-21,Free,UK,Organic,Mid-Market,13,1,1,3,0,0,,0,54.31,0
U04610,2025-04-27,Pro,US,Paid Search,SMB,13,7,1,4,1,0,,79,87.13,1106
U04611,2025-03-21,Free,UK,Referral,Enterprise,9,1,0,1,1,0,,0,21.2,0
U04612,2025-03-02,Pro,UK,Paid Search,Startup,15,5,1,4,0,1,2025-12-20,79,80.96,790
U04613,2025-05-24,Free,UK,Content,Startup,7,4,2,4,0,0,,0,25.27,0
U04614,2025-07-13,Business,India,Partner,Startup,11,10,2,7,1,0,,249,54.66,2988
U04615,2025-09-13,Business,India,Referral,Startup,16,10,2,7,1,0,,249,48.62,2490
U04616,2025-03-04,Free,India,Organic,Startup,12,5,3,2,1,0,,0,36.13,0
U04617,2025-03-06,Free,India,Organic,Mid-Market,4,4,2,1,0,1,2025-05-06,0,39.54,0
U04618,2025-03-26,Free,India,Paid Search,Startup,6,6,1,2,0,0,,0,73.99,0
U04619,2025-05-29,Pro,Germany,Partner,SMB,15,3,0,5,0,0,,79,93.52,948
U04620,2025-05-04,Free,India,Partner,SMB,7,6,1,3,0,1,2025-07-28,0,82.26,0
U04621,2025-02-15,Free,Germany,Referral,Enterprise,12,4,1,2,0,1,2025-08-13,0,29.82,0
U04622,2025-08-15,Pro,US,Organic,Mid-Market,15,5,1,9,1,0,,79,36.61,1106
U04623,2025-06-20,Pro,India,Partner,Startup,18,4,1,2,0,0,,79,82.64,869
U04624,2025-06-12,Pro,India,Partner,SMB,11,5,0,3,0,0,,79,66.04,869
U04625,2025-01-16,Pro,US,Content,Enterprise,20,7,1,5,0,0,,79,22.13,948
U04626,2025-06-19,Pro,Canada,Organic,SMB,7,6,0,4,1,0,,79,32.18,948
U04627,2025-06-26,Free,Germany,Partner,Startup,6,2,5,3,0,1,2026-05-12,0,68.91,0
U04628,2025-05-27,Pro,India,Organic,Mid-Market,13,9,0,4,0,0,,79,15.93,869
U04629,2025-03-25,Pro,India,Paid Search,Startup,14,4,5,8,1,0,,79,129.91,1106
U04630,2025-10-12,Free,India,Referral,Mid-Market,8,2,3,1,0,1,2026-04-02,0,36.15,0
U04631,2025-07-20,Pro,UK,Paid Search,SMB,15,5,0,7,0,0,,79,126.87,1027
U04632,2025-10-27,Pro,US,Organic,Mid-Market,16,6,1,8,0,0,,79,47.84,1027
U04633,2025-07-22,Free,Canada,Referral,Startup,10,3,1,3,0,0,,0,25.8,0
U04634,2025-05-31,Pro,US,Paid Search,Startup,11,9,1,2,0,0,,79,68.58,869
U04635,2025-03-05,Pro,US,Organic,Enterprise,15,11,1,5,1,0,,79,31.19,1027
U04636,2025-06-11,Pro,US,Referral,Startup,13,8,1,5,0,0,,79,24.4,790
U04637,2025-06-28,Free,India,Organic,Mid-Market,7,3,2,4,0,1,2025-10-21,0,29.49,0
U04638,2025-01-03,Free,US,Paid Search,SMB,11,3,3,1,0,1,2025-08-11,0,75.56,0
U04639,2025-05-25,Free,UK,Paid Search,Mid-Market,3,5,3,2,0,0,,0,101.7,0
U04640,2025-08-17,Free,US,Content,SMB,9,2,0,4,0,0,,0,33.55,0
U04641,2025-02-28,Free,India,Content,SMB,7,5,0,1,0,1,2025-10-29,0,47.45,0
U04642,2025-07-30,Business,US,Organic,SMB,8,6,1,4,0,1,2026-02-21,249,36.61,1743
U04643,2025-10-09,Free,Canada,Organic,SMB,5,5,1,3,0,0,,0,22.82,0
U04644,2025-01-24,Free,India,Content,Startup,6,5,1,1,0,0,,0,37.21,0
U04645,2025-09-28,Pro,Germany,Organic,SMB,10,5,0,7,1,1,2025-12-26,79,22.08,237
U04646,2025-02-09,Pro,Canada,Organic,Startup,11,5,2,6,0,0,,79,56.59,711
U04647,2025-04-25,Free,Australia,Organic,SMB,7,2,2,1,0,1,2026-02-13,0,27.86,0
U04648,2025-01-18,Business,US,Partner,SMB,18,7,2,7,0,0,,249,79.89,2241
U04649,2025-09-04,Free,India,Referral,Startup,11,6,2,4,0,1,2026-07-24,0,20.79,0
U04650,2025-05-09,Free,India,Content,Startup,6,5,2,2,0,0,,0,48.76,0
U04651,2025-05-29,Business,Germany,Paid Search,Mid-Market,20,9,1,9,0,0,,249,108.6,3237
U04652,2025-06-20,Pro,US,Paid Search,Startup,9,6,0,5,0,0,,79,93.17,790
U04653,2025-06-20,Pro,Australia,Organic,Startup,8,7,2,6,0,0,,79,34.5,790
U04654,2025-01-24,Free,UK,Organic,Startup,9,4,0,5,0,0,,0,26.39,0
U04655,2025-02-12,Business,Canada,Content,Startup,16,9,0,4,0,0,,249,46.39,2739
U04656,2025-10-13,Free,UK,Content,SMB,5,1,0,3,0,1,2026-04-29,0,24.41,0
U04657,2025-06-23,Pro,Canada,Partner,Mid-Market,9,5,2,8,0,1,2025-11-20,79,107.52,395
U04658,2025-01-16,Free,UK,Organic,Mid-Market,7,3,1,6,0,0,,0,37.73,0
U04659,2025-02-19,Free,US,Partner,Mid-Market,6,2,1,3,1,0,,0,42.59,0
U04660,2025-02-16,Free,UK,Content,Startup,16,4,1,4,0,0,,0,48.95,0
U04661,2025-03-02,Free,Canada,Organic,SMB,12,5,0,1,0,0,,0,50.23,0
U04662,2025-08-25,Pro,India,Content,Startup,15,9,0,5,0,1,2026-02-10,79,35.84,474
U04663,2025-02-14,Free,Australia,Content,SMB,7,2,1,1,0,0,,0,39.27,0
U04664,2025-07-16,Pro,US,Organic,SMB,13,3,2,6,1,1,2025-12-04,79,38.86,395
U04665,2025-07-25,Business,India,Paid Search,SMB,18,11,0,7,0,0,,249,68.7,2241
U04666,2025-09-12,Pro,US,Organic,SMB,10,2,0,8,1,0,,79,47.73,711
U04667,2025-07-25,Free,US,Paid Search,Mid-Market,10,1,4,2,0,1,2026-04-03,0,111.95,0
U04668,2025-09-30,Free,Australia,Content,Enterprise,8,3,2,2,0,0,,0,26.88,0
U04669,2025-02-23,Free,UK,Organic,Enterprise,13,2,1,1,0,0,,0,28.27,0
U04670,2025-10-23,Pro,India,Content,SMB,12,6,2,6,0,1,2026-01-27,79,37.3,237
U04671,2025-05-14,Pro,Germany,Organic,SMB,15,4,1,4,0,0,,79,38.38,632
U04672,2025-07-02,Free,UK,Organic,Startup,10,4,2,1,0,0,,0,41.19,0
U04673,2025-04-27,Free,India,Content,SMB,7,4,2,4,0,0,,0,26.27,0
U04674,2025-06-22,Free,Canada,Content,SMB,9,4,1,2,0,1,2025-08-05,0,41.91,0
U04675,2025-06-26,Pro,India,Organic,Startup,12,6,3,6,0,0,,79,31.34,948
U04676,2025-01-05,Free,Canada,Content,SMB,7,4,3,2,0,0,,0,38.48,0
U04677,2025-02-17,Free,India,Paid Search,SMB,9,1,2,1,0,1,2025-05-18,0,141.69,0
U04678,2025-05-23,Free,UK,Paid Search,Startup,10,4,1,2,0,0,,0,111.26,0
U04679,2025-09-29,Pro,US,Content,Startup,9,4,3,6,1,0,,79,30.61,1027
U04680,2025-03-26,Free,UK,Organic,Startup,8,4,1,1,0,0,,0,34.59,0
U04681,2025-02-13,Business,India,Content,SMB,13,7,2,11,0,0,,249,39.81,2241
U04682,2025-01-19,Free,India,Referral,Startup,10,3,1,2,0,1,2025-04-12,0,35.61,0
U04683,2025-10-19,Pro,India,Content,Mid-Market,10,6,3,2,0,0,,79,29.16,948
U04684,2025-07-06,Pro,US,Partner,Mid-Market,11,6,0,5,0,0,,79,63.18,711
U04685,2025-08-02,Pro,Canada,Referral,SMB,11,5,0,9,0,0,,79,20.29,1027
U04686,2025-01-14,Business,Germany,Partner,Startup,15,9,0,8,1,0,,249,85.15,2241
U04687,2025-05-21,Pro,UK,Organic,Startup,14,8,2,4,0,1,2026-01-29,79,25.36,632
U04688,2025-07-09,Pro,UK,Content,SMB,12,4,4,4,0,0,,79,33.24,711
U04689,2025-10-19,Free,Australia,Partner,SMB,10,5,0,6,0,1,2026-05-21,0,74.64,0
U04690,2025-10-16,Free,US,Paid Search,SMB,12,2,0,1,0,1,2025-12-01,0,73.3,0
U04691,2025-10-04,Free,Germany,Organic,Startup,11,5,1,2,0,1,2026-07-23,0,38.57,0
U04692,2025-05-06,Business,India,Paid Search,Mid-Market,15,7,1,7,1,0,,249,86.86,2241
U04693,2025-05-10,Pro,India,Organic,SMB,15,6,1,7,0,0,,79,35.68,711
U04694,2025-07-16,Free,Germany,Paid Search,SMB,9,5,2,1,0,1,2026-01-10,0,67.34,0
U04695,2025-10-26,Pro,Germany,Organic,SMB,19,6,0,6,1,0,,79,35.74,1027
U04696,2025-01-03,Free,UK,Content,SMB,7,3,1,1,0,1,2025-05-04,0,24.16,0
U04697,2025-05-02,Free,India,Referral,Mid-Market,7,4,1,2,0,0,,0,37.27,0
U04698,2025-04-17,Pro,India,Organic,Startup,8,10,2,2,1,0,,79,52.75,1106
U04699,2025-10-03,Pro,India,Partner,Startup,10,7,0,4,0,0,,79,40.92,790
U04700,2025-02-03,Free,US,Referral,Startup,7,6,3,2,0,0,,0,31.07,0
U04701,2025-03-10,Free,US,Partner,Mid-Market,6,1,0,1,0,1,2026-01-12,0,79.99,0
U04702,2025-03-18,Free,India,Content,SMB,8,1,1,2,0,1,2025-11-11,0,32.17,0
U04703,2025-02-05,Free,India,Organic,Startup,5,4,0,2,0,0,,0,34.98,0
U04704,2025-01-08,Free,UK,Partner,Startup,17,3,3,2,0,1,2025-03-05,0,84.21,0
U04705,2025-05-21,Free,India,Paid Search,Startup,6,4,1,2,0,1,2026-02-06,0,109.25,0
U04706,2025-05-28,Free,India,Paid Search,Startup,9,3,3,1,0,0,,0,115.91,0
U04707,2025-01-06,Pro,India,Organic,Startup,15,6,0,5,0,0,,79,33.42,711
U04708,2025-08-22,Free,India,Organic,Startup,6,1,0,4,0,1,2026-03-14,0,44.92,0
U04709,2025-04-01,Free,Germany,Organic,Mid-Market,9,6,2,3,0,0,,0,29.3,0
U04710,2025-08-08,Pro,US,Referral,Startup,13,8,1,2,0,0,,79,44.26,790
U04711,2025-09-27,Business,US,Referral,Mid-Market,13,10,2,11,0,0,,249,45.78,2490
U04712,2025-10-23,Business,Australia,Partner,Mid-Market,23,8,0,7,1,0,,249,75.26,3486
U04713,2025-07-30,Free,Canada,Referral,Startup,8,1,0,2,0,1,2026-01-04,0,34.92,0
U04714,2025-09-28,Pro,Australia,Referral,Mid-Market,15,7,0,2,0,0,,79,37.26,1027
U04715,2025-05-22,Free,UK,Content,Startup,7,3,1,4,0,1,2025-10-21,0,33.11,0
U04716,2025-08-01,Business,Canada,Organic,SMB,14,11,0,8,0,0,,249,50.84,2490
U04717,2025-08-30,Free,India,Paid Search,SMB,12,6,1,1,0,0,,0,80.17,0
U04718,2025-08-17,Business,India,Referral,Startup,10,10,2,5,0,0,,249,9.21,2241
U04719,2025-06-11,Pro,Australia,Partner,SMB,26,4,1,6,0,0,,79,92.17,948
U04720,2025-06-24,Pro,US,Organic,Startup,14,4,1,5,1,0,,79,38.5,948
U04721,2025-08-14,Pro,Germany,Organic,Mid-Market,12,10,0,2,1,0,,79,35.44,711
U04722,2025-01-06,Free,Germany,Organic,Startup,10,4,0,4,0,0,,0,37.63,0
U04723,2025-10-27,Free,India,Paid Search,Mid-Market,9,2,0,1,0,1,2026-08-30,0,111.49,0
U04724,2025-08-18,Pro,US,Organic,Startup,18,7,1,3,1,1,2026-07-08,79,32.4,869
U04725,2025-10-10,Pro,India,Paid Search,Enterprise,18,3,0,3,0,0,,79,114.7,1106
U04726,2025-07-04,Pro,US,Content,Mid-Market,19,10,3,3,0,0,,79,39.68,790
U04727,2025-07-06,Free,India,Partner,Startup,10,5,3,1,0,1,2025-09-02,0,50.77,0
U04728,2025-10-07,Business,India,Referral,Startup,15,10,0,5,1,1,2026-07-23,249,34.57,2490
U04729,2025-05-12,Pro,US,Content,Mid-Market,11,7,2,4,0,0,,79,38.4,711
U04730,2025-02-25,Free,US,Organic,SMB,13,3,1,6,0,0,,0,28.15,0
U04731,2025-05-18,Pro,UK,Content,Mid-Market,14,7,0,6,1,0,,79,42.3,1106
U04732,2025-10-07,Free,US,Paid Search,Startup,11,1,1,4,0,0,,0,106.54,0
U04733,2025-03-15,Free,India,Partner,SMB,8,3,1,3,0,1,2025-04-28,0,88.58,0
U04734,2025-02-18,Pro,US,Referral,SMB,7,8,2,10,0,0,,79,51.59,1027
U04735,2025-06-20,Free,India,Content,SMB,13,1,0,2,0,0,,0,47.04,0
U04736,2025-01-20,Pro,US,Referral,Enterprise,12,7,2,3,1,0,,79,39.57,711
U04737,2025-07-05,Free,India,Content,Startup,10,6,2,2,0,0,,0,36.26,0
U04738,2025-07-09,Free,US,Referral,SMB,12,3,0,2,0,0,,0,17.26,0
U04739,2025-04-17,Business,Canada,Partner,Mid-Market,10,7,1,9,0,0,,249,69.97,2988
U04740,2025-04-08,Pro,India,Organic,SMB,15,5,0,5,0,0,,79,37.31,632
U04741,2025-03-01,Free,India,Paid Search,Startup,8,1,0,1,0,1,2025-11-28,0,114.81,0
U04742,2025-06-09,Free,India,Paid Search,SMB,6,4,1,3,0,0,,0,113.2,0
U04743,2025-01-05,Free,India,Paid Search,SMB,5,4,4,2,0,0,,0,94.94,0
U04744,2025-04-24,Business,US,Organic,SMB,13,6,1,5,0,0,,249,20.34,3237
U04745,2025-01-30,Pro,US,Paid Search,Startup,9,6,0,3,0,1,2025-06-07,79,130.19,316
U04746,2025-02-24,Free,India,Organic,SMB,8,3,1,1,0,0,,0,45.14,0
U04747,2025-03-15,Free,UK,Paid Search,Mid-Market,7,3,2,2,0,0,,0,116.28,0
U04748,2025-09-15,Pro,India,Paid Search,Startup,10,8,3,2,1,0,,79,83.22,1106
U04749,2025-05-13,Free,Australia,Organic,SMB,6,1,3,1,1,0,,0,15.09,0
U04750,2025-08-29,Business,Germany,Paid Search,Startup,16,11,0,7,0,0,,249,95.94,2490
U04751,2025-09-09,Pro,India,Partner,Startup,11,8,4,4,1,0,,79,81.19,1027
U04752,2025-03-27,Pro,UK,Organic,Startup,12,6,0,5,1,0,,79,56.16,711
U04753,2025-02-13,Pro,Germany,Content,SMB,11,6,1,3,0,1,2025-09-26,79,33.16,632
U04754,2025-04-11,Pro,Germany,Paid Search,Startup,17,6,0,4,0,1,2025-12-12,79,60.72,632
U04755,2025-07-17,Pro,US,Paid Search,SMB,17,6,1,4,1,0,,79,75.21,790
U04756,2025-08-18,Pro,India,Referral,Startup,12,8,5,3,0,1,2026-03-23,79,46.49,553
U04757,2025-08-29,Free,India,Paid Search,Startup,11,2,1,2,0,1,2026-05-20,0,74.12,0
U04758,2025-05-17,Business,Canada,Partner,Startup,12,10,1,8,0,1,2026-02-09,249,59.19,2241
U04759,2025-05-06,Free,US,Organic,Startup,5,4,1,1,0,1,2025-10-25,0,30.92,0
U04760,2025-07-30,Pro,US,Paid Search,SMB,8,1,0,7,0,0,,79,85.67,790
U04761,2025-08-02,Free,US,Organic,Enterprise,9,3,0,3,0,0,,0,44.68,0
U04762,2025-10-03,Free,US,Paid Search,Startup,11,1,3,3,0,0,,0,130.05,0
U04763,2025-08-06,Free,Australia,Paid Search,SMB,13,5,0,5,0,0,,0,81.84,0
U04764,2025-09-09,Pro,India,Content,SMB,8,6,4,3,0,0,,79,37.57,948
U04765,2025-05-26,Free,UK,Content,Enterprise,7,1,0,5,0,1,2025-10-28,0,37.6,0
U04766,2025-06-29,Free,India,Paid Search,SMB,9,2,2,3,0,1,2026-05-14,0,98.44,0
U04767,2025-03-09,Free,US,Referral,Startup,9,3,2,5,0,1,2025-06-19,0,43.14,0
U04768,2025-08-25,Free,US,Organic,SMB,9,7,1,5,1,1,2025-11-30,0,26.05,0
U04769,2025-07-16,Pro,India,Organic,Startup,9,9,1,2,0,0,,79,44.19,790
U04770,2025-02-25,Pro,US,Content,Mid-Market,19,4,1,2,1,0,,79,37.93,711
U04771,2025-05-08,Business,Canada,Organic,SMB,10,10,1,6,1,0,,249,45.92,2241
U04772,2025-09-10,Free,Germany,Referral,SMB,6,5,0,1,0,0,,0,39.19,0
U04773,2025-07-30,Pro,UK,Partner,Startup,11,5,2,3,1,0,,79,49.85,790
U04774,2025-03-16,Free,Canada,Organic,SMB,9,5,0,7,0,1,2025-12-30,0,34.6,0
U04775,2025-09-07,Free,US,Paid Search,Mid-Market,5,4,2,1,0,0,,0,84.95,0
U04776,2025-05-07,Free,India,Partner,SMB,11,6,1,3,0,0,,0,98.74,0
U04777,2025-07-13,Pro,US,Organic,Startup,12,5,0,6,1,0,,79,29.33,948
U04778,2025-07-02,Pro,US,Referral,Mid-Market,7,4,0,4,0,1,2026-01-16,79,35.56,553
U04779,2025-02-23,Free,India,Paid Search,SMB,4,5,3,2,0,0,,0,110.24,0
U04780,2025-04-08,Free,India,Content,Startup,11,3,3,4,0,0,,0,52.68,0
U04781,2025-10-01,Business,Australia,Content,SMB,25,8,0,8,0,1,2026-01-27,249,34.61,996
U04782,2025-09-06,Free,US,Referral,Mid-Market,7,1,0,2,0,0,,0,41.93,0
U04783,2025-01-30,Free,UK,Content,Startup,8,5,3,3,0,0,,0,37.83,0
U04784,2025-06-28,Free,US,Partner,Startup,8,1,3,2,0,1,2025-11-22,0,71.05,0
U04785,2025-08-15,Free,US,Content,Mid-Market,14,3,4,2,0,1,2026-06-20,0,31.85,0
U04786,2025-10-12,Free,US,Partner,Mid-Market,9,1,2,2,0,0,,0,66.56,0
U04787,2025-06-07,Free,India,Paid Search,SMB,7,3,1,2,0,1,2026-04-14,0,63.16,0
U04788,2025-03-25,Pro,Germany,Organic,Startup,10,4,2,3,0,0,,79,40.88,1027
U04789,2025-09-11,Free,UK,Partner,SMB,11,3,1,3,0,1,2026-04-16,0,85.31,0
U04790,2025-07-30,Free,India,Content,Mid-Market,6,3,0,2,0,1,2025-10-28,0,41.22,0
U04791,2025-10-05,Free,Australia,Paid Search,Startup,12,7,0,1,0,1,2026-04-25,0,55.34,0
U04792,2025-02-16,Free,UK,Organic,Enterprise,12,5,2,3,0,1,2025-06-20,0,33.29,0
U04793,2025-05-17,Free,UK,Organic,Startup,11,4,3,3,0,0,,0,35.43,0
U04794,2025-02-21,Free,US,Organic,Startup,6,1,1,1,0,1,2025-04-25,0,44.12,0
U04795,2025-01-21,Free,Australia,Organic,Startup,8,2,1,3,0,0,,0,37.43,0
U04796,2025-06-04,Free,US,Organic,Mid-Market,15,9,2,4,0,0,,0,37.74,0
U04797,2025-07-26,Pro,US,Partner,Startup,11,7,2,2,1,0,,79,53.96,948
U04798,2025-09-28,Free,UK,Paid Search,Startup,10,4,1,3,0,1,2025-12-23,0,95.27,0
U04799,2025-05-20,Free,Australia,Paid Search,SMB,6,4,1,3,0,0,,0,105.45,0
U04800,2025-05-22,Pro,UK,Referral,SMB,7,6,1,6,0,0,,79,20.19,948
U04801,2025-06-15,Pro,Germany,Organic,SMB,9,9,1,8,1,0,,79,23.92,869
U04802,2025-06-17,Pro,UK,Organic,SMB,14,8,0,7,0,1,2026-02-25,79,27.01,632
U04803,2025-04-04,Business,Australia,Organic,Startup,14,9,0,11,1,0,,249,13.46,2241
U04804,2025-10-13,Business,India,Partner,Startup,10,9,3,12,1,1,2026-05-07,249,62.61,1743
U04805,2025-09-05,Free,India,Organic,SMB,11,5,1,3,0,0,,0,41.22,0
U04806,2025-03-03,Business,India,Referral,Enterprise,14,11,1,11,1,0,,249,30.67,2490
U04807,2025-10-17,Pro,India,Organic,SMB,15,7,1,4,0,0,,79,41.06,1106
U04808,2025-09-10,Free,India,Paid Search,SMB,11,1,0,2,0,0,,0,83.35,0
U04809,2025-07-14,Pro,Australia,Referral,SMB,13,4,2,2,1,0,,79,38.4,1027
U04810,2025-08-18,Pro,India,Organic,Startup,9,10,0,4,0,1,2026-05-27,79,51.51,711
U04811,2025-08-02,Free,Canada,Referral,SMB,9,1,0,3,0,0,,0,32.66,0
U04812,2025-07-19,Free,India,Content,SMB,5,4,2,2,0,0,,0,11.51,0
U04813,2025-06-14,Business,Australia,Organic,Startup,10,11,1,10,0,0,,249,24.99,2490
U04814,2025-04-24,Free,US,Referral,Startup,8,5,0,1,0,0,,0,44.92,0
U04815,2025-01-24,Pro,India,Content,SMB,10,5,2,7,0,0,,79,39.07,869
U04816,2025-09-17,Free,US,Content,Startup,12,6,3,1,0,0,,0,37.97,0
U04817,2025-05-03,Business,US,Organic,Enterprise,11,7,0,7,1,1,2025-12-10,249,35.45,1743
U04818,2025-10-18,Free,US,Content,SMB,9,1,0,2,1,1,2026-05-27,0,44.47,0
U04819,2025-10-08,Business,India,Paid Search,SMB,9,7,2,9,1,0,,249,91.9,1992
U04820,2025-04-26,Free,Canada,Organic,SMB,6,6,1,1,0,1,2025-11-26,0,30.45,0
U04821,2025-08-31,Free,Canada,Partner,SMB,8,6,2,3,0,1,2026-06-19,0,77.38,0
U04822,2025-05-06,Business,India,Partner,SMB,15,10,1,9,1,0,,249,60.74,2241
U04823,2025-05-23,Pro,India,Content,Mid-Market,8,7,0,4,0,0,,79,32.26,869
U04824,2025-08-09,Pro,US,Content,Mid-Market,13,3,1,4,1,0,,79,48.28,948
U04825,2025-10-07,Pro,India,Referral,Startup,8,7,2,4,0,0,,79,37.15,711
U04826,2025-06-07,Free,India,Organic,SMB,11,7,0,3,0,0,,0,24.43,0
U04827,2025-09-12,Free,US,Partner,SMB,12,1,2,3,0,1,2025-12-28,0,92.0,0
U04828,2025-03-03,Free,India,Referral,Startup,8,3,1,3,0,1,2025-05-13,0,47.91,0
U04829,2025-04-14,Business,Canada,Partner,Startup,10,12,0,10,1,0,,249,71.06,2739
U04830,2025-09-25,Pro,UK,Partner,SMB,12,8,2,5,0,0,,79,89.13,790
U04831,2025-10-11,Free,UK,Partner,Mid-Market,10,7,3,2,1,0,,0,62.49,0
U04832,2025-07-22,Free,Germany,Content,Startup,15,5,2,3,0,1,2025-10-11,0,37.06,0
U04833,2025-03-18,Free,India,Content,Mid-Market,11,3,3,2,0,1,2025-07-02,0,31.57,0
U04834,2025-05-13,Free,Germany,Organic,Startup,10,1,2,2,0,1,2025-12-25,0,42.4,0
U04835,2025-06-09,Free,Australia,Organic,Startup,8,4,1,2,0,0,,0,26.8,0
U04836,2025-05-04,Free,Canada,Organic,Mid-Market,7,4,2,1,0,1,2026-02-13,0,32.49,0
U04837,2025-06-15,Free,UK,Organic,Startup,10,3,0,5,0,0,,0,23.54,0
U04838,2025-07-09,Free,US,Paid Search,Startup,11,2,2,1,0,1,2025-11-07,0,75.6,0
U04839,2025-02-20,Pro,India,Referral,Startup,11,5,1,2,1,0,,79,40.38,869
U04840,2025-04-03,Free,India,Content,SMB,11,7,2,2,0,1,2025-09-28,0,31.21,0
U04841,2025-08-17,Free,UK,Content,Startup,11,4,1,2,0,0,,0,42.62,0
U04842,2025-07-05,Pro,India,Referral,Startup,12,7,1,3,0,0,,79,40.65,1027
U04843,2025-02-01,Pro,India,Organic,Startup,9,9,0,5,0,0,,79,24.36,948
U04844,2025-02-05,Free,US,Referral,Mid-Market,9,4,2,2,0,0,,0,40.04,0
U04845,2025-06-09,Pro,US,Organic,Startup,13,5,3,4,0,0,,79,36.01,790
U04846,2025-04-28,Pro,India,Referral,Mid-Market,12,5,1,2,1,0,,79,46.14,1027
U04847,2025-04-10,Pro,US,Paid Search,Mid-Market,8,8,1,5,0,0,,79,89.89,711
U04848,2025-08-31,Pro,India,Partner,SMB,23,6,0,4,0,0,,79,89.34,711
U04849,2025-07-24,Free,Canada,Organic,SMB,7,1,1,3,0,0,,0,21.8,0
U04850,2025-02-11,Business,India,Referral,SMB,15,8,0,10,0,0,,249,40.95,3237
U04851,2025-01-09,Free,Canada,Organic,Mid-Market,9,1,1,3,0,0,,0,33.36,0
U04852,2025-07-30,Pro,UK,Paid Search,SMB,10,9,2,9,0,1,2025-09-12,79,115.76,79
U04853,2025-08-30,Business,US,Referral,Startup,13,7,3,8,1,1,2026-07-04,249,38.0,2490
U04854,2025-08-03,Free,Germany,Content,SMB,13,1,3,1,0,0,,0,48.79,0
U04855,2025-08-10,Free,US,Partner,SMB,8,2,2,3,0,0,,0,80.8,0
U04856,2025-08-11,Pro,India,Referral,Startup,11,6,0,3,0,0,,79,48.08,869
U04857,2025-05-31,Free,Germany,Content,SMB,6,3,4,5,1,0,,0,19.81,0
U04858,2025-01-10,Pro,US,Organic,Mid-Market,19,3,1,5,1,0,,79,28.98,711
U04859,2025-04-14,Free,India,Paid Search,Startup,4,3,3,3,0,0,,0,95.23,0
U04860,2025-09-05,Free,US,Content,Mid-Market,7,3,2,2,0,0,,0,18.96,0
U04861,2025-05-17,Free,India,Paid Search,SMB,8,3,0,1,0,1,2025-09-22,0,110.4,0
U04862,2025-03-20,Business,India,Content,SMB,12,10,0,3,0,0,,249,40.72,1992
U04863,2025-07-13,Free,US,Organic,Mid-Market,6,3,3,5,0,1,2025-12-15,0,43.78,0
U04864,2025-02-22,Business,Germany,Organic,Startup,7,8,1,9,1,0,,249,35.66,2241
U04865,2025-02-15,Free,Germany,Organic,Startup,9,1,0,2,0,0,,0,40.94,0
U04866,2025-02-01,Business,India,Paid Search,SMB,16,7,0,3,0,0,,249,90.43,3486
U04867,2025-09-20,Free,India,Organic,SMB,16,5,0,2,0,0,,0,43.48,0
U04868,2025-06-29,Pro,UK,Content,SMB,9,7,0,4,1,0,,79,29.72,1106
U04869,2025-03-09,Pro,US,Organic,Mid-Market,17,8,3,1,0,0,,79,26.38,1027
U04870,2025-08-04,Free,India,Referral,Startup,8,4,0,4,0,0,,0,34.82,0
U04871,2025-01-23,Pro,Australia,Content,SMB,12,7,0,7,0,0,,79,31.48,869
U04872,2025-07-11,Business,India,Organic,Startup,17,14,0,6,0,1,2026-02-08,249,34.78,1743
U04873,2025-05-25,Pro,India,Content,Mid-Market,10,5,2,8,0,0,,79,13.65,948
U04874,2025-10-04,Business,US,Organic,Startup,12,7,1,7,1,0,,249,33.94,2988
U04875,2025-06-09,Free,Australia,Referral,SMB,7,3,4,2,0,1,2026-04-25,0,28.5,0
U04876,2025-04-26,Pro,India,Content,SMB,7,5,3,2,0,1,2026-03-20,79,25.43,869
U04877,2025-07-03,Pro,India,Referral,Startup,14,6,0,2,0,0,,79,53.2,790
U04878,2025-02-01,Pro,UK,Referral,Mid-Market,11,5,1,3,1,0,,79,41.12,948
U04879,2025-06-07,Pro,UK,Organic,Startup,10,7,0,2,1,0,,79,30.92,869
U04880,2025-03-29,Free,India,Content,SMB,10,1,2,3,0,1,2026-01-15,0,28.05,0
U04881,2025-03-18,Free,India,Partner,Mid-Market,7,1,2,8,0,1,2025-08-12,0,63.24,0
U04882,2025-03-01,Free,UK,Paid Search,SMB,9,1,2,3,0,0,,0,97.92,0
U04883,2025-05-19,Free,India,Organic,Startup,14,3,2,1,0,1,2025-09-25,0,34.46,0
U04884,2025-08-05,Free,US,Partner,SMB,9,1,1,3,1,0,,0,79.83,0
U04885,2025-03-01,Business,Australia,Paid Search,Startup,17,8,0,10,1,1,2025-09-30,249,73.12,1743
U04886,2025-08-21,Pro,US,Organic,Startup,9,4,0,8,0,1,2026-01-03,79,41.28,316
U04887,2025-07-01,Pro,US,Referral,Mid-Market,11,5,1,9,0,0,,79,28.26,1106
U04888,2025-05-25,Pro,UK,Content,Startup,8,7,2,5,0,0,,79,50.32,948
U04889,2025-09-23,Free,India,Content,SMB,8,3,1,1,0,1,2026-05-26,0,48.23,0
U04890,2025-03-20,Free,Germany,Content,SMB,8,2,0,6,0,0,,0,41.41,0
U04891,2025-01-22,Pro,US,Paid Search,SMB,22,4,0,2,0,0,,79,64.26,869
U04892,2025-05-17,Free,US,Partner,Mid-Market,9,1,2,2,0,1,2025-09-03,0,79.55,0
U04893,2025-01-23,Free,India,Paid Search,Mid-Market,11,2,3,2,0,1,2025-05-16,0,69.72,0
U04894,2025-07-20,Pro,UK,Organic,SMB,9,10,0,2,0,0,,79,36.18,948
U04895,2025-02-16,Business,Australia,Partner,Startup,15,8,1,7,0,1,2025-04-08,249,73.28,498
U04896,2025-02-20,Pro,India,Referral,Enterprise,12,6,1,8,1,1,2026-01-06,79,20.76,869
U04897,2025-10-06,Free,India,Content,Startup,9,4,2,3,1,0,,0,45.89,0
U04898,2025-06-07,Free,US,Content,Mid-Market,3,3,0,4,0,0,,0,31.0,0
U04899,2025-06-25,Free,US,Partner,Mid-Market,9,3,0,3,0,0,,0,105.73,0
U04900,2025-03-13,Pro,US,Paid Search,Mid-Market,6,6,3,4,0,1,2025-09-16,79,149.51,474
U04901,2025-06-25,Free,US,Paid Search,SMB,7,1,1,2,0,0,,0,105.9,0
U04902,2025-08-18,Pro,US,Paid Search,SMB,12,6,3,3,0,0,,79,111.63,1106
U04903,2025-06-22,Free,India,Content,SMB,5,4,1,2,0,1,2025-12-09,0,51.72,0
U04904,2025-06-07,Pro,US,Partner,SMB,14,7,1,4,0,0,,79,51.45,948
U04905,2025-04-08,Pro,Australia,Organic,SMB,10,5,1,6,1,0,,79,47.04,711
U04906,2025-05-26,Free,Canada,Referral,SMB,8,1,1,2,0,1,2025-11-09,0,29.16,0
U04907,2025-02-19,Free,US,Organic,Enterprise,15,4,1,3,0,0,,0,35.68,0
U04908,2025-06-04,Free,Australia,Organic,SMB,6,1,1,3,1,1,2026-01-05,0,17.33,0
U04909,2025-04-20,Pro,India,Referral,Mid-Market,11,5,1,6,1,0,,79,28.99,790
U04910,2025-04-14,Free,Germany,Referral,SMB,6,1,1,1,0,1,2025-08-07,0,34.5,0
U04911,2025-04-27,Free,Australia,Organic,SMB,13,3,0,3,0,1,2026-01-29,0,36.26,0
U04912,2025-09-14,Pro,India,Organic,Enterprise,8,8,0,5,0,0,,79,36.97,790
U04913,2025-09-03,Pro,India,Content,SMB,16,4,1,6,1,0,,79,38.08,711
U04914,2025-01-07,Free,UK,Paid Search,Startup,9,1,2,3,0,1,2025-04-24,0,91.71,0
U04915,2025-07-05,Business,India,Partner,Startup,13,9,0,9,1,1,2025-10-03,249,72.12,747
U04916,2025-03-22,Free,India,Content,Mid-Market,9,1,2,5,0,1,2026-02-05,0,34.8,0
U04917,2025-03-17,Free,Australia,Partner,SMB,7,5,1,3,0,0,,0,67.21,0
U04918,2025-04-04,Pro,India,Paid Search,Startup,16,5,0,5,0,0,,79,95.48,869
U04919,2025-04-18,Free,US,Referral,Startup,11,1,0,4,0,0,,0,35.75,0
U04920,2025-02-24,Free,India,Paid Search,SMB,12,6,1,2,0,0,,0,85.32,0
U04921,2025-07-22,Free,US,Content,Startup,8,4,2,4,1,0,,0,24.1,0
U04922,2025-07-26,Free,UK,Referral,Startup,8,5,3,1,0,0,,0,45.62,0
U04923,2025-10-03,Free,US,Partner,Startup,9,3,2,3,0,1,2026-06-04,0,80.65,0
U04924,2025-01-08,Free,US,Organic,Startup,9,4,0,2,0,1,2025-09-23,0,42.84,0
U04925,2025-01-29,Free,US,Content,Startup,9,7,2,1,0,1,2025-07-29,0,19.52,0
U04926,2025-07-03,Business,UK,Paid Search,Startup,16,8,1,11,1,0,,249,68.97,2490
U04927,2025-05-16,Business,US,Paid Search,SMB,13,8,2,7,1,0,,249,107.76,2241
U04928,2025-08-11,Pro,India,Organic,SMB,11,6,1,4,0,1,2026-06-09,79,43.02,790
U04929,2025-05-31,Pro,India,Paid Search,Enterprise,9,7,2,4,0,0,,79,104.53,711
U04930,2025-03-24,Pro,US,Paid Search,SMB,9,3,0,3,1,1,2025-08-30,79,95.0,395
U04931,2025-01-16,Free,India,Paid Search,Startup,15,4,1,2,0,0,,0,135.16,0
U04932,2025-03-24,Free,US,Paid Search,SMB,6,1,1,1,0,0,,0,92.97,0
U04933,2025-01-06,Free,Canada,Paid Search,Mid-Market,12,1,0,3,0,0,,0,102.76,0
U04934,2025-05-17,Free,Canada,Organic,SMB,3,3,0,2,0,1,2025-07-16,0,52.22,0
U04935,2025-04-04,Pro,US,Referral,Enterprise,12,6,0,9,0,0,,79,44.28,1027
U04936,2025-04-12,Free,India,Organic,Mid-Market,5,4,3,1,0,0,,0,52.55,0
U04937,2025-09-07,Free,India,Content,SMB,9,5,3,1,0,0,,0,49.15,0
U04938,2025-03-22,Free,UK,Partner,SMB,8,3,0,1,0,0,,0,55.27,0
U04939,2025-09-21,Free,US,Paid Search,Startup,10,3,1,4,0,1,2026-07-26,0,87.58,0
U04940,2025-07-14,Free,US,Referral,SMB,5,3,2,1,0,0,,0,18.28,0
U04941,2025-07-16,Pro,US,Content,Startup,13,9,1,4,1,0,,79,48.92,1106
U04942,2025-03-24,Business,India,Content,Enterprise,10,10,2,12,1,0,,249,50.58,1992
U04943,2025-09-23,Business,US,Content,SMB,14,9,0,6,0,0,,249,41.8,2241
U04944,2025-07-28,Free,Germany,Organic,Enterprise,14,4,3,2,0,0,,0,34.25,0
U04945,2025-08-24,Free,Germany,Partner,Startup,9,2,1,2,0,0,,0,70.12,0
U04946,2025-04-21,Free,UK,Organic,Startup,10,9,0,2,0,0,,0,12.49,0
U04947,2025-02-07,Free,US,Referral,Startup,6,2,1,1,0,0,,0,14.4,0
U04948,2025-09-10,Business,India,Organic,Startup,18,12,2,12,0,1,2026-06-10,249,25.93,2241
U04949,2025-02-07,Pro,India,Referral,SMB,12,5,2,5,0,0,,79,22.28,1027
U04950,2025-10-12,Pro,India,Partner,Enterprise,14,5,1,7,0,0,,79,62.33,711
U04951,2025-09-06,Free,US,Organic,SMB,8,2,2,3,0,1,2026-05-08,0,36.9,0
U04952,2025-08-10,Pro,Germany,Paid Search,Enterprise,14,7,1,3,0,0,,79,106.14,1027
U04953,2025-05-15,Free,US,Organic,SMB,5,5,1,3,0,0,,0,31.32,0
U04954,2025-04-16,Free,India,Content,SMB,5,2,1,1,0,0,,0,38.23,0
U04955,2025-06-08,Free,US,Paid Search,Startup,7,4,3,3,0,0,,0,70.54,0
U04956,2025-06-30,Free,Germany,Paid Search,SMB,11,5,1,3,0,0,,0,92.81,0
U04957,2025-03-09,Pro,UK,Content,SMB,11,7,0,7,1,0,,79,23.09,790
U04958,2025-08-22,Pro,Canada,Paid Search,Mid-Market,15,7,1,2,0,1,2026-03-13,79,84.42,553
U04959,2025-08-15,Free,Germany,Content,Mid-Market,12,1,0,2,0,1,2026-02-15,0,46.24,0
U04960,2025-04-19,Pro,US,Content,Enterprise,17,2,2,5,1,0,,79,45.31,1027
U04961,2025-09-08,Free,UK,Organic,SMB,8,5,2,2,0,0,,0,24.76,0
U04962,2025-06-13,Free,India,Paid Search,Startup,3,6,1,1,0,0,,0,63.53,0
U04963,2025-03-11,Free,India,Partner,Mid-Market,13,2,2,4,0,0,,0,58.03,0
U04964,2025-02-07,Free,Germany,Organic,Mid-Market,8,5,0,4,0,0,,0,22.17,0
U04965,2025-05-15,Free,UK,Partner,Startup,10,6,1,1,1,0,,0,64.08,0
U04966,2025-05-26,Free,US,Content,Startup,10,3,0,2,0,1,2025-11-13,0,17.78,0
U04967,2025-09-02,Pro,US,Content,Enterprise,14,3,0,7,0,0,,79,23.7,948
U04968,2025-05-04,Free,US,Referral,Startup,7,6,2,4,0,1,2025-12-23,0,50.55,0
U04969,2025-06-07,Pro,Canada,Content,Startup,23,4,2,7,1,0,,79,24.74,711
U04970,2025-03-25,Free,India,Paid Search,SMB,4,3,0,1,0,0,,0,110.25,0
U04971,2025-09-18,Free,UK,Paid Search,Mid-Market,8,1,0,1,0,1,2025-12-22,0,114.61,0
U04972,2025-03-10,Pro,Australia,Referral,Mid-Market,16,6,0,5,0,0,,79,36.67,711
U04973,2025-05-19,Pro,US,Content,SMB,15,5,3,6,1,1,2025-08-16,79,36.76,237
U04974,2025-02-05,Business,India,Paid Search,Mid-Market,19,10,0,4,0,0,,249,128.75,2241
U04975,2025-08-16,Free,UK,Partner,SMB,7,3,2,5,0,1,2025-12-15,0,85.14,0
U04976,2025-01-27,Pro,India,Organic,SMB,13,5,1,4,0,0,,79,37.52,790
U04977,2025-03-16,Pro,US,Organic,Enterprise,8,7,0,6,0,0,,79,28.88,1027
U04978,2025-01-07,Free,US,Organic,Mid-Market,7,4,2,2,0,1,2025-03-23,0,31.15,0
U04979,2025-03-04,Pro,India,Organic,SMB,18,8,0,5,0,0,,79,28.28,711
U04980,2025-02-03,Pro,US,Referral,Startup,15,6,0,3,0,0,,79,37.01,948
U04981,2025-06-06,Pro,US,Partner,SMB,9,4,1,4,1,0,,79,71.52,1106
U04982,2025-10-20,Free,India,Referral,Startup,11,3,2,2,0,0,,0,15.67,0
U04983,2025-06-21,Pro,India,Content,SMB,9,6,1,3,0,0,,79,40.96,790
U04984,2025-02-22,Free,UK,Organic,Mid-Market,5,1,0,2,0,0,,0,31.51,0
U04985,2025-03-13,Pro,India,Content,SMB,17,7,1,3,0,0,,79,36.88,869
U04986,2025-04-27,Free,India,Referral,Startup,9,2,3,2,0,0,,0,30.11,0
U04987,2025-05-02,Pro,UK,Organic,Enterprise,14,6,1,3,0,0,,79,43.49,1027
U04988,2025-10-25,Pro,India,Referral,SMB,19,8,3,6,0,0,,79,21.23,869
U04989,2025-04-30,Free,UK,Organic,Mid-Market,8,3,0,2,0,0,,0,26.87,0
U04990,2025-05-01,Pro,India,Referral,Mid-Market,13,7,2,6,1,0,,79,41.77,1106
U04991,2025-07-22,Pro,UK,Content,Enterprise,14,5,0,5,1,1,2025-10-26,79,40.85,237
U04992,2025-09-17,Free,Australia,Referral,Startup,12,2,1,1,0,1,2025-12-19,0,53.2,0
U04993,2025-01-19,Free,India,Organic,Enterprise,8,1,0,4,0,1,2025-08-23,0,57.85,0
U04994,2025-03-21,Free,UK,Paid Search,SMB,15,6,1,2,0,0,,0,95.35,0
U04995,2025-08-14,Free,Canada,Partner,SMB,8,3,0,3,0,0,,0,65.61,0
U04996,2025-10-15,Pro,India,Paid Search,Mid-Market,12,4,1,7,0,0,,79,99.72,1106
U04997,2025-03-28,Free,Canada,Content,Mid-Market,6,3,0,2,0,0,,0,49.83,0
U04998,2025-05-13,Pro,US,Content,Mid-Market,16,10,1,3,0,0,,79,38.73,711
U04999,2025-03-19,Pro,UK,Referral,Mid-Market,15,7,1,7,1,0,,79,45.75,869
U05000,2025-07-19,Pro,India,Content,SMB,15,4,1,5,1,0,,79,40.21,948
U05001,2025-09-01,Free,India,Paid Search,SMB,9,2,2,2,0,0,,0,71.49,0
U05002,2025-04-07,Pro,India,Referral,SMB,9,6,2,7,0,0,,79,37.22,790
U05003,2025-02-01,Pro,Germany,Partner,SMB,10,5,2,6,0,0,,79,68.66,869
U05004,2025-03-04,Pro,Germany,Partner,Mid-Market,10,9,3,5,1,0,,79,64.84,790
U05005,2025-05-23,Free,UK,Partner,Mid-Market,6,3,3,5,0,1,2026-04-16,0,65.54,0
U05006,2025-03-01,Pro,Canada,Paid Search,Startup,12,7,2,5,0,0,,79,134.22,948
U05007,2025-09-02,Pro,UK,Organic,Enterprise,10,7,2,4,0,1,2025-10-19,79,40.43,158
U05008,2025-03-13,Free,Australia,Referral,Enterprise,9,1,3,4,0,1,2025-07-11,0,28.45,0
U05009,2025-09-17,Pro,UK,Paid Search,Mid-Market,14,6,1,4,0,0,,79,96.47,869
U05010,2025-06-14,Free,India,Paid Search,Startup,9,6,1,2,1,0,,0,120.73,0
U05011,2025-08-23,Free,US,Paid Search,Enterprise,7,4,2,3,0,0,,0,97.32,0
U05012,2025-06-19,Pro,Australia,Organic,SMB,14,4,2,3,1,0,,79,26.07,711
U05013,2025-04-17,Pro,India,Content,SMB,9,9,1,5,0,0,,79,41.47,869
U05014,2025-07-29,Pro,Germany,Paid Search,Startup,12,4,0,2,0,0,,79,105.1,1027
U05015,2025-08-14,Free,India,Organic,Startup,10,2,3,3,0,1,2026-03-29,0,23.74,0
U05016,2025-04-30,Free,India,Paid Search,Startup,8,2,2,5,1,1,2025-12-18,0,89.69,0
U05017,2025-08-25,Free,India,Organic,Mid-Market,1,2,1,3,0,1,2025-09-28,0,43.83,0
U05018,2025-02-10,Business,US,Content,SMB,19,11,0,8,0,0,,249,29.18,3486
U05019,2025-01-16,Free,Australia,Referral,Startup,10,4,1,2,0,1,2025-05-19,0,41.29,0
U05020,2025-07-06,Free,Canada,Referral,Mid-Market,9,2,1,5,0,1,2026-05-08,0,26.83,0
U05021,2025-01-31,Free,India,Organic,Mid-Market,9,3,3,2,0,1,2025-07-10,0,43.32,0
U05022,2025-02-03,Business,India,Referral,Startup,16,8,0,10,0,0,,249,31.53,2739
U05023,2025-03-10,Business,US,Content,Enterprise,15,9,1,8,1,0,,249,33.42,3486
U05024,2025-10-11,Free,Australia,Organic,Startup,13,4,3,4,0,0,,0,30.01,0
U05025,2025-09-15,Free,Canada,Partner,Enterprise,5,5,0,2,0,0,,0,85.14,0
U05026,2025-08-17,Pro,Australia,Organic,Startup,7,6,1,1,0,0,,79,41.69,790
U05027,2025-10-20,Free,Germany,Content,Mid-Market,15,5,1,2,0,1,2026-05-27,0,37.86,0
U05028,2025-06-21,Pro,India,Paid Search,Startup,14,4,1,6,0,0,,79,69.65,1106
U05029,2025-02-13,Free,India,Partner,Startup,12,2,4,3,0,1,2025-04-06,0,45.52,0
U05030,2025-02-03,Business,US,Partner,SMB,14,9,0,3,1,0,,249,42.45,2739
U05031,2025-05-18,Free,US,Partner,Startup,11,4,2,1,0,0,,0,70.74,0
U05032,2025-05-22,Free,India,Paid Search,SMB,11,4,1,2,0,1,2025-12-26,0,88.55,0
U05033,2025-05-17,Pro,US,Referral,SMB,13,6,2,3,0,1,2025-11-18,79,12.24,474
U05034,2025-02-16,Pro,India,Paid Search,SMB,14,6,4,5,0,0,,79,106.6,869
U05035,2025-03-15,Free,Canada,Content,SMB,11,5,1,5,0,1,2025-04-19,0,62.07,0
U05036,2025-10-21,Business,India,Referral,Mid-Market,16,8,2,8,1,0,,249,42.52,2490
U05037,2025-04-16,Free,India,Organic,Mid-Market,5,3,0,3,0,1,2025-12-24,0,36.99,0
U05038,2025-05-06,Free,UK,Content,Startup,9,3,1,5,0,0,,0,34.93,0
U05039,2025-08-01,Free,Canada,Paid Search,Startup,12,4,0,3,0,0,,0,94.0,0
U05040,2025-07-17,Free,Canada,Organic,SMB,11,1,2,5,1,0,,0,43.03,0
U05041,2025-07-20,Free,India,Content,Startup,6,4,2,4,0,1,2025-09-20,0,30.98,0
U05042,2025-02-04,Free,US,Organic,SMB,7,6,5,4,0,1,2025-11-30,0,24.9,0
U05043,2025-04-17,Pro,US,Content,SMB,11,9,1,2,1,0,,79,22.1,948
U05044,2025-05-09,Pro,Australia,Partner,SMB,14,6,2,2,0,1,2025-10-17,79,59.58,395
U05045,2025-05-16,Free,US,Organic,Mid-Market,8,2,0,3,0,1,2026-04-03,0,23.0,0
U05046,2025-02-19,Pro,Canada,Paid Search,Startup,14,5,0,9,0,0,,79,105.08,869
U05047,2025-01-30,Free,US,Content,SMB,7,1,1,1,0,0,,0,7.66,0
U05048,2025-06-22,Free,US,Content,Startup,9,1,4,2,0,0,,0,47.96,0
U05049,2025-09-05,Business,UK,Organic,Mid-Market,12,7,3,6,1,1,2026-01-08,249,32.95,996
U05050,2025-10-22,Free,India,Organic,Enterprise,7,6,2,2,0,0,,0,28.53,0
U05051,2025-01-13,Free,India,Referral,SMB,8,5,4,4,0,1,2025-10-21,0,5.8,0
U05052,2025-05-11,Free,Germany,Paid Search,Enterprise,9,1,0,2,0,0,,0,79.88,0
U05053,2025-09-30,Free,India,Referral,Startup,11,4,4,1,0,0,,0,33.58,0
U05054,2025-08-01,Pro,US,Paid Search,Startup,10,6,0,1,0,1,2026-01-25,79,128.32,474
U05055,2025-03-10,Pro,UK,Organic,Mid-Market,18,7,1,3,0,0,,79,31.48,1027
U05056,2025-01-27,Pro,India,Content,Mid-Market,14,5,3,2,0,0,,79,31.91,948
U05057,2025-03-09,Pro,US,Organic,SMB,24,6,1,7,0,0,,79,32.36,711
U05058,2025-03-17,Free,US,Partner,Mid-Market,8,3,1,3,1,0,,0,78.8,0
U05059,2025-10-12,Pro,India,Referral,Mid-Market,9,6,0,2,0,0,,79,25.3,1106
U05060,2025-02-07,Free,Germany,Referral,Startup,11,4,1,2,1,0,,0,30.55,0
U05061,2025-03-23,Free,India,Paid Search,Mid-Market,8,5,1,1,0,1,2025-11-25,0,108.97,0
U05062,2025-02-23,Free,Germany,Referral,Startup,12,2,0,2,0,1,2025-08-15,0,35.41,0
U05063,2025-08-13,Free,Canada,Organic,SMB,11,4,1,2,0,0,,0,37.77,0
U05064,2025-02-18,Free,US,Paid Search,Mid-Market,8,2,0,2,0,0,,0,120.99,0
U05065,2025-02-28,Pro,Australia,Paid Search,Startup,14,8,2,6,0,0,,79,87.54,869
U05066,2025-07-13,Pro,India,Referral,SMB,8,7,3,4,1,0,,79,31.93,948
U05067,2025-05-06,Business,UK,Paid Search,Mid-Market,17,6,0,3,1,0,,249,105.08,2988
U05068,2025-05-19,Free,Germany,Organic,SMB,4,4,3,3,0,0,,0,26.59,0
U05069,2025-08-05,Pro,India,Referral,Mid-Market,18,7,1,3,0,1,2026-05-02,79,41.23,711
U05070,2025-06-23,Free,US,Referral,Startup,7,2,0,4,0,0,,0,47.41,0
U05071,2025-09-26,Pro,India,Partner,Enterprise,16,7,0,5,1,0,,79,78.31,790
U05072,2025-07-03,Free,Australia,Referral,SMB,8,1,0,4,0,0,,0,14.21,0
U05073,2025-02-07,Pro,India,Partner,Startup,8,7,2,4,0,0,,79,63.05,869
U05074,2025-04-11,Pro,UK,Organic,SMB,10,6,2,5,0,0,,79,51.45,711
U05075,2025-03-07,Free,India,Content,SMB,9,4,1,4,0,0,,0,47.23,0
U05076,2025-09-13,Pro,US,Content,SMB,13,7,1,3,0,0,,79,31.17,948
U05077,2025-05-09,Free,Germany,Paid Search,SMB,13,6,0,2,0,0,,0,142.2,0
U05078,2025-06-06,Pro,US,Paid Search,Enterprise,23,6,0,2,1,0,,79,79.69,1106
U05079,2025-08-28,Pro,Germany,Organic,Mid-Market,12,4,3,2,1,0,,79,35.76,790
U05080,2025-09-20,Pro,Canada,Referral,Mid-Market,12,6,0,4,0,0,,79,43.2,948
U05081,2025-06-27,Pro,India,Content,Startup,8,7,0,4,1,0,,79,24.67,790
U05082,2025-08-26,Pro,US,Organic,SMB,10,7,0,4,0,0,,79,19.53,790
U05083,2025-01-20,Free,US,Referral,Startup,13,3,1,3,1,0,,0,37.47,0
U05084,2025-07-30,Free,US,Content,Enterprise,8,1,4,1,0,0,,0,33.2,0
U05085,2025-05-28,Free,India,Paid Search,Startup,8,4,0,5,0,1,2026-03-06,0,75.5,0
U05086,2025-06-01,Free,India,Content,Enterprise,7,2,0,3,0,1,2025-11-03,0,20.87,0
U05087,2025-10-04,Pro,Australia,Organic,Enterprise,21,3,1,5,0,1,2026-05-17,79,40.87,632
U05088,2025-09-07,Pro,India,Content,Startup,12,6,2,5,0,0,,79,36.47,790
U05089,2025-02-23,Free,India,Partner,Startup,7,4,1,2,0,0,,0,36.92,0
U05090,2025-07-24,Free,India,Paid Search,Startup,10,3,1,1,0,1,2026-02-19,0,94.21,0
U05091,2025-05-02,Pro,Australia,Organic,SMB,8,5,0,6,0,1,2025-06-08,79,49.2,79
U05092,2025-08-12,Pro,India,Content,Enterprise,8,5,1,4,1,0,,79,34.76,711
U05093,2025-02-13,Free,US,Content,Startup,5,1,3,3,0,1,2025-08-14,0,33.04,0
U05094,2025-01-19,Free,Germany,Paid Search,Enterprise,10,5,2,1,1,0,,0,109.18,0
U05095,2025-03-23,Free,US,Organic,SMB,4,5,1,6,1,0,,0,26.6,0
U05096,2025-04-30,Pro,Canada,Paid Search,Mid-Market,11,5,0,4,0,0,,79,93.95,711
U05097,2025-10-08,Business,US,Referral,SMB,13,8,1,8,1,0,,249,29.79,2241
U05098,2025-07-17,Business,US,Organic,Startup,16,8,4,11,1,1,2026-02-25,249,48.32,1743
U05099,2025-10-17,Pro,India,Paid Search,Enterprise,13,5,1,5,1,0,,79,124.44,869
U05100,2025-01-22,Pro,UK,Paid Search,SMB,18,7,0,1,0,1,2025-06-28,79,110.66,395
U05101,2025-02-08,Free,India,Paid Search,Startup,7,2,0,2,0,0,,0,122.18,0
U05102,2025-06-02,Free,US,Organic,Startup,11,1,0,3,0,1,2025-09-23,0,41.39,0
U05103,2025-05-26,Business,UK,Partner,SMB,12,11,0,7,1,1,2025-11-29,249,82.0,1494
U05104,2025-06-11,Pro,US,Content,Mid-Market,10,7,0,5,0,0,,79,30.03,1106
U05105,2025-05-19,Pro,Germany,Organic,Mid-Market,16,6,4,9,1,0,,79,34.63,632
U05106,2025-03-19,Pro,India,Content,SMB,12,2,2,3,0,1,2025-11-29,79,31.46,632
U05107,2025-06-28,Free,India,Organic,SMB,11,1,2,3,0,0,,0,18.44,0
U05108,2025-03-29,Free,Canada,Partner,Startup,6,4,0,1,0,0,,0,63.96,0
U05109,2025-01-11,Pro,UK,Paid Search,Startup,18,5,0,4,0,0,,79,137.51,869
U05110,2025-08-07,Free,India,Referral,Mid-Market,12,3,1,3,0,1,2026-01-31,0,29.87,0
U05111,2025-05-13,Free,US,Paid Search,Startup,4,1,1,3,0,1,2025-06-30,0,71.72,0
U05112,2025-01-25,Free,India,Organic,Mid-Market,6,1,0,5,0,0,,0,29.08,0
U05113,2025-08-28,Pro,Germany,Organic,SMB,11,5,1,5,1,0,,79,41.38,790
U05114,2025-01-04,Free,UK,Paid Search,SMB,14,4,0,2,0,0,,0,65.78,0
U05115,2025-04-23,Free,UK,Content,Startup,12,3,2,2,0,0,,0,29.82,0
U05116,2025-10-07,Pro,Canada,Organic,SMB,13,6,1,2,0,0,,79,36.54,1106
U05117,2025-04-18,Business,India,Paid Search,SMB,11,7,0,7,0,0,,249,79.93,3237
U05118,2025-08-02,Free,US,Paid Search,Mid-Market,11,1,2,4,0,1,2026-04-09,0,55.01,0
U05119,2025-07-28,Free,Australia,Organic,Mid-Market,9,3,2,4,0,0,,0,23.4,0
U05120,2025-06-16,Pro,Australia,Referral,SMB,13,6,0,3,0,0,,79,32.72,790
U05121,2025-06-21,Free,US,Organic,Mid-Market,13,3,0,2,0,0,,0,41.32,0
U05122,2025-08-20,Free,US,Referral,Enterprise,8,2,1,3,0,0,,0,29.0,0
U05123,2025-04-03,Free,India,Content,Startup,4,1,0,5,0,0,,0,43.73,0
U05124,2025-03-22,Pro,Germany,Organic,Startup,19,9,1,4,0,0,,79,36.85,711
U05125,2025-02-15,Business,India,Organic,SMB,9,9,0,11,1,0,,249,29.97,2988
U05126,2025-07-25,Free,US,Content,Mid-Market,12,1,1,6,0,1,2025-09-01,0,28.5,0
U05127,2025-03-02,Pro,UK,Referral,Startup,16,11,0,5,0,0,,79,35.06,790
U05128,2025-06-28,Free,India,Partner,Enterprise,8,1,0,2,0,0,,0,84.12,0
U05129,2025-10-01,Pro,India,Paid Search,Mid-Market,16,5,1,4,0,0,,79,102.07,869
U05130,2025-03-31,Pro,Australia,Content,SMB,16,7,1,8,1,0,,79,33.12,711
U05131,2025-01-19,Free,Germany,Organic,Startup,5,6,1,1,0,0,,0,30.98,0
U05132,2025-03-29,Free,UK,Organic,SMB,12,4,0,3,0,0,,0,36.29,0
U05133,2025-08-05,Pro,US,Organic,SMB,14,9,1,5,1,0,,79,41.17,869
U05134,2025-05-26,Pro,Canada,Content,SMB,9,5,5,2,0,1,2025-12-22,79,32.84,553
U05135,2025-03-22,Free,US,Paid Search,Startup,10,2,1,3,0,1,2025-12-10,0,72.41,0
U05136,2025-01-27,Free,Australia,Paid Search,Startup,11,4,1,3,0,0,,0,75.22,0
U05137,2025-02-20,Pro,Australia,Organic,Startup,16,3,0,6,0,1,2025-11-03,79,42.63,711
U05138,2025-08-04,Free,UK,Content,Startup,7,1,1,4,0,1,2025-10-08,0,39.14,0
U05139,2025-05-08,Pro,Australia,Referral,Startup,17,5,1,5,0,0,,79,25.23,869
U05140,2025-10-02,Pro,US,Paid Search,SMB,9,7,1,8,0,0,,79,106.85,790
U05141,2025-01-19,Pro,India,Paid Search,SMB,13,7,0,4,0,0,,79,97.64,948
U05142,2025-09-29,Pro,India,Partner,Startup,12,7,1,2,0,0,,79,73.28,790
U05143,2025-02-21,Business,US,Partner,Startup,12,7,1,10,1,1,2025-08-13,249,48.02,1494
U05144,2025-06-26,Pro,India,Paid Search,SMB,14,7,0,5,0,0,,79,115.84,948
U05145,2025-09-04,Pro,US,Referral,SMB,16,6,0,2,1,0,,79,32.05,1027
U05146,2025-03-05,Business,India,Organic,Mid-Market,14,5,1,8,1,0,,249,48.22,2241
U05147,2025-04-18,Pro,Germany,Paid Search,SMB,9,9,0,4,0,0,,79,122.57,948
U05148,2025-01-03,Free,US,Paid Search,SMB,14,3,3,1,0,1,2025-02-26,0,124.5,0
U05149,2025-06-29,Pro,Canada,Content,SMB,18,2,2,3,0,1,2026-03-10,79,34.96,632
U05150,2025-06-13,Pro,India,Partner,SMB,16,3,0,7,0,1,2026-02-09,79,63.15,632
U05151,2025-04-24,Pro,US,Referral,Mid-Market,14,9,1,4,1,0,,79,12.17,1106
U05152,2025-03-16,Pro,UK,Organic,SMB,10,7,4,7,1,0,,79,34.92,869
U05153,2025-01-17,Free,Australia,Partner,Mid-Market,10,2,3,5,0,1,2025-02-17,0,64.06,0
U05154,2025-03-28,Free,Germany,Paid Search,Mid-Market,13,6,0,2,0,0,,0,71.88,0
U05155,2025-01-16,Business,Germany,Referral,Startup,13,8,2,9,0,1,2025-07-13,249,31.9,1494
U05156,2025-07-19,Free,US,Partner,SMB,9,4,0,4,0,0,,0,74.49,0
U05157,2025-06-29,Free,Canada,Content,Mid-Market,14,5,3,1,0,1,2026-05-05,0,30.48,0
U05158,2025-02-06,Free,India,Organic,Startup,6,7,4,1,0,0,,0,15.54,0
U05159,2025-03-19,Free,UK,Paid Search,SMB,14,3,0,4,0,0,,0,63.79,0
U05160,2025-06-30,Pro,India,Paid Search,Startup,15,9,0,3,1,0,,79,81.45,869
U05161,2025-09-08,Pro,US,Referral,Mid-Market,12,6,1,6,1,1,2026-04-02,79,33.02,553
U05162,2025-08-12,Free,India,Organic,SMB,5,2,3,2,0,1,2026-03-14,0,47.44,0
U05163,2025-10-08,Business,US,Referral,Startup,13,8,0,4,1,1,2025-11-23,249,28.05,498
U05164,2025-01-11,Pro,India,Organic,Mid-Market,21,5,0,1,0,0,,79,30.13,1106
U05165,2025-06-06,Free,US,Referral,SMB,5,3,0,2,0,0,,0,23.58,0
U05166,2025-06-18,Free,US,Paid Search,Mid-Market,17,4,3,2,0,0,,0,110.65,0
U05167,2025-01-21,Business,India,Referral,Startup,20,9,0,4,1,1,2025-08-07,249,22.84,1743
U05168,2025-08-05,Free,India,Referral,Mid-Market,10,1,1,1,0,0,,0,50.56,0
U05169,2025-04-09,Business,India,Organic,SMB,21,10,0,4,0,0,,249,28.31,3486
U05170,2025-05-10,Pro,Germany,Referral,SMB,18,6,0,4,1,0,,79,40.88,948
U05171,2025-02-11,Pro,India,Referral,Startup,9,6,0,6,1,0,,79,44.1,869
U05172,2025-04-01,Free,US,Content,SMB,6,1,3,2,0,0,,0,32.31,0
U05173,2025-01-12,Business,Australia,Organic,SMB,16,9,1,7,1,0,,249,9.77,2739
U05174,2025-02-16,Pro,Germany,Content,SMB,11,6,0,3,0,0,,79,46.58,869
U05175,2025-03-24,Business,Canada,Referral,SMB,13,5,0,6,1,0,,249,24.09,2739
U05176,2025-10-14,Pro,India,Referral,SMB,18,6,2,3,0,0,,79,39.6,790
U05177,2025-02-07,Pro,Australia,Content,Startup,15,6,0,4,0,0,,79,18.39,1027
U05178,2025-05-03,Free,India,Paid Search,SMB,6,4,0,1,0,1,2025-06-18,0,82.67,0
U05179,2025-07-03,Business,US,Paid Search,Mid-Market,21,8,1,11,1,0,,249,105.51,2241
U05180,2025-02-28,Free,India,Partner,Startup,16,3,3,1,1,0,,0,60.65,0
U05181,2025-09-20,Free,Canada,Referral,Startup,7,2,2,2,0,1,2026-04-25,0,38.74,0
U05182,2025-01-16,Free,Germany,Referral,SMB,14,6,2,2,0,0,,0,25.5,0
U05183,2025-03-14,Free,UK,Paid Search,SMB,8,3,1,2,0,1,2025-12-25,0,77.77,0
U05184,2025-03-12,Free,Germany,Partner,SMB,10,1,3,1,0,1,2025-06-16,0,61.8,0
U05185,2025-07-03,Free,US,Paid Search,SMB,6,4,1,2,0,0,,0,90.67,0
U05186,2025-09-06,Pro,US,Organic,Enterprise,13,5,1,4,0,0,,79,33.33,790
U05187,2025-06-18,Pro,India,Paid Search,SMB,17,5,1,5,0,0,,79,103.6,711
U05188,2025-02-25,Free,India,Paid Search,Mid-Market,5,2,2,1,0,1,2026-01-04,0,76.16,0
U05189,2025-01-22,Free,Germany,Content,Mid-Market,11,7,2,1,0,1,2025-05-30,0,33.18,0
U05190,2025-07-21,Pro,India,Referral,Mid-Market,6,7,1,5,0,1,2026-02-24,79,30.13,553
U05191,2025-10-24,Pro,US,Paid Search,Startup,14,5,1,4,1,1,2025-12-06,79,61.59,79
U05192,2025-10-02,Free,US,Organic,SMB,5,5,0,3,0,0,,0,11.94,0
U05193,2025-10-02,Pro,India,Referral,Startup,13,5,1,5,0,0,,79,29.42,948
U05194,2025-04-26,Free,UK,Referral,Startup,4,1,1,2,0,1,2025-10-04,0,26.69,0
U05195,2025-10-18,Free,Canada,Content,SMB,8,6,1,2,0,0,,0,29.73,0
U05196,2025-06-09,Free,Germany,Content,SMB,7,4,1,4,0,1,2026-03-13,0,44.51,0
U05197,2025-10-08,Free,US,Organic,SMB,12,3,1,2,0,0,,0,43.92,0
U05198,2025-02-16,Free,India,Organic,Enterprise,7,4,2,3,0,1,2025-10-01,0,35.76,0
U05199,2025-03-28,Pro,India,Organic,Startup,12,4,0,5,1,0,,79,42.21,948
U05200,2025-03-10,Free,Australia,Content,SMB,9,4,2,1,0,0,,0,50.53,0
U05201,2025-06-16,Free,UK,Partner,Mid-Market,8,4,2,2,0,0,,0,63.75,0
U05202,2025-04-26,Pro,India,Referral,Startup,13,5,2,7,1,0,,79,42.36,948
U05203,2025-06-02,Free,US,Referral,SMB,10,4,1,1,0,0,,0,35.18,0
U05204,2025-07-24,Pro,India,Organic,Mid-Market,12,7,1,2,0,1,2025-10-24,79,22.05,237
U05205,2025-04-26,Pro,Australia,Organic,Startup,13,5,1,4,0,1,2025-12-17,79,36.31,632
U05206,2025-05-26,Free,US,Organic,Startup,9,4,3,1,0,1,2026-03-03,0,27.58,0
U05207,2025-08-24,Pro,UK,Referral,Startup,16,8,0,3,0,0,,79,42.95,1027
U05208,2025-09-12,Business,Canada,Content,SMB,24,8,0,9,0,0,,249,50.1,2490
U05209,2025-07-02,Free,UK,Organic,Mid-Market,7,7,4,3,0,1,2025-10-19,0,41.85,0
U05210,2025-08-13,Pro,Canada,Referral,SMB,11,9,3,4,0,0,,79,46.18,1027
U05211,2025-09-22,Free,Australia,Organic,Enterprise,4,4,0,1,0,0,,0,50.33,0
U05212,2025-06-20,Free,Germany,Organic,Enterprise,11,4,1,1,0,0,,0,11.28,0
U05213,2025-01-03,Pro,Canada,Content,Startup,13,1,0,3,1,1,2025-03-11,79,32.95,158
U05214,2025-05-11,Pro,UK,Organic,SMB,13,8,0,4,0,0,,79,58.0,869
U05215,2025-10-16,Free,Germany,Organic,SMB,12,3,4,1,0,0,,0,33.28,0
U05216,2025-06-17,Business,India,Organic,Startup,14,7,0,6,1,0,,249,37.15,3486
U05217,2025-09-30,Pro,India,Referral,Mid-Market,8,9,3,3,0,0,,79,30.42,1027
U05218,2025-05-11,Free,US,Partner,Startup,6,4,0,3,0,0,,0,59.08,0
U05219,2025-08-09,Business,US,Partner,Startup,10,7,2,4,0,0,,249,88.87,2490
U05220,2025-05-21,Business,UK,Referral,SMB,24,9,2,4,0,0,,249,49.09,3486
U05221,2025-02-18,Pro,Germany,Referral,SMB,9,8,1,6,1,0,,79,47.96,869
U05222,2025-04-02,Pro,US,Partner,Startup,16,6,1,5,1,1,2025-07-28,79,54.35,316
U05223,2025-03-14,Free,India,Paid Search,SMB,6,3,2,1,0,0,,0,56.36,0
U05224,2025-02-21,Free,India,Paid Search,Startup,15,4,2,5,0,0,,0,111.46,0
U05225,2025-02-13,Free,India,Organic,Startup,9,2,1,3,0,0,,0,24.8,0
U05226,2025-10-17,Free,US,Referral,SMB,10,1,1,1,0,0,,0,43.48,0
U05227,2025-07-14,Free,US,Organic,Enterprise,12,1,0,2,0,0,,0,42.95,0
U05228,2025-01-15,Free,US,Organic,SMB,9,7,0,3,0,0,,0,33.4,0
U05229,2025-01-12,Free,Australia,Organic,Startup,8,3,1,2,0,0,,0,29.96,0
U05230,2025-01-16,Free,India,Paid Search,Startup,7,6,1,3,1,0,,0,80.81,0
U05231,2025-03-08,Free,US,Referral,Startup,11,2,1,4,0,0,,0,62.53,0
U05232,2025-02-02,Free,US,Organic,Startup,8,2,1,3,0,0,,0,42.93,0
U05233,2025-09-04,Pro,India,Referral,Startup,9,6,2,3,0,0,,79,40.28,711
U05234,2025-04-30,Free,Canada,Organic,Startup,5,1,0,1,0,0,,0,22.32,0
U05235,2025-06-29,Pro,India,Paid Search,SMB,10,6,1,8,0,0,,79,97.14,790
U05236,2025-06-02,Free,India,Content,SMB,8,1,0,2,0,0,,0,51.82,0
U05237,2025-05-31,Business,Australia,Partner,SMB,12,8,1,12,1,0,,249,59.28,2241
U05238,2025-04-02,Business,US,Referral,Enterprise,11,9,1,9,1,0,,249,20.88,2988
U05239,2025-06-16,Pro,US,Organic,SMB,12,9,0,4,1,0,,79,41.14,1027
U05240,2025-08-12,Free,US,Partner,Startup,10,3,0,3,0,0,,0,60.68,0
U05241,2025-02-11,Free,Canada,Organic,SMB,4,2,1,4,0,1,2025-04-10,0,34.56,0
U05242,2025-04-19,Pro,Canada,Referral,Startup,16,6,1,5,1,0,,79,23.91,790
U05243,2025-07-24,Pro,India,Organic,Startup,10,3,0,8,0,1,2026-04-17,79,24.69,711
U05244,2025-02-06,Business,India,Content,SMB,19,7,1,10,0,0,,249,52.34,3237
U05245,2025-01-03,Free,US,Referral,Startup,15,2,5,4,1,1,2025-09-10,0,42.95,0
U05246,2025-05-09,Business,Germany,Organic,Startup,14,8,0,3,0,0,,249,41.87,2490
U05247,2025-02-06,Business,Germany,Referral,SMB,15,10,1,6,1,0,,249,24.23,2241
U05248,2025-05-14,Free,UK,Partner,SMB,8,4,2,1,0,0,,0,54.86,0
U05249,2025-08-17,Free,India,Content,SMB,8,3,1,1,0,0,,0,37.24,0
U05250,2025-06-02,Pro,Germany,Paid Search,SMB,19,7,0,8,0,0,,79,77.65,869
U05251,2025-03-17,Free,US,Organic,Mid-Market,12,5,1,1,0,0,,0,24.08,0
U05252,2025-03-31,Free,Canada,Paid Search,SMB,6,3,1,3,0,1,2025-07-17,0,128.03,0
U05253,2025-10-12,Free,US,Paid Search,Mid-Market,4,4,0,2,0,0,,0,130.14,0
U05254,2025-05-04,Free,US,Paid Search,Startup,12,3,2,4,0,1,2025-06-30,0,84.91,0
U05255,2025-04-25,Business,US,Organic,Enterprise,10,9,0,5,0,1,2025-08-19,249,59.33,996
U05256,2025-04-15,Free,US,Paid Search,Startup,12,4,2,4,1,1,2026-02-14,0,88.44,0
U05257,2025-09-23,Free,India,Paid Search,Startup,10,5,0,1,0,0,,0,102.33,0
U05258,2025-02-24,Pro,India,Referral,Startup,14,3,1,3,0,0,,79,26.57,711
U05259,2025-09-09,Business,UK,Referral,SMB,12,12,0,10,1,0,,249,38.04,2241
U05260,2025-04-18,Pro,India,Partner,Enterprise,14,3,0,3,0,0,,79,57.24,869
U05261,2025-06-05,Free,US,Referral,Startup,12,4,0,1,0,0,,0,43.02,0
U05262,2025-07-13,Pro,UK,Organic,SMB,9,6,1,4,0,1,2026-02-23,79,26.32,632
U05263,2025-06-11,Free,India,Organic,Startup,5,6,2,1,0,1,2026-03-02,0,46.45,0
U05264,2025-10-20,Pro,US,Paid Search,Enterprise,13,3,0,4,0,0,,79,92.48,869
U05265,2025-08-23,Free,US,Referral,Enterprise,10,3,3,1,1,0,,0,7.82,0
U05266,2025-05-28,Pro,India,Organic,Startup,16,4,0,8,1,0,,79,27.25,869
U05267,2025-03-20,Free,US,Paid Search,SMB,11,5,1,3,0,0,,0,95.62,0
U05268,2025-05-27,Free,US,Content,Mid-Market,8,1,1,2,0,1,2025-07-22,0,21.22,0
U05269,2025-05-12,Free,Canada,Organic,Startup,8,5,3,2,0,1,2026-02-26,0,27.66,0
U05270,2025-03-25,Free,UK,Paid Search,Enterprise,15,4,2,4,0,1,2025-04-24,0,100.33,0
U05271,2025-03-11,Business,Australia,Referral,Startup,18,9,0,9,0,0,,249,46.41,2490
U05272,2025-05-01,Pro,US,Referral,SMB,15,5,1,6,0,0,,79,31.66,869
U05273,2025-07-17,Free,US,Content,SMB,8,3,2,1,0,0,,0,41.5,0
U05274,2025-09-27,Business,India,Partner,Mid-Market,12,8,0,11,0,0,,249,78.88,3486
U05275,2025-05-07,Business,India,Content,Startup,16,8,0,3,1,1,2025-06-06,249,34.86,249
U05276,2025-03-01,Free,Australia,Paid Search,SMB,8,5,1,3,0,0,,0,87.37,0
U05277,2025-03-14,Pro,US,Content,SMB,12,3,0,5,0,0,,79,12.56,869
U05278,2025-05-20,Free,Germany,Organic,Startup,4,5,1,2,0,1,2025-11-22,0,26.74,0
U05279,2025-10-27,Pro,India,Content,Startup,18,1,1,5,0,0,,79,50.66,1027
U05280,2025-10-11,Free,Australia,Partner,Mid-Market,8,3,1,3,0,0,,0,70.37,0
U05281,2025-06-22,Free,Germany,Referral,SMB,14,2,3,5,0,0,,0,36.75,0
U05282,2025-07-31,Pro,US,Referral,Startup,14,6,0,3,1,0,,79,30.62,1106
U05283,2025-03-03,Pro,US,Referral,Enterprise,11,5,1,3,1,0,,79,26.47,711
U05284,2025-07-03,Free,UK,Referral,Mid-Market,13,2,0,4,1,1,2025-11-01,0,39.47,0
U05285,2025-10-16,Free,US,Referral,Startup,12,3,0,2,0,0,,0,43.02,0
U05286,2025-06-13,Free,India,Content,Startup,7,3,1,2,0,0,,0,20.94,0
U05287,2025-02-21,Business,Australia,Referral,Startup,13,8,1,6,0,0,,249,45.28,3486
U05288,2025-01-05,Pro,UK,Referral,Enterprise,18,6,0,9,1,0,,79,24.59,790
U05289,2025-02-10,Pro,Canada,Organic,Startup,8,5,4,4,1,0,,79,36.3,1106
U05290,2025-06-17,Business,Canada,Organic,Mid-Market,15,7,0,9,0,0,,249,50.71,2241
U05291,2025-08-08,Free,UK,Referral,Enterprise,11,4,1,1,0,0,,0,28.7,0
U05292,2025-04-16,Free,Australia,Content,SMB,12,6,1,2,0,0,,0,22.38,0
U05293,2025-04-23,Pro,US,Paid Search,SMB,15,5,0,6,1,0,,79,80.63,1106
U05294,2025-02-15,Free,India,Content,Mid-Market,12,6,1,3,0,0,,0,37.66,0
U05295,2025-03-25,Pro,US,Referral,Startup,4,6,0,9,1,0,,79,55.79,790
U05296,2025-05-02,Free,US,Referral,SMB,11,1,1,2,0,0,,0,40.51,0
U05297,2025-01-09,Free,UK,Organic,SMB,5,4,0,2,0,1,2025-06-17,0,29.53,0
U05298,2025-05-26,Free,US,Paid Search,Startup,12,4,0,4,0,0,,0,84.6,0
U05299,2025-09-06,Business,India,Content,Mid-Market,19,8,0,6,0,0,,249,30.55,1992
U05300,2025-08-04,Pro,Australia,Paid Search,SMB,15,5,0,4,1,1,2026-02-28,79,140.02,553
U05301,2025-03-18,Free,UK,Content,Mid-Market,9,4,0,1,0,1,2025-05-17,0,26.19,0
U05302,2025-06-30,Free,Canada,Content,SMB,3,3,1,3,0,0,,0,34.61,0
U05303,2025-07-30,Free,US,Referral,Mid-Market,4,3,2,3,1,0,,0,32.58,0
U05304,2025-03-15,Free,Germany,Paid Search,Mid-Market,7,1,0,4,0,0,,0,112.81,0
U05305,2025-04-15,Business,India,Content,SMB,23,9,1,7,1,0,,249,43.39,2988
U05306,2025-06-30,Free,UK,Paid Search,SMB,7,1,2,2,0,1,2026-02-25,0,67.88,0
U05307,2025-03-19,Free,US,Content,Mid-Market,9,4,1,1,1,0,,0,30.72,0
U05308,2025-05-28,Free,India,Paid Search,SMB,13,4,2,2,0,1,2026-03-08,0,84.66,0
U05309,2025-03-23,Pro,US,Organic,SMB,7,8,1,4,1,1,2025-11-19,79,27.42,632
U05310,2025-05-04,Pro,US,Content,Enterprise,12,8,0,3,1,0,,79,44.54,1106
U05311,2025-03-10,Pro,Canada,Content,SMB,11,8,2,4,1,0,,79,42.88,948
U05312,2025-07-05,Pro,US,Organic,Startup,14,7,2,6,1,0,,79,23.34,869
U05313,2025-05-15,Free,Australia,Paid Search,Mid-Market,10,1,0,1,1,1,2025-12-23,0,84.64,0
U05314,2025-05-15,Pro,India,Organic,SMB,12,9,3,4,0,1,2025-12-21,79,30.58,553
U05315,2025-06-18,Free,Australia,Paid Search,Startup,8,1,1,3,0,1,2026-01-26,0,101.39,0
U05316,2025-07-17,Pro,US,Paid Search,SMB,21,4,2,3,0,0,,79,103.35,869
U05317,2025-04-10,Pro,UK,Paid Search,Startup,16,3,0,3,1,0,,79,101.59,790
U05318,2025-10-05,Free,Australia,Paid Search,Enterprise,9,1,1,2,0,0,,0,92.22,0
U05319,2025-08-02,Free,US,Paid Search,Startup,5,1,1,4,0,0,,0,91.73,0
U05320,2025-06-16,Pro,India,Organic,SMB,21,8,0,4,0,0,,79,36.98,1106
U05321,2025-06-04,Free,India,Referral,SMB,10,5,0,2,0,1,2026-02-18,0,35.09,0
U05322,2025-07-10,Pro,India,Organic,SMB,17,8,0,5,1,0,,79,28.91,869
U05323,2025-01-04,Free,India,Content,SMB,10,5,1,3,1,0,,0,5.85,0
U05324,2025-03-25,Pro,Germany,Paid Search,Mid-Market,13,5,0,4,1,0,,79,107.62,1106
U05325,2025-02-07,Free,Canada,Paid Search,Startup,5,1,2,2,0,1,2025-10-18,0,86.9,0
U05326,2025-04-10,Pro,India,Organic,Enterprise,15,8,0,5,1,1,2025-07-07,79,31.14,237
U05327,2025-04-30,Pro,US,Referral,Mid-Market,11,2,2,2,0,0,,79,34.5,711
U05328,2025-02-06,Business,India,Paid Search,Mid-Market,8,11,0,3,0,0,,249,94.74,2988
U05329,2025-03-15,Pro,US,Paid Search,Enterprise,16,1,1,4,0,0,,79,54.98,1106
U05330,2025-07-03,Pro,UK,Organic,SMB,15,9,2,4,0,0,,79,25.45,790
U05331,2025-09-05,Free,US,Organic,Startup,9,2,2,1,0,0,,0,40.52,0
U05332,2025-03-31,Free,India,Paid Search,Startup,8,2,2,2,1,0,,0,96.4,0
U05333,2025-04-16,Business,UK,Paid Search,SMB,17,6,1,9,0,1,2026-02-12,249,106.96,2490
U05334,2025-03-09,Free,India,Content,SMB,8,4,0,2,0,0,,0,17.5,0
U05335,2025-06-09,Pro,India,Organic,Mid-Market,12,6,2,5,0,0,,79,45.41,869
U05336,2025-10-12,Pro,UK,Referral,Mid-Market,13,8,0,5,0,0,,79,37.51,948
U05337,2025-05-01,Pro,India,Referral,SMB,8,5,0,5,0,0,,79,20.42,632
U05338,2025-04-15,Pro,US,Partner,SMB,17,6,0,7,1,0,,79,66.98,790
U05339,2025-09-30,Free,UK,Organic,SMB,8,2,0,3,0,1,2026-06-11,0,32.89,0
U05340,2025-03-18,Business,UK,Organic,SMB,14,5,1,6,1,0,,249,41.31,3486
U05341,2025-08-14,Free,India,Organic,Startup,3,1,3,2,0,1,2026-05-23,0,38.21,0
U05342,2025-03-25,Free,India,Partner,Startup,10,8,1,1,0,0,,0,92.0,0
U05343,2025-06-08,Business,Canada,Organic,Mid-Market,17,6,0,10,0,1,2026-05-03,249,21.69,2739
U05344,2025-07-12,Business,US,Organic,Mid-Market,12,9,0,7,1,0,,249,26.45,2490
U05345,2025-07-19,Free,Canada,Organic,Mid-Market,14,3,0,1,0,1,2026-02-04,0,35.07,0
U05346,2025-06-03,Free,US,Referral,Mid-Market,7,2,2,5,0,1,2026-02-09,0,30.04,0
U05347,2025-04-30,Pro,India,Organic,Mid-Market,6,5,1,6,0,0,,79,14.89,711
U05348,2025-06-21,Free,US,Content,Startup,12,3,0,2,0,0,,0,23.74,0
U05349,2025-04-09,Business,India,Partner,Startup,12,10,0,6,1,1,2025-12-22,249,57.49,2241
U05350,2025-04-06,Business,India,Referral,Startup,17,8,0,6,1,0,,249,25.49,2739
U05351,2025-10-09,Pro,US,Referral,Startup,5,5,3,5,1,1,2026-08-20,79,38.27,790
U05352,2025-10-13,Free,India,Paid Search,Mid-Market,13,4,4,3,0,0,,0,57.61,0
U05353,2025-10-18,Pro,Canada,Partner,SMB,6,7,1,4,1,0,,79,61.76,1106
U05354,2025-04-08,Free,India,Content,Startup,10,2,0,2,0,0,,0,48.99,0
U05355,2025-05-09,Pro,UK,Organic,SMB,17,8,1,2,0,1,2025-12-08,79,9.03,553
U05356,2025-01-23,Pro,Germany,Referral,SMB,12,8,1,5,0,1,2025-10-20,79,38.31,711
U05357,2025-01-28,Free,US,Referral,Mid-Market,9,5,3,1,0,1,2025-04-17,0,24.65,0
U05358,2025-06-29,Free,US,Paid Search,Startup,9,2,1,2,0,0,,0,116.42,0
U05359,2025-09-11,Pro,Australia,Organic,Mid-Market,6,8,0,2,0,1,2025-12-16,79,43.44,237
U05360,2025-10-03,Free,Germany,Referral,Startup,6,1,1,3,0,1,2026-01-24,0,7.37,0
U05361,2025-09-21,Free,Canada,Organic,SMB,8,2,5,1,0,0,,0,30.2,0
U05362,2025-02-26,Free,UK,Organic,Startup,7,6,0,3,1,0,,0,31.56,0
U05363,2025-10-02,Free,UK,Paid Search,Startup,7,2,2,3,0,1,2025-12-24,0,102.39,0
U05364,2025-02-16,Free,US,Organic,Startup,6,2,3,3,0,1,2025-09-28,0,19.97,0
U05365,2025-08-20,Pro,US,Content,SMB,13,5,1,5,0,0,,79,16.69,948
U05366,2025-01-06,Free,India,Paid Search,Startup,3,1,2,1,0,1,2025-08-22,0,86.08,0
U05367,2025-09-05,Pro,US,Organic,Mid-Market,9,6,2,5,1,0,,79,42.69,948
U05368,2025-09-25,Free,US,Referral,Startup,11,4,3,1,0,0,,0,31.05,0
U05369,2025-03-23,Pro,India,Paid Search,SMB,12,5,1,3,1,0,,79,94.55,869
U05370,2025-06-10,Free,India,Organic,SMB,5,1,2,4,0,1,2025-07-16,0,40.94,0
U05371,2025-03-22,Pro,India,Referral,Startup,14,5,3,4,1,0,,79,44.28,948
U05372,2025-08-15,Business,UK,Organic,SMB,20,9,1,3,0,0,,249,38.04,2739
U05373,2025-07-09,Pro,Canada,Partner,Mid-Market,15,3,0,4,1,0,,79,80.13,711
U05374,2025-10-25,Pro,UK,Referral,SMB,16,5,1,3,1,0,,79,39.33,869
U05375,2025-10-12,Free,US,Content,Startup,5,3,1,3,1,1,2026-09-06,0,43.87,0
U05376,2025-08-25,Pro,UK,Paid Search,Startup,16,3,0,4,1,0,,79,92.78,948
U05377,2025-04-09,Pro,US,Organic,SMB,13,9,1,5,0,0,,79,31.91,711
U05378,2025-07-10,Pro,India,Partner,Startup,14,4,1,4,1,0,,79,50.76,711
U05379,2025-09-27,Pro,US,Organic,Mid-Market,13,5,0,4,1,1,2026-03-30,79,36.54,474
U05380,2025-03-27,Pro,India,Referral,SMB,11,7,2,4,1,0,,79,33.21,869
U05381,2025-07-04,Free,India,Organic,Mid-Market,12,4,2,2,0,1,2025-08-07,0,31.09,0
U05382,2025-01-25,Pro,Germany,Referral,Enterprise,15,2,0,6,0,0,,79,31.77,711
U05383,2025-06-29,Pro,India,Organic,SMB,15,3,1,2,0,0,,79,31.94,948
U05384,2025-04-05,Business,Germany,Organic,SMB,13,8,2,10,1,0,,249,21.62,2739
U05385,2025-08-12,Free,US,Organic,Startup,8,1,0,2,0,1,2025-09-21,0,43.73,0
U05386,2025-01-11,Business,India,Organic,SMB,12,6,1,7,0,0,,249,46.76,2241
U05387,2025-06-15,Pro,India,Partner,Startup,20,5,0,5,1,0,,79,78.6,1027
U05388,2025-09-12,Pro,US,Paid Search,SMB,9,6,3,2,1,1,2026-05-20,79,61.92,632
U05389,2025-10-11,Free,Germany,Content,Mid-Market,13,7,2,1,0,1,2025-12-02,0,54.73,0
U05390,2025-08-15,Free,US,Paid Search,SMB,8,1,2,2,0,1,2026-03-11,0,111.71,0
U05391,2025-09-21,Pro,Australia,Organic,Enterprise,13,5,1,6,1,0,,79,37.45,790
U05392,2025-07-22,Free,Australia,Content,Startup,6,1,2,1,0,1,2026-04-24,0,25.98,0
U05393,2025-10-03,Pro,Canada,Content,Mid-Market,12,3,3,5,1,0,,79,46.28,1106
U05394,2025-06-21,Free,UK,Partner,SMB,6,3,0,3,0,1,2025-12-19,0,95.13,0
U05395,2025-01-06,Pro,US,Content,Startup,13,8,0,7,0,1,2025-07-14,79,31.97,474
U05396,2025-07-06,Pro,India,Paid Search,Startup,16,9,3,4,1,0,,79,100.86,1106
U05397,2025-03-20,Pro,Canada,Paid Search,SMB,8,6,2,8,1,1,2025-05-19,79,74.92,158
U05398,2025-05-26,Pro,UK,Organic,Mid-Market,9,6,1,3,0,0,,79,23.86,790
U05399,2025-07-19,Pro,US,Partner,Startup,14,12,2,2,0,1,2026-03-31,79,62.21,632
U05400,2025-01-21,Free,India,Partner,Startup,4,2,5,2,0,0,,0,91.29,0
U05401,2025-09-19,Free,India,Content,Startup,7,4,1,2,0,0,,0,51.22,0
U05402,2025-10-24,Free,UK,Organic,Mid-Market,9,3,1,3,0,0,,0,7.38,0
U05403,2025-09-06,Business,US,Content,Mid-Market,14,3,0,4,0,1,2026-06-21,249,38.38,2490
U05404,2025-02-26,Pro,India,Partner,SMB,16,3,1,5,1,0,,79,80.94,1027
U05405,2025-06-08,Pro,India,Paid Search,SMB,12,5,2,3,0,1,2026-02-03,79,126.34,632
U05406,2025-01-14,Pro,India,Organic,SMB,14,7,0,3,0,0,,79,31.15,711
U05407,2025-10-15,Business,Germany,Referral,Startup,11,9,0,3,0,0,,249,32.35,3486
U05408,2025-06-04,Free,India,Referral,SMB,5,3,2,3,0,1,2025-07-05,0,32.23,0
U05409,2025-10-12,Free,Germany,Organic,Mid-Market,8,2,3,3,0,1,2025-12-12,0,28.83,0
U05410,2025-02-05,Business,India,Partner,Mid-Market,13,9,1,5,1,0,,249,40.86,2490
U05411,2025-01-04,Pro,US,Paid Search,SMB,11,6,0,5,0,0,,79,94.09,790
U05412,2025-04-24,Free,UK,Content,SMB,6,5,2,2,0,1,2025-09-21,0,29.53,0
U05413,2025-04-04,Free,US,Paid Search,SMB,2,2,1,2,0,0,,0,110.29,0
U05414,2025-09-07,Pro,India,Organic,Startup,16,5,1,5,0,0,,79,32.49,1106
U05415,2025-03-24,Free,US,Referral,Mid-Market,15,2,0,1,0,0,,0,33.22,0
U05416,2025-05-06,Business,Australia,Referral,Mid-Market,13,8,1,10,0,0,,249,47.33,2490
U05417,2025-10-15,Free,India,Organic,SMB,7,2,1,5,0,1,2026-05-05,0,27.95,0
U05418,2025-03-16,Free,US,Organic,Startup,7,2,1,2,0,1,2025-08-16,0,45.07,0
U05419,2025-07-16,Pro,US,Organic,Startup,9,10,1,4,0,0,,79,30.13,869
U05420,2025-06-07,Free,Canada,Organic,Mid-Market,9,3,0,3,1,1,2025-07-11,0,27.49,0
U05421,2025-04-06,Free,India,Organic,Mid-Market,12,3,1,2,0,0,,0,47.4,0
U05422,2025-02-25,Free,India,Content,Startup,6,4,1,1,0,1,2025-08-21,0,40.68,0
U05423,2025-06-16,Business,US,Organic,Startup,10,10,1,12,1,0,,249,31.08,2490
U05424,2025-04-14,Free,UK,Content,SMB,9,5,0,6,0,0,,0,33.19,0
U05425,2025-06-12,Pro,US,Content,SMB,12,3,3,2,1,1,2025-10-26,79,18.67,395
U05426,2025-10-15,Free,India,Content,Mid-Market,10,4,0,4,0,0,,0,33.52,0
U05427,2025-01-29,Free,India,Content,Enterprise,14,1,0,1,0,0,,0,50.59,0
U05428,2025-03-09,Pro,India,Partner,Mid-Market,15,5,1,3,0,0,,79,55.16,1106
U05429,2025-05-18,Free,India,Content,SMB,15,2,1,3,0,0,,0,33.97,0
U05430,2025-09-01,Pro,Germany,Content,Startup,18,9,2,2,1,0,,79,41.63,790
U05431,2025-03-23,Free,US,Content,SMB,11,3,2,1,0,0,,0,15.23,0
U05432,2025-10-04,Free,US,Paid Search,Startup,7,3,2,2,1,1,2025-12-02,0,111.35,0
U05433,2025-01-04,Business,US,Paid Search,Startup,22,4,2,9,0,0,,249,101.98,3237
U05434,2025-10-26,Pro,US,Organic,Mid-Market,17,4,1,1,1,0,,79,15.91,790
U05435,2025-02-23,Pro,India,Content,Startup,15,2,1,6,0,0,,79,35.71,790
U05436,2025-01-01,Free,India,Referral,Mid-Market,4,2,0,1,0,0,,0,51.94,0
U05437,2025-06-22,Free,India,Organic,SMB,8,5,3,3,1,0,,0,36.97,0
U05438,2025-01-02,Free,US,Paid Search,SMB,6,3,1,2,0,1,2025-02-09,0,99.3,0
U05439,2025-06-28,Pro,Germany,Organic,Startup,14,1,1,4,0,0,,79,36.34,790
U05440,2025-02-10,Pro,India,Organic,SMB,22,4,0,5,0,1,2025-07-11,79,15.21,395
U05441,2025-08-07,Free,US,Content,Startup,11,5,0,8,1,0,,0,31.05,0
U05442,2025-06-29,Free,Germany,Content,SMB,7,4,0,3,0,0,,0,46.96,0
U05443,2025-07-10,Pro,Canada,Referral,Startup,15,4,1,3,0,0,,79,40.56,1027
U05444,2025-06-08,Free,Canada,Partner,SMB,8,4,4,3,0,0,,0,61.37,0
U05445,2025-07-16,Free,UK,Partner,Startup,9,1,2,1,1,0,,0,63.4,0
U05446,2025-09-10,Business,US,Referral,SMB,16,5,1,5,0,1,2026-03-19,249,53.01,1494
U05447,2025-09-01,Pro,India,Organic,SMB,19,5,3,4,0,1,2026-06-20,79,19.21,790
U05448,2025-01-20,Free,India,Organic,Mid-Market,8,5,3,2,0,0,,0,29.15,0
U05449,2025-09-11,Free,India,Content,Mid-Market,8,1,0,3,0,0,,0,35.67,0
U05450,2025-05-17,Pro,India,Referral,Startup,12,5,4,3,1,0,,79,41.03,790
U05451,2025-04-02,Free,India,Organic,Startup,10,3,5,4,0,0,,0,32.12,0
U05452,2025-08-25,Free,US,Organic,Mid-Market,6,1,3,2,0,1,2026-03-19,0,39.3,0
U05453,2025-06-11,Free,US,Paid Search,Startup,7,1,0,1,1,1,2026-01-05,0,107.95,0
U05454,2025-07-13,Pro,Germany,Paid Search,Mid-Market,18,6,0,3,0,0,,79,63.52,790
U05455,2025-06-22,Free,Germany,Paid Search,Enterprise,13,4,2,3,0,0,,0,129.87,0
U05456,2025-04-13,Free,Germany,Organic,SMB,12,2,0,3,0,0,,0,38.08,0
U05457,2025-04-20,Business,US,Referral,Mid-Market,14,7,1,10,0,0,,249,36.09,3237
U05458,2025-03-02,Pro,India,Organic,SMB,12,2,3,8,0,1,2025-08-13,79,30.47,395
U05459,2025-09-02,Pro,India,Referral,Startup,14,3,2,7,0,0,,79,31.72,790
U05460,2025-05-04,Free,India,Referral,Startup,10,1,1,1,0,0,,0,29.48,0
U05461,2025-04-04,Free,Germany,Partner,Mid-Market,6,7,1,2,0,0,,0,98.27,0
U05462,2025-02-16,Free,India,Paid Search,SMB,9,4,2,1,0,1,2025-11-08,0,78.61,0
U05463,2025-09-10,Free,India,Paid Search,SMB,8,3,0,1,0,0,,0,78.96,0
U05464,2025-02-19,Free,US,Partner,Mid-Market,5,4,0,2,1,0,,0,77.85,0
U05465,2025-04-17,Free,UK,Referral,SMB,15,5,2,2,0,1,2025-11-13,0,43.89,0
U05466,2025-09-04,Free,Australia,Paid Search,SMB,6,3,0,1,0,1,2026-04-06,0,73.64,0
U05467,2025-04-23,Free,Germany,Organic,SMB,13,1,1,2,0,1,2025-10-25,0,39.25,0
U05468,2025-01-18,Business,Germany,Content,Mid-Market,15,6,1,11,0,0,,249,13.09,3486
U05469,2025-06-17,Pro,US,Organic,SMB,14,6,1,3,0,0,,79,48.45,1106
U05470,2025-09-11,Pro,US,Organic,Startup,8,6,1,2,0,0,,79,23.93,948
U05471,2025-07-28,Free,UK,Paid Search,Startup,7,5,0,2,0,0,,0,99.84,0
U05472,2025-02-11,Business,US,Organic,Enterprise,15,7,1,8,0,0,,249,47.35,1992
U05473,2025-08-25,Pro,UK,Content,Startup,18,8,2,3,0,0,,79,35.26,790
U05474,2025-02-20,Pro,US,Paid Search,Mid-Market,7,7,1,3,0,1,2025-07-13,79,120.41,395
U05475,2025-10-15,Pro,Canada,Content,SMB,8,6,0,3,0,1,2025-12-27,79,46.06,158
U05476,2025-01-29,Pro,Canada,Paid Search,SMB,11,6,0,5,0,0,,79,121.33,711
U05477,2025-02-18,Free,India,Paid Search,Mid-Market,17,2,0,2,0,1,2025-04-07,0,83.69,0
U05478,2025-04-08,Pro,India,Partner,SMB,8,5,0,2,0,1,2026-01-28,79,69.73,790
U05479,2025-02-21,Free,India,Partner,SMB,12,5,1,2,0,0,,0,80.5,0
U05480,2025-06-15,Free,UK,Organic,SMB,12,5,0,3,0,0,,0,38.09,0
U05481,2025-01-22,Pro,India,Organic,Mid-Market,19,8,2,5,1,0,,79,22.13,1027
U05482,2025-05-13,Pro,Canada,Referral,Mid-Market,15,9,0,2,0,0,,79,29.28,1027
U05483,2025-04-12,Pro,Germany,Organic,SMB,19,5,1,3,0,0,,79,27.17,869
U05484,2025-09-21,Free,US,Organic,Startup,9,4,2,1,0,0,,0,46.24,0
U05485,2025-08-26,Free,India,Paid Search,Startup,8,4,3,1,0,0,,0,72.72,0
U05486,2025-07-11,Free,India,Content,SMB,7,6,3,4,0,0,,0,21.84,0
U05487,2025-09-30,Free,India,Partner,SMB,11,2,0,2,0,1,2026-01-19,0,53.98,0
U05488,2025-04-17,Pro,UK,Referral,SMB,17,7,1,3,1,0,,79,38.98,948
U05489,2025-06-10,Free,US,Referral,SMB,13,5,0,3,0,1,2025-09-02,0,22.17,0
U05490,2025-05-14,Pro,India,Organic,SMB,10,6,1,3,0,1,2026-02-27,79,38.28,790
U05491,2025-02-17,Business,Canada,Partner,SMB,14,7,0,9,0,0,,249,86.28,2988
U05492,2025-03-07,Pro,India,Organic,SMB,12,7,1,5,0,0,,79,50.3,790
U05493,2025-07-27,Free,UK,Referral,Startup,6,4,1,4,0,1,2026-04-08,0,32.03,0
U05494,2025-07-29,Business,Canada,Paid Search,Mid-Market,14,9,0,7,1,1,2025-10-13,249,106.29,747
U05495,2025-01-23,Free,India,Organic,Enterprise,8,4,1,3,0,1,2025-02-28,0,38.7,0
U05496,2025-06-08,Free,Germany,Organic,Startup,8,5,0,3,0,0,,0,53.26,0
U05497,2025-07-07,Free,US,Organic,Startup,8,4,3,2,0,1,2026-02-12,0,41.16,0
U05498,2025-07-08,Free,US,Partner,Mid-Market,12,4,1,5,1,1,2026-04-15,0,80.26,0
U05499,2025-03-26,Free,US,Referral,Startup,5,1,2,1,0,1,2025-10-09,0,43.42,0
U05500,2025-01-10,Free,India,Organic,Startup,3,7,2,3,0,0,,0,24.2,0
U05501,2025-02-28,Pro,UK,Paid Search,Mid-Market,18,8,1,6,0,0,,79,56.88,869
U05502,2025-09-20,Free,India,Referral,SMB,7,2,2,4,0,1,2026-04-17,0,37.82,0
U05503,2025-05-18,Free,India,Paid Search,SMB,10,3,2,2,0,1,2025-11-16,0,100.3,0
U05504,2025-09-25,Free,India,Paid Search,Startup,12,1,0,2,1,0,,0,95.15,0
U05505,2025-02-07,Pro,Germany,Paid Search,SMB,15,6,2,9,0,1,2025-05-26,79,89.04,316
U05506,2025-08-05,Free,India,Partner,Enterprise,10,5,0,4,0,0,,0,57.12,0
U05507,2025-06-04,Free,UK,Partner,SMB,10,3,2,2,0,1,2025-07-23,0,82.76,0
U05508,2025-01-26,Free,US,Paid Search,SMB,7,4,1,4,0,0,,0,111.29,0
U05509,2025-06-28,Pro,India,Organic,Startup,13,4,0,6,1,0,,79,31.04,869
U05510,2025-04-15,Free,India,Content,Mid-Market,14,3,2,6,0,1,2025-09-21,0,37.58,0
U05511,2025-05-18,Free,Canada,Referral,SMB,9,3,1,2,0,0,,0,43.77,0
U05512,2025-03-24,Free,US,Organic,Mid-Market,10,4,1,1,0,0,,0,34.19,0
U05513,2025-02-07,Pro,UK,Content,SMB,8,6,1,6,0,1,2025-06-16,79,42.67,316
U05514,2025-05-07,Free,India,Paid Search,Enterprise,9,4,0,3,0,0,,0,93.27,0
U05515,2025-09-30,Business,US,Content,SMB,16,7,1,9,0,1,2026-07-17,249,41.22,2490
U05516,2025-01-31,Free,India,Content,SMB,7,7,1,3,1,0,,0,27.33,0
U05517,2025-08-23,Free,India,Paid Search,SMB,12,1,4,1,0,1,2025-12-29,0,96.81,0
U05518,2025-03-10,Pro,India,Partner,Startup,5,6,1,7,0,0,,79,37.66,711
U05519,2025-04-06,Pro,US,Organic,SMB,11,5,1,3,1,0,,79,38.12,790
U05520,2025-05-15,Free,US,Paid Search,Startup,14,6,1,3,0,0,,0,108.3,0
U05521,2025-01-21,Free,US,Organic,SMB,9,7,1,3,0,0,,0,45.02,0
U05522,2025-09-17,Free,US,Content,Startup,4,4,2,1,0,0,,0,31.66,0
U05523,2025-05-10,Pro,India,Referral,SMB,13,6,1,2,0,0,,79,54.81,948
U05524,2025-09-09,Free,India,Referral,SMB,12,2,0,2,0,1,2026-06-16,0,23.82,0
U05525,2025-03-27,Pro,UK,Paid Search,Startup,6,8,2,2,0,1,2025-11-09,79,97.79,632
U05526,2025-07-15,Pro,UK,Referral,SMB,9,6,2,3,1,0,,79,37.58,790
U05527,2025-02-06,Free,India,Paid Search,SMB,5,1,4,2,0,1,2025-10-14,0,107.99,0
U05528,2025-01-07,Free,US,Content,Enterprise,15,3,2,2,0,0,,0,32.43,0
U05529,2025-03-11,Business,India,Paid Search,Startup,16,8,1,8,1,0,,249,119.28,2739
U05530,2025-05-30,Free,India,Paid Search,Mid-Market,8,4,2,2,0,0,,0,84.49,0
U05531,2025-05-16,Free,India,Paid Search,SMB,6,2,5,1,0,1,2025-08-17,0,92.37,0
U05532,2025-10-07,Free,India,Organic,SMB,13,3,0,1,1,0,,0,28.06,0
U05533,2025-04-05,Business,Germany,Organic,Mid-Market,23,6,0,8,0,0,,249,16.6,2988
U05534,2025-03-15,Free,India,Content,SMB,8,3,2,2,1,0,,0,48.49,0
U05535,2025-08-03,Free,India,Paid Search,SMB,6,3,1,4,0,0,,0,88.27,0
U05536,2025-01-11,Free,India,Organic,Startup,11,5,1,3,0,0,,0,32.83,0
U05537,2025-09-16,Pro,Germany,Organic,Enterprise,16,7,0,2,0,1,2025-11-20,79,27.74,158
U05538,2025-04-09,Pro,India,Paid Search,SMB,8,4,1,3,0,0,,79,109.34,1106
U05539,2025-04-04,Free,UK,Content,Mid-Market,8,2,0,3,0,0,,0,37.24,0
U05540,2025-05-13,Free,India,Paid Search,Startup,12,3,1,4,0,0,,0,69.21,0
U05541,2025-03-09,Free,US,Referral,Enterprise,7,2,1,3,0,0,,0,32.6,0
U05542,2025-10-15,Free,Germany,Paid Search,Startup,8,2,0,1,0,1,2026-08-18,0,119.75,0
U05543,2025-02-15,Pro,Germany,Organic,Mid-Market,17,6,1,4,0,0,,79,26.06,1027
U05544,2025-10-23,Free,Canada,Organic,Startup,6,4,2,1,0,0,,0,34.32,0
U05545,2025-05-27,Pro,Canada,Organic,SMB,19,6,3,4,0,0,,79,37.15,1027
U05546,2025-01-25,Free,UK,Content,SMB,6,2,2,2,0,1,2025-07-16,0,45.59,0
U05547,2025-03-27,Pro,India,Paid Search,Startup,14,4,0,3,0,0,,79,133.19,711
U05548,2025-07-07,Pro,US,Organic,SMB,18,7,0,5,0,0,,79,34.03,948
U05549,2025-09-30,Business,Germany,Organic,Enterprise,10,9,1,5,0,1,2026-06-06,249,26.87,1992
U05550,2025-04-30,Free,Australia,Paid Search,SMB,13,6,1,3,0,0,,0,84.28,0
U05551,2025-03-29,Pro,US,Content,Startup,9,6,1,5,0,0,,79,27.89,869
U05552,2025-07-30,Pro,US,Content,SMB,13,6,2,5,1,0,,79,39.67,1106
U05553,2025-04-13,Free,US,Organic,Startup,14,1,1,2,0,0,,0,43.71,0
U05554,2025-09-27,Pro,India,Referral,Mid-Market,21,7,1,6,0,1,2025-12-23,79,47.35,237
U05555,2025-01-19,Pro,Canada,Organic,SMB,9,8,1,3,0,0,,79,32.51,1027
U05556,2025-08-15,Business,Canada,Partner,SMB,12,8,2,11,0,1,2025-12-17,249,51.09,996
U05557,2025-06-09,Pro,US,Organic,SMB,13,5,1,4,0,0,,79,32.09,711
U05558,2025-05-17,Pro,US,Partner,Startup,19,5,0,7,0,0,,79,70.84,869
U05559,2025-03-04,Pro,Germany,Referral,SMB,18,4,0,5,1,1,2025-08-23,79,35.97,474
U05560,2025-01-12,Free,US,Content,Startup,8,3,1,2,1,0,,0,34.8,0
U05561,2025-08-13,Free,US,Partner,Mid-Market,7,3,2,3,0,1,2026-06-10,0,65.75,0
U05562,2025-10-05,Pro,Canada,Paid Search,SMB,13,4,1,6,0,0,,79,88.53,1027
U05563,2025-06-20,Free,Germany,Content,Mid-Market,11,5,3,3,0,0,,0,24.81,0
U05564,2025-10-08,Business,India,Referral,Enterprise,22,7,1,8,1,0,,249,33.44,3486
U05565,2025-04-28,Pro,UK,Organic,Enterprise,10,8,1,6,1,1,2025-07-03,79,15.64,158
U05566,2025-07-12,Free,Germany,Partner,SMB,7,5,0,4,0,0,,0,63.38,0
U05567,2025-01-07,Free,UK,Paid Search,Startup,10,7,1,2,0,0,,0,91.93,0
U05568,2025-09-23,Pro,Germany,Content,Startup,15,7,4,4,0,0,,79,39.85,790
U05569,2025-07-25,Business,US,Organic,Startup,21,10,0,5,1,0,,249,40.67,2739
U05570,2025-04-10,Pro,US,Content,SMB,13,5,0,5,1,0,,79,26.48,1027
U05571,2025-02-27,Free,Australia,Organic,Startup,11,2,0,2,0,0,,0,29.42,0
U05572,2025-04-15,Business,US,Content,Startup,18,7,0,11,1,0,,249,49.2,2988
U05573,2025-05-03,Free,India,Partner,Startup,6,2,1,5,0,1,2025-06-16,0,100.38,0
U05574,2025-10-17,Pro,Germany,Paid Search,Startup,10,7,0,6,0,1,2026-06-07,79,123.89,632
U05575,2025-07-12,Pro,US,Organic,Enterprise,9,7,1,5,1,0,,79,38.35,1027
U05576,2025-04-11,Pro,India,Partner,SMB,9,9,0,9,0,0,,79,105.71,948
U05577,2025-04-08,Pro,Australia,Paid Search,Mid-Market,10,5,0,4,0,1,2025-11-07,79,94.61,553
U05578,2025-05-17,Business,India,Organic,Mid-Market,9,8,0,10,1,0,,249,36.97,3237
U05579,2025-09-05,Pro,India,Organic,SMB,13,5,1,4,0,1,2026-06-12,79,33.83,711
U05580,2025-04-08,Business,UK,Organic,SMB,20,9,1,11,0,0,,249,46.31,2241
U05581,2025-07-13,Free,Germany,Referral,Mid-Market,13,1,1,3,0,0,,0,48.51,0
U05582,2025-03-06,Business,Canada,Paid Search,Startup,13,11,2,6,0,1,2025-11-08,249,64.4,1992
U05583,2025-01-11,Free,US,Referral,Mid-Market,7,4,4,1,0,0,,0,29.28,0
U05584,2025-05-12,Free,Canada,Paid Search,SMB,5,5,1,1,0,1,2025-07-25,0,66.76,0
U05585,2025-02-19,Business,Canada,Partner,Mid-Market,12,9,0,8,1,0,,249,82.04,3237
U05586,2025-08-14,Free,Australia,Referral,Mid-Market,3,1,4,1,0,1,2026-04-28,0,56.47,0
U05587,2025-07-06,Free,US,Referral,Startup,5,4,0,2,0,0,,0,39.99,0
U05588,2025-08-10,Pro,Canada,Content,Startup,13,6,0,10,0,0,,79,23.94,869
U05589,2025-06-20,Free,Germany,Paid Search,Startup,4,7,1,2,0,1,2025-12-28,0,122.63,0
U05590,2025-01-15,Business,US,Organic,SMB,19,10,0,9,1,0,,249,29.79,2241
U05591,2025-09-16,Business,India,Organic,Mid-Market,18,5,1,9,0,0,,249,48.71,3237
U05592,2025-04-09,Pro,Australia,Organic,SMB,12,6,0,5,0,0,,79,27.3,632
U05593,2025-08-25,Business,Australia,Paid Search,Startup,19,5,0,12,1,0,,249,95.17,2490
U05594,2025-08-31,Business,India,Referral,SMB,15,7,0,9,1,0,,249,39.76,2739
U05595,2025-05-23,Free,US,Referral,Startup,9,5,2,3,0,0,,0,30.0,0
U05596,2025-09-07,Free,Canada,Partner,SMB,9,3,1,2,1,1,2026-03-12,0,68.54,0
U05597,2025-04-16,Business,India,Organic,Mid-Market,20,7,1,8,1,0,,249,44.89,2490
U05598,2025-04-09,Free,US,Content,Enterprise,5,1,0,3,0,1,2025-12-14,0,14.46,0
U05599,2025-02-26,Business,Germany,Organic,Startup,14,6,0,6,1,0,,249,24.13,3486
U05600,2025-08-29,Free,Canada,Organic,Mid-Market,9,5,2,3,0,0,,0,25.04,0
U05601,2025-04-12,Free,UK,Referral,SMB,6,3,1,4,0,1,2025-06-29,0,8.65,0
U05602,2025-08-05,Pro,India,Organic,Startup,4,6,0,5,0,0,,79,20.24,869
U05603,2025-04-18,Pro,UK,Referral,SMB,15,6,2,5,1,0,,79,27.35,1106
U05604,2025-04-15,Free,US,Content,Startup,9,3,0,4,0,1,2026-02-08,0,29.91,0
U05605,2025-02-20,Free,India,Referral,Mid-Market,6,6,3,2,0,0,,0,40.05,0
U05606,2025-06-09,Free,Canada,Content,SMB,12,5,3,1,0,0,,0,51.37,0
U05607,2025-05-15,Pro,UK,Referral,SMB,14,8,0,4,0,0,,79,28.48,1027
U05608,2025-02-21,Pro,US,Organic,SMB,12,7,0,2,0,1,2025-12-11,79,21.7,790
U05609,2025-07-14,Pro,Canada,Organic,Mid-Market,11,6,1,4,1,0,,79,38.53,948
U05610,2025-01-09,Pro,Australia,Partner,SMB,13,7,0,2,0,0,,79,88.21,869
U05611,2025-05-16,Free,India,Paid Search,Enterprise,6,3,3,2,0,1,2025-09-08,0,107.55,0
U05612,2025-03-08,Free,India,Content,SMB,6,4,2,3,0,1,2025-04-13,0,22.69,0
U05613,2025-02-03,Business,US,Partner,Mid-Market,11,6,2,9,1,0,,249,66.16,2490
U05614,2025-06-22,Free,UK,Referral,SMB,9,1,1,4,0,0,,0,46.75,0
U05615,2025-01-02,Free,US,Partner,Startup,12,1,1,2,0,1,2025-07-23,0,73.95,0
U05616,2025-08-22,Pro,India,Content,Startup,10,10,2,3,1,0,,79,29.95,869
U05617,2025-03-29,Pro,US,Paid Search,Enterprise,13,7,2,5,0,0,,79,100.63,869
U05618,2025-10-01,Free,US,Referral,Startup,7,6,0,2,0,0,,0,14.71,0
U05619,2025-02-10,Pro,US,Organic,Startup,10,7,0,4,0,0,,79,24.97,711
U05620,2025-09-25,Free,Canada,Organic,SMB,4,2,1,5,0,0,,0,28.58,0
U05621,2025-08-06,Free,Canada,Organic,SMB,4,4,1,2,0,0,,0,32.96,0
U05622,2025-01-14,Free,Australia,Referral,Mid-Market,5,3,0,3,0,0,,0,34.44,0
U05623,2025-04-06,Free,UK,Organic,Startup,8,7,2,2,0,0,,0,22.16,0
U05624,2025-09-15,Pro,India,Referral,SMB,20,7,3,5,0,1,2026-07-23,79,17.0,790
U05625,2025-03-14,Pro,India,Referral,Startup,10,6,1,5,0,0,,79,33.27,948
U05626,2025-02-01,Pro,India,Partner,SMB,13,6,0,3,1,0,,79,65.8,948
U05627,2025-07-31,Free,Australia,Paid Search,Startup,3,3,2,2,0,1,2025-12-15,0,100.15,0
U05628,2025-01-25,Free,Canada,Organic,Mid-Market,5,5,0,1,0,0,,0,56.78,0
U05629,2025-06-19,Pro,US,Content,Mid-Market,9,6,0,5,0,0,,79,36.9,790
U05630,2025-04-04,Pro,US,Organic,Enterprise,11,7,1,4,1,0,,79,36.08,948
U05631,2025-04-12,Pro,India,Organic,Enterprise,17,8,0,2,0,0,,79,27.82,948
U05632,2025-03-29,Business,Germany,Organic,SMB,16,9,4,7,0,0,,249,37.47,2241
U05633,2025-03-08,Pro,US,Paid Search,Startup,13,9,0,5,0,0,,79,111.93,790
U05634,2025-09-11,Free,US,Content,Startup,13,2,2,4,0,1,2026-06-02,0,37.69,0
U05635,2025-02-26,Pro,India,Paid Search,SMB,9,4,0,2,1,0,,79,84.16,632
U05636,2025-04-25,Pro,UK,Content,Startup,19,9,2,2,0,0,,79,41.01,1027
U05637,2025-01-09,Pro,India,Content,Enterprise,17,9,0,3,0,0,,79,26.97,1027
U05638,2025-03-29,Pro,US,Organic,Startup,10,3,1,6,0,0,,79,51.16,790
U05639,2025-06-01,Pro,India,Organic,SMB,11,5,0,4,0,0,,79,44.3,711
U05640,2025-06-11,Pro,US,Organic,Mid-Market,12,7,0,6,0,0,,79,36.01,948
U05641,2025-09-07,Pro,UK,Partner,SMB,12,6,0,5,0,0,,79,56.29,1027
U05642,2025-10-10,Pro,UK,Organic,Enterprise,16,5,2,3,0,0,,79,19.77,711
U05643,2025-07-05,Free,Germany,Organic,SMB,8,4,0,3,0,1,2025-12-11,0,48.04,0
U05644,2025-03-26,Free,US,Partner,SMB,4,2,1,1,0,1,2025-11-02,0,110.0,0
U05645,2025-04-21,Free,UK,Partner,Startup,6,1,0,3,0,1,2026-01-24,0,96.6,0
U05646,2025-09-06,Free,UK,Organic,Startup,4,4,3,2,0,0,,0,44.35,0
U05647,2025-06-15,Pro,US,Organic,SMB,9,8,2,3,0,0,,79,32.59,711
U05648,2025-08-07,Free,Canada,Content,SMB,11,4,4,4,0,0,,0,26.28,0
U05649,2025-10-10,Business,US,Organic,Startup,16,10,1,7,0,0,,249,38.36,3237
U05650,2025-05-21,Business,India,Paid Search,Startup,10,9,0,12,1,0,,249,103.73,2490
U05651,2025-08-05,Pro,Germany,Paid Search,Enterprise,12,5,2,3,1,0,,79,106.12,1027
U05652,2025-08-12,Pro,Germany,Paid Search,Startup,14,8,2,6,1,1,2026-03-12,79,68.67,553
U05653,2025-09-06,Free,India,Organic,Enterprise,7,3,1,4,0,1,2026-03-05,0,38.35,0
U05654,2025-05-30,Free,Canada,Paid Search,Enterprise,11,2,3,2,0,1,2026-01-31,0,88.47,0
U05655,2025-06-04,Pro,Germany,Paid Search,Startup,18,6,2,7,0,0,,79,137.41,790
U05656,2025-07-30,Pro,Canada,Paid Search,SMB,8,5,0,10,0,0,,79,94.9,790
U05657,2025-05-16,Business,UK,Paid Search,SMB,15,7,0,10,1,0,,249,70.2,2490
U05658,2025-04-16,Pro,US,Referral,Startup,8,8,1,10,0,0,,79,36.61,948
U05659,2025-03-14,Free,Canada,Paid Search,SMB,5,8,2,3,0,1,2025-07-04,0,81.66,0
U05660,2025-05-23,Business,US,Paid Search,Mid-Market,4,9,0,6,0,0,,249,63.86,2241
U05661,2025-06-03,Free,India,Partner,Startup,8,5,0,2,0,0,,0,103.66,0
U05662,2025-03-05,Business,India,Organic,SMB,14,6,1,13,1,0,,249,28.14,2739
U05663,2025-05-02,Free,Germany,Referral,Startup,10,6,1,3,0,0,,0,49.39,0
U05664,2025-04-05,Free,India,Organic,SMB,12,2,2,2,0,1,2026-01-28,0,38.79,0
U05665,2025-08-05,Free,India,Organic,Startup,3,3,1,4,0,0,,0,43.18,0
U05666,2025-10-25,Free,US,Content,Mid-Market,11,5,2,3,0,0,,0,31.99,0
U05667,2025-02-07,Free,UK,Paid Search,Startup,7,6,1,2,0,0,,0,118.57,0
U05668,2025-06-29,Free,Australia,Organic,Startup,6,5,3,2,0,1,2025-10-04,0,53.79,0
U05669,2025-02-26,Free,India,Organic,SMB,11,4,0,3,0,0,,0,33.86,0
U05670,2025-07-08,Pro,Canada,Content,Startup,12,8,0,2,1,0,,79,46.57,711
U05671,2025-02-18,Pro,India,Organic,Startup,9,3,0,5,0,0,,79,15.1,1027
U05672,2025-04-08,Free,US,Organic,Mid-Market,12,2,3,5,0,1,2025-10-21,0,54.27,0
U05673,2025-10-18,Pro,US,Organic,Mid-Market,5,11,2,7,0,0,,79,30.47,790
U05674,2025-07-04,Free,US,Paid Search,SMB,11,3,0,5,0,0,,0,68.12,0
U05675,2025-03-29,Free,US,Paid Search,Mid-Market,10,3,0,1,0,0,,0,77.77,0
U05676,2025-03-19,Business,US,Paid Search,Mid-Market,21,10,2,7,1,0,,249,105.76,2490
U05677,2025-05-18,Pro,Germany,Content,SMB,11,6,0,3,0,0,,79,36.5,711
U05678,2025-04-23,Pro,India,Partner,Startup,12,6,1,3,1,0,,79,54.58,711
U05679,2025-10-08,Pro,India,Organic,Startup,13,6,0,7,0,0,,79,48.82,1106
U05680,2025-10-21,Pro,India,Paid Search,Mid-Market,6,6,0,5,1,0,,79,92.36,790
U05681,2025-02-27,Free,US,Partner,Enterprise,8,2,3,3,1,1,2025-09-18,0,46.8,0
U05682,2025-08-18,Free,US,Organic,Mid-Market,12,4,2,1,0,0,,0,56.71,0
U05683,2025-08-31,Free,Canada,Paid Search,Mid-Market,7,4,1,3,0,1,2025-11-24,0,129.15,0
U05684,2025-05-10,Business,India,Content,Startup,12,8,0,7,1,1,2025-06-23,249,24.77,249
U05685,2025-03-25,Business,US,Organic,Mid-Market,13,7,1,9,1,0,,249,31.05,2739
U05686,2025-06-17,Pro,India,Paid Search,Startup,18,7,0,5,1,0,,79,101.06,1027
U05687,2025-01-15,Pro,Germany,Referral,Mid-Market,10,7,2,3,0,1,2025-08-15,79,40.65,553
U05688,2025-04-04,Free,India,Referral,Enterprise,9,4,2,2,1,0,,0,23.76,0
U05689,2025-07-14,Pro,India,Partner,Startup,12,5,2,4,0,0,,79,53.43,790
U05690,2025-07-31,Free,US,Organic,Mid-Market,5,3,0,3,0,1,2026-01-28,0,40.74,0
U05691,2025-01-01,Pro,US,Referral,Mid-Market,13,6,1,3,0,0,,79,47.85,790
U05692,2025-03-29,Pro,India,Partner,Mid-Market,13,6,1,4,0,0,,79,69.74,869
U05693,2025-01-29,Free,US,Organic,Startup,8,7,3,2,0,0,,0,40.18,0
U05694,2025-09-10,Pro,Germany,Organic,Mid-Market,13,3,1,1,1,0,,79,43.51,869
U05695,2025-05-06,Pro,India,Paid Search,SMB,10,5,0,3,0,0,,79,114.09,1027
U05696,2025-10-11,Free,India,Referral,SMB,5,5,2,2,0,0,,0,40.19,0
U05697,2025-05-24,Free,Germany,Paid Search,Mid-Market,7,3,2,5,0,1,2026-02-06,0,102.5,0
U05698,2025-07-20,Pro,India,Referral,SMB,14,5,2,2,0,0,,79,43.09,869
U05699,2025-04-14,Free,US,Organic,Mid-Market,5,4,4,2,0,1,2025-06-27,0,52.06,0
U05700,2025-03-02,Pro,India,Content,SMB,8,7,1,6,1,0,,79,31.04,1027
U05701,2025-10-24,Pro,UK,Paid Search,SMB,14,10,2,5,1,0,,79,106.48,948
U05702,2025-05-12,Free,US,Content,SMB,7,2,1,2,0,0,,0,34.1,0
U05703,2025-02-04,Free,India,Paid Search,SMB,9,1,3,1,1,0,,0,93.55,0
U05704,2025-03-28,Pro,India,Content,Startup,10,2,1,8,1,1,2025-10-01,79,35.68,474
U05705,2025-01-18,Free,UK,Paid Search,SMB,10,5,0,3,0,0,,0,78.13,0
U05706,2025-04-21,Business,Germany,Partner,SMB,22,7,1,14,0,0,,249,70.67,2739
U05707,2025-03-04,Free,Canada,Paid Search,Startup,11,4,2,2,0,0,,0,104.74,0
U05708,2025-02-18,Pro,Germany,Organic,SMB,18,7,3,5,0,0,,79,26.56,1106
U05709,2025-06-20,Free,India,Organic,Startup,11,2,3,1,1,1,2025-08-22,0,21.66,0
U05710,2025-07-01,Pro,US,Organic,SMB,14,5,2,5,1,0,,79,31.93,711
U05711,2025-10-14,Business,US,Partner,SMB,13,8,3,5,1,0,,249,85.84,2739
U05712,2025-04-08,Business,India,Paid Search,SMB,12,6,0,8,0,0,,249,112.52,2739
U05713,2025-02-18,Pro,India,Organic,Mid-Market,11,9,1,2,1,0,,79,39.37,632
U05714,2025-02-19,Pro,Canada,Content,Mid-Market,7,4,2,2,0,0,,79,28.65,1106
U05715,2025-03-20,Business,US,Organic,Enterprise,11,9,1,9,1,0,,249,46.99,2241
U05716,2025-10-09,Free,India,Organic,SMB,4,1,2,1,0,0,,0,16.2,0
U05717,2025-06-06,Free,India,Content,Startup,13,1,2,3,0,0,,0,48.24,0
U05718,2025-01-09,Free,US,Paid Search,SMB,6,3,0,2,0,1,2025-05-28,0,70.93,0
U05719,2025-04-30,Business,UK,Referral,Startup,9,6,0,9,0,0,,249,46.88,2241
U05720,2025-10-27,Pro,US,Organic,Mid-Market,13,5,2,5,1,0,,79,20.78,869
U05721,2025-05-15,Free,India,Paid Search,SMB,11,3,3,1,0,1,2025-11-30,0,70.43,0
U05722,2025-02-01,Free,Germany,Organic,Startup,9,5,0,3,0,1,2025-03-29,0,30.04,0
U05723,2025-02-10,Free,US,Organic,SMB,16,1,2,1,0,0,,0,61.81,0
U05724,2025-05-14,Pro,India,Paid Search,SMB,20,7,0,5,1,0,,79,89.97,1027
U05725,2025-04-08,Free,UK,Referral,Startup,8,4,0,4,0,0,,0,21.92,0
U05726,2025-05-26,Pro,India,Partner,Startup,20,7,0,2,0,0,,79,80.53,711
U05727,2025-07-11,Business,US,Organic,SMB,26,6,0,6,1,0,,249,47.44,2988
U05728,2025-08-11,Free,India,Organic,SMB,7,1,2,5,0,1,2025-10-13,0,35.13,0
U05729,2025-07-13,Free,Canada,Content,Startup,4,3,1,1,0,0,,0,52.22,0
U05730,2025-10-02,Free,India,Partner,Mid-Market,8,4,3,2,0,1,2026-06-12,0,48.7,0
U05731,2025-03-13,Pro,US,Paid Search,Startup,10,7,0,3,1,0,,79,89.62,948
U05732,2025-04-26,Free,India,Content,Mid-Market,6,5,1,2,0,1,2026-03-03,0,39.34,0
U05733,2025-02-21,Business,India,Content,SMB,15,11,1,6,1,0,,249,32.39,2241
U05734,2025-07-31,Free,Canada,Partner,Startup,6,6,1,3,1,1,2026-04-08,0,81.77,0
U05735,2025-03-13,Free,Canada,Content,Enterprise,8,1,1,1,0,0,,0,44.12,0
U05736,2025-01-08,Pro,UK,Paid Search,SMB,14,5,2,4,0,0,,79,100.14,1027
U05737,2025-09-02,Business,US,Organic,SMB,15,6,1,5,0,0,,249,43.11,3486
U05738,2025-01-08,Free,US,Content,SMB,8,2,1,2,0,1,2025-11-17,0,48.73,0
U05739,2025-03-13,Pro,US,Organic,Startup,14,6,1,5,1,0,,79,22.04,1106
U05740,2025-04-11,Pro,US,Organic,SMB,19,8,0,4,0,0,,79,34.43,790
U05741,2025-05-27,Free,Germany,Organic,Enterprise,7,2,0,2,0,1,2025-12-23,0,36.09,0
U05742,2025-04-26,Pro,Canada,Organic,SMB,14,3,1,4,1,0,,79,26.87,711
U05743,2025-01-06,Pro,Canada,Partner,Startup,14,7,0,4,0,0,,79,67.87,1106
U05744,2025-04-26,Free,Canada,Partner,SMB,5,3,1,2,0,1,2025-10-07,0,64.61,0
U05745,2025-09-21,Free,US,Content,Startup,9,5,4,2,1,1,2026-01-27,0,26.71,0
U05746,2025-05-06,Business,US,Organic,Startup,14,9,0,9,1,0,,249,25.79,3237
U05747,2025-04-02,Free,India,Organic,Startup,12,8,1,2,0,0,,0,30.92,0
U05748,2025-07-06,Business,US,Referral,SMB,15,7,1,12,1,0,,249,36.56,2241
U05749,2025-08-28,Business,US,Referral,Mid-Market,11,10,0,9,0,0,,249,21.76,2241
U05750,2025-03-07,Pro,India,Partner,SMB,11,8,1,5,0,0,,79,70.15,948
U05751,2025-08-04,Free,Canada,Referral,SMB,6,2,1,3,0,1,2026-01-27,0,40.77,0
U05752,2025-04-25,Pro,US,Paid Search,Mid-Market,13,4,1,3,1,0,,79,85.56,790
U05753,2025-02-14,Business,India,Content,Startup,20,9,0,7,1,0,,249,45.03,2241
U05754,2025-04-10,Business,Australia,Partner,Startup,18,8,1,12,1,0,,249,91.07,2739
U05755,2025-06-03,Pro,US,Content,Enterprise,18,7,0,2,0,0,,79,21.32,948
U05756,2025-10-25,Pro,Australia,Organic,SMB,10,7,1,3,0,0,,79,34.69,1106
U05757,2025-09-08,Pro,US,Partner,Mid-Market,9,4,0,4,1,0,,79,92.36,869
U05758,2025-02-20,Free,Canada,Organic,SMB,6,4,2,1,0,1,2025-11-17,0,34.25,0
U05759,2025-05-18,Pro,US,Partner,Mid-Market,8,5,0,5,1,0,,79,67.27,790
U05760,2025-01-16,Business,US,Content,Mid-Market,16,8,0,5,0,0,,249,31.94,2739
U05761,2025-05-27,Free,US,Content,SMB,8,4,1,3,0,0,,0,50.19,0
U05762,2025-02-26,Free,US,Organic,Mid-Market,8,4,0,4,0,0,,0,23.97,0
U05763,2025-02-01,Business,US,Content,SMB,12,10,1,4,1,0,,249,34.76,2490
U05764,2025-08-06,Free,India,Referral,Startup,14,3,1,3,0,1,2026-03-11,0,38.2,0
U05765,2025-10-06,Free,India,Organic,Mid-Market,11,2,0,2,0,1,2026-04-28,0,26.7,0
U05766,2025-02-20,Pro,UK,Organic,SMB,8,6,1,5,0,0,,79,35.95,948
U05767,2025-09-08,Free,India,Referral,Mid-Market,6,2,2,2,0,1,2026-04-21,0,41.4,0
U05768,2025-06-26,Free,US,Referral,SMB,9,3,1,3,0,0,,0,24.42,0
U05769,2025-05-22,Business,US,Partner,Mid-Market,19,10,0,5,0,0,,249,92.25,2988
U05770,2025-07-23,Free,US,Organic,Startup,10,3,2,2,0,1,2025-10-26,0,41.53,0
U05771,2025-03-12,Free,US,Organic,SMB,4,6,2,2,0,0,,0,53.11,0
U05772,2025-03-25,Free,Australia,Content,Mid-Market,7,5,3,4,0,1,2025-05-16,0,32.92,0
U05773,2025-07-26,Free,US,Content,SMB,7,4,1,4,0,1,2026-01-02,0,37.34,0
U05774,2025-09-05,Pro,UK,Paid Search,Enterprise,16,7,3,2,1,0,,79,107.14,1106
U05775,2025-03-03,Pro,Germany,Paid Search,SMB,17,6,1,9,1,1,2026-01-11,79,96.35,790
U05776,2025-10-12,Free,US,Content,Startup,10,2,1,1,0,0,,0,40.1,0
U05777,2025-08-23,Pro,UK,Partner,Startup,12,3,0,4,0,0,,79,64.77,1106
U05778,2025-03-18,Pro,US,Organic,Startup,14,8,0,9,1,0,,79,30.84,948
U05779,2025-07-29,Pro,India,Organic,Enterprise,7,5,1,5,0,0,,79,35.51,711
U05780,2025-04-13,Free,Australia,Organic,Startup,12,2,0,2,0,0,,0,33.67,0
U05781,2025-04-29,Pro,Australia,Organic,Enterprise,13,2,2,6,1,0,,79,39.69,711
U05782,2025-06-13,Pro,Australia,Paid Search,SMB,8,4,1,5,0,1,2025-08-25,79,111.83,158
U05783,2025-01-24,Free,UK,Paid Search,Startup,10,1,0,3,0,0,,0,128.54,0
U05784,2025-04-11,Pro,India,Content,SMB,12,2,2,7,0,0,,79,20.43,948
U05785,2025-01-12,Free,Canada,Referral,SMB,5,3,0,6,0,0,,0,28.2,0
U05786,2025-09-20,Pro,India,Organic,Startup,14,8,1,6,0,0,,79,33.79,1027
U05787,2025-01-04,Pro,India,Content,Mid-Market,9,4,4,5,0,0,,79,10.01,1106
U05788,2025-10-24,Free,Australia,Content,Startup,13,4,1,2,1,0,,0,29.59,0
U05789,2025-09-05,Pro,US,Referral,Startup,8,4,1,5,0,0,,79,40.16,790
U05790,2025-05-22,Pro,US,Content,Startup,18,3,2,6,0,1,2025-10-12,79,41.36,395
U05791,2025-05-11,Business,India,Organic,SMB,10,8,0,10,1,0,,249,24.3,2988
U05792,2025-07-26,Business,US,Organic,SMB,15,11,0,10,1,0,,249,32.3,2490
U05793,2025-05-04,Pro,US,Organic,SMB,15,6,0,6,1,0,,79,37.81,1106
U05794,2025-01-17,Pro,US,Partner,Startup,16,6,3,4,1,0,,79,41.34,711
U05795,2025-04-06,Pro,US,Content,SMB,12,7,0,7,0,0,,79,58.62,1106
U05796,2025-07-26,Free,India,Content,Mid-Market,8,2,3,3,0,1,2025-12-04,0,36.5,0
U05797,2025-10-13,Pro,India,Paid Search,Startup,9,6,0,5,0,0,,79,83.9,790
U05798,2025-02-25,Free,US,Organic,SMB,2,3,1,3,0,0,,0,31.77,0
U05799,2025-10-10,Free,Australia,Content,Startup,16,3,0,3,0,0,,0,15.99,0
U05800,2025-05-04,Free,Canada,Paid Search,SMB,7,1,2,2,0,0,,0,79.85,0
U05801,2025-01-16,Free,US,Organic,Mid-Market,6,4,5,4,0,0,,0,33.6,0
U05802,2025-10-27,Free,Germany,Organic,Mid-Market,7,6,1,4,0,0,,0,33.9,0
U05803,2025-09-09,Pro,India,Referral,SMB,14,5,0,4,1,0,,79,28.84,1106
U05804,2025-02-28,Free,Germany,Paid Search,Startup,10,2,0,2,0,1,2025-06-01,0,68.99,0
U05805,2025-02-23,Free,US,Referral,Mid-Market,8,4,2,2,0,0,,0,31.07,0
U05806,2025-09-02,Pro,India,Referral,SMB,11,7,3,3,0,1,2025-10-10,79,29.98,79
U05807,2025-06-13,Free,US,Partner,Startup,8,4,0,3,0,0,,0,50.91,0
U05808,2025-01-20,Pro,India,Paid Search,Startup,13,6,1,8,1,0,,79,74.3,1027
U05809,2025-09-08,Free,US,Organic,Enterprise,11,2,0,2,1,0,,0,46.91,0
U05810,2025-09-10,Free,US,Paid Search,SMB,7,3,0,1,0,1,2025-10-10,0,76.65,0
U05811,2025-05-02,Business,US,Organic,Mid-Market,15,7,0,6,0,0,,249,34.1,2988
U05812,2025-01-28,Pro,India,Paid Search,SMB,10,6,1,5,0,0,,79,87.79,1106
U05813,2025-04-06,Free,India,Organic,SMB,6,5,2,5,0,1,2025-05-07,0,39.13,0
U05814,2025-01-04,Free,Germany,Paid Search,Startup,6,5,3,1,0,1,2025-10-04,0,107.71,0
U05815,2025-01-11,Free,Canada,Organic,Mid-Market,12,3,0,3,1,0,,0,40.05,0
U05816,2025-01-29,Free,India,Partner,SMB,9,2,2,1,0,0,,0,86.89,0
U05817,2025-01-22,Free,US,Organic,Startup,9,6,3,3,0,1,2025-08-01,0,31.73,0
U05818,2025-08-04,Business,US,Paid Search,Mid-Market,15,10,0,10,1,0,,249,88.32,2739
U05819,2025-07-08,Free,US,Referral,Enterprise,8,3,2,3,0,0,,0,36.68,0
U05820,2025-04-17,Free,US,Referral,SMB,6,3,2,1,0,1,2025-12-04,0,37.99,0
U05821,2025-08-06,Pro,India,Paid Search,SMB,17,4,1,6,0,0,,79,115.89,711
U05822,2025-02-16,Free,India,Content,Enterprise,8,5,1,3,0,0,,0,21.71,0
U05823,2025-09-06,Pro,India,Content,Startup,13,8,1,6,0,0,,79,38.84,869
U05824,2025-08-13,Free,US,Content,Startup,5,1,3,1,0,0,,0,36.33,0
U05825,2025-07-14,Business,US,Partner,Enterprise,18,5,0,9,1,0,,249,78.24,2739
U05826,2025-07-17,Free,India,Content,Mid-Market,12,6,1,5,0,0,,0,30.66,0
U05827,2025-10-25,Business,Germany,Partner,SMB,13,8,0,6,1,0,,249,62.84,2490
U05828,2025-01-28,Free,US,Organic,SMB,9,3,1,3,0,0,,0,28.38,0
U05829,2025-08-20,Free,Australia,Paid Search,Startup,9,5,5,3,0,0,,0,83.48,0
U05830,2025-06-23,Free,UK,Organic,SMB,8,6,0,1,1,0,,0,48.8,0
U05831,2025-05-29,Business,US,Organic,SMB,8,10,0,7,1,0,,249,21.23,2739
U05832,2025-05-21,Pro,India,Organic,Mid-Market,9,7,1,5,0,0,,79,32.77,869
U05833,2025-09-13,Free,US,Referral,Mid-Market,9,4,3,3,0,0,,0,34.06,0
U05834,2025-09-22,Business,US,Organic,Startup,11,8,1,4,0,0,,249,37.91,2241
U05835,2025-03-04,Business,US,Referral,Startup,15,6,0,10,0,0,,249,38.14,2490
U05836,2025-09-19,Free,US,Organic,Enterprise,16,5,0,2,0,0,,0,45.65,0
U05837,2025-09-14,Free,US,Organic,SMB,7,6,0,3,0,1,2025-12-12,0,33.55,0
U05838,2025-05-08,Business,Germany,Partner,SMB,12,6,0,8,1,0,,249,69.65,2490
U05839,2025-03-21,Free,Germany,Organic,Mid-Market,8,3,1,3,0,1,2025-07-17,0,35.1,0
U05840,2025-06-16,Business,India,Paid Search,SMB,23,8,0,9,1,0,,249,73.7,3237
U05841,2025-09-13,Free,India,Paid Search,Mid-Market,11,1,2,4,0,1,2026-01-23,0,136.74,0
U05842,2025-05-01,Free,India,Organic,SMB,9,2,1,3,0,0,,0,35.08,0
U05843,2025-08-20,Business,Germany,Paid Search,SMB,14,8,0,7,0,0,,249,104.95,3237
U05844,2025-03-05,Pro,US,Referral,Startup,12,7,1,3,0,0,,79,35.78,1027
U05845,2025-09-23,Business,UK,Paid Search,Mid-Market,24,10,0,12,0,0,,249,76.26,3237
U05846,2025-08-03,Free,India,Partner,SMB,10,3,1,5,0,0,,0,55.96,0
U05847,2025-05-17,Free,India,Paid Search,Startup,6,1,4,5,0,1,2025-11-04,0,115.13,0
U05848,2025-07-23,Free,US,Organic,Mid-Market,8,4,2,1,0,1,2025-11-23,0,42.61,0
U05849,2025-03-13,Pro,US,Organic,Startup,9,6,2,5,0,0,,79,49.51,790
U05850,2025-01-27,Business,Canada,Partner,Enterprise,15,9,1,5,1,1,2025-11-20,249,66.0,2490
U05851,2025-01-01,Free,India,Paid Search,Mid-Market,14,3,1,1,0,0,,0,82.42,0
U05852,2025-09-02,Business,UK,Content,SMB,14,12,1,10,1,1,2026-06-20,249,20.3,2490
U05853,2025-07-31,Free,India,Paid Search,Startup,8,1,3,1,1,0,,0,76.86,0
U05854,2025-10-02,Free,US,Organic,SMB,8,4,2,3,0,1,2026-02-21,0,6.33,0
U05855,2025-10-21,Free,Germany,Paid Search,Enterprise,5,1,3,1,0,0,,0,90.19,0
U05856,2025-05-04,Business,India,Paid Search,Enterprise,19,8,1,3,0,0,,249,106.79,3237
U05857,2025-02-27,Free,Germany,Paid Search,SMB,7,1,1,4,0,1,2025-12-01,0,83.45,0
U05858,2025-04-06,Free,US,Content,Startup,8,3,1,5,0,0,,0,37.44,0
U05859,2025-03-05,Free,US,Organic,Mid-Market,12,3,2,3,0,0,,0,14.69,0
U05860,2025-03-06,Pro,Australia,Organic,Startup,17,8,0,2,1,0,,79,30.15,1106
U05861,2025-10-23,Pro,India,Organic,Startup,18,8,0,4,0,0,,79,44.16,1027
U05862,2025-08-25,Free,India,Organic,Startup,6,7,3,4,0,0,,0,28.88,0
U05863,2025-04-26,Free,India,Content,Mid-Market,9,4,2,1,0,1,2025-07-25,0,39.97,0
U05864,2025-02-28,Pro,Canada,Organic,Mid-Market,7,9,1,6,0,1,2026-01-23,79,26.35,869
U05865,2025-08-24,Business,US,Paid Search,Startup,12,8,0,11,0,0,,249,90.67,3237
U05866,2025-09-14,Free,US,Organic,SMB,8,7,1,1,0,0,,0,30.51,0
U05867,2025-09-15,Business,US,Organic,Startup,19,10,2,13,0,1,2025-11-14,249,28.96,498
U05868,2025-04-12,Free,US,Organic,SMB,10,4,2,4,0,0,,0,26.83,0
U05869,2025-03-28,Free,US,Organic,SMB,13,1,3,3,0,0,,0,42.47,0
U05870,2025-03-01,Free,UK,Paid Search,Startup,11,4,2,1,0,0,,0,102.62,0
U05871,2025-03-14,Pro,UK,Organic,Mid-Market,6,5,1,4,1,0,,79,12.18,948
U05872,2025-10-26,Pro,US,Partner,Mid-Market,17,7,0,1,1,0,,79,92.29,1106
U05873,2025-04-01,Free,Australia,Organic,SMB,15,4,3,3,0,1,2025-05-24,0,23.11,0
U05874,2025-09-15,Free,India,Organic,SMB,8,5,3,2,0,0,,0,53.88,0
U05875,2025-03-08,Pro,US,Content,Mid-Market,12,5,0,5,1,0,,79,31.38,1027
U05876,2025-04-16,Pro,Australia,Organic,SMB,14,6,0,6,0,0,,79,32.5,1027
U05877,2025-05-03,Business,India,Content,Startup,16,9,0,5,0,0,,249,42.77,1992
U05878,2025-03-10,Free,US,Paid Search,Mid-Market,9,6,2,1,0,0,,0,103.9,0
U05879,2025-05-15,Free,US,Content,SMB,11,2,3,2,0,0,,0,39.89,0
U05880,2025-07-24,Business,Germany,Content,SMB,15,9,1,11,0,0,,249,26.5,3237
U05881,2025-06-20,Business,India,Partner,Startup,15,10,0,5,1,0,,249,69.07,2739
U05882,2025-07-02,Business,India,Partner,SMB,17,7,1,12,0,0,,249,78.27,2490
U05883,2025-08-01,Free,UK,Partner,SMB,5,4,1,4,0,0,,0,83.18,0
U05884,2025-09-06,Free,US,Organic,Mid-Market,11,3,1,2,0,1,2026-03-19,0,26.42,0
U05885,2025-10-17,Business,India,Referral,Startup,13,8,4,10,0,1,2026-08-06,249,35.65,2490
U05886,2025-07-03,Pro,Germany,Referral,SMB,12,6,0,6,0,1,2026-01-15,79,39.23,553
U05887,2025-01-09,Free,Australia,Partner,Startup,6,5,0,1,0,0,,0,50.04,0
U05888,2025-05-03,Free,Germany,Referral,Startup,8,5,1,2,0,1,2025-09-10,0,41.95,0
U05889,2025-04-12,Pro,Germany,Content,Enterprise,17,9,1,3,1,0,,79,47.07,711
U05890,2025-05-08,Free,India,Referral,SMB,13,2,1,1,0,1,2025-11-11,0,35.03,0
U05891,2025-03-26,Business,Australia,Content,Mid-Market,6,9,1,7,0,0,,249,41.05,2490
U05892,2025-04-02,Free,Germany,Organic,Startup,9,6,2,1,0,0,,0,47.41,0
U05893,2025-07-21,Pro,India,Organic,SMB,15,5,2,3,1,1,2026-02-14,79,25.28,553
U05894,2025-03-08,Free,US,Content,Startup,2,2,2,1,0,1,2025-08-12,0,25.84,0
U05895,2025-06-20,Pro,Germany,Organic,Enterprise,11,10,1,5,0,0,,79,14.29,711
U05896,2025-04-15,Free,Germany,Paid Search,SMB,8,6,0,1,0,1,2025-10-26,0,101.84,0
U05897,2025-08-06,Free,India,Content,Startup,4,1,4,2,0,1,2026-05-01,0,20.45,0
U05898,2025-07-26,Free,Canada,Organic,Startup,6,3,3,1,0,1,2026-03-22,0,19.76,0
U05899,2025-10-22,Pro,US,Referral,Mid-Market,12,12,1,5,0,0,,79,18.12,632
U05900,2025-10-26,Free,Germany,Paid Search,Startup,8,2,0,3,0,0,,0,107.75,0
U05901,2025-09-22,Free,UK,Paid Search,SMB,9,3,2,3,0,0,,0,75.0,0
U05902,2025-09-20,Free,US,Referral,SMB,9,1,0,5,0,0,,0,38.92,0
U05903,2025-04-08,Free,India,Content,SMB,12,1,1,1,0,0,,0,33.76,0
U05904,2025-03-03,Free,Australia,Organic,Startup,7,3,0,4,0,1,2025-06-04,0,24.62,0
U05905,2025-01-18,Free,US,Referral,Startup,10,2,4,2,1,0,,0,40.86,0
U05906,2025-08-25,Free,US,Organic,Mid-Market,4,4,0,2,0,0,,0,39.15,0
U05907,2025-10-27,Pro,Germany,Content,Mid-Market,12,7,1,3,0,1,2026-06-17,79,27.12,632
U05908,2025-02-08,Free,India,Organic,SMB,8,3,0,2,1,0,,0,25.87,0
U05909,2025-01-06,Free,India,Referral,Mid-Market,8,4,2,3,0,0,,0,43.73,0
U05910,2025-09-22,Pro,India,Content,Startup,9,6,0,2,1,0,,79,28.09,1106
U05911,2025-10-27,Pro,Australia,Content,SMB,10,3,1,2,0,0,,79,28.09,632
U05912,2025-03-22,Pro,Australia,Paid Search,SMB,13,9,1,6,0,0,,79,69.95,1106
U05913,2025-01-18,Pro,UK,Partner,SMB,8,4,0,4,1,0,,79,47.61,711
U05914,2025-05-26,Free,UK,Content,SMB,15,5,4,2,0,0,,0,39.38,0
U05915,2025-05-21,Free,India,Referral,SMB,8,3,2,1,0,0,,0,36.5,0
U05916,2025-02-14,Pro,US,Content,Startup,10,8,0,3,0,1,2026-01-04,79,27.58,869
U05917,2025-07-05,Pro,US,Organic,Startup,9,8,0,4,0,0,,79,27.47,1106
U05918,2025-05-31,Free,India,Content,SMB,5,2,1,3,0,1,2025-09-28,0,44.32,0
U05919,2025-03-31,Free,Canada,Organic,Enterprise,9,1,2,4,0,0,,0,38.03,0
U05920,2025-10-15,Business,India,Organic,SMB,18,7,0,8,0,0,,249,37.76,1992
U05921,2025-08-25,Pro,Australia,Content,Startup,12,5,1,4,0,0,,79,27.33,790
U05922,2025-09-17,Free,Germany,Organic,Startup,8,2,1,2,0,1,2026-01-11,0,29.62,0
U05923,2025-05-24,Free,US,Content,Startup,8,1,0,4,0,0,,0,27.78,0
U05924,2025-04-27,Pro,US,Organic,Startup,11,7,0,3,1,0,,79,41.99,948
U05925,2025-04-08,Free,US,Organic,SMB,6,3,1,1,0,1,2025-08-15,0,26.13,0
U05926,2025-01-29,Pro,Australia,Content,SMB,14,5,2,1,0,1,2025-03-12,79,39.76,79
U05927,2025-09-25,Free,India,Organic,Mid-Market,7,4,2,2,0,0,,0,29.32,0
U05928,2025-07-03,Pro,Canada,Referral,Mid-Market,15,7,4,3,1,0,,79,42.61,711
U05929,2025-05-22,Pro,Canada,Content,SMB,16,4,2,2,0,0,,79,43.97,869
U05930,2025-08-06,Free,Canada,Paid Search,Startup,4,5,0,4,0,1,2026-06-28,0,89.21,0
U05931,2025-03-05,Pro,India,Paid Search,Startup,17,5,4,7,0,1,2025-09-09,79,77.67,474
U05932,2025-09-29,Business,Australia,Referral,SMB,18,7,0,9,0,1,2025-11-16,249,37.99,498
U05933,2025-09-28,Business,Australia,Content,SMB,16,9,0,8,1,1,2026-04-02,249,36.31,1494
U05934,2025-08-15,Free,Germany,Partner,Startup,11,2,1,1,0,1,2026-06-28,0,96.47,0
U05935,2025-02-14,Free,UK,Referral,Mid-Market,6,5,2,3,0,0,,0,35.57,0
U05936,2025-09-25,Pro,Germany,Paid Search,SMB,10,4,0,3,0,0,,79,74.1,869
U05937,2025-04-03,Pro,UK,Organic,Startup,15,7,2,3,0,0,,79,24.56,790
U05938,2025-08-11,Free,UK,Content,Startup,5,2,1,3,1,1,2026-03-17,0,41.05,0
U05939,2025-04-17,Business,Germany,Partner,SMB,9,6,0,10,0,0,,249,55.0,2739
U05940,2025-04-21,Pro,India,Referral,SMB,13,7,0,7,0,0,,79,32.68,790
U05941,2025-06-11,Pro,India,Content,Startup,13,6,1,1,0,0,,79,23.07,1106
U05942,2025-10-20,Business,US,Organic,SMB,9,10,0,7,0,0,,249,25.58,3237
U05943,2025-05-28,Business,Canada,Partner,Startup,15,9,2,7,1,0,,249,60.09,2241
U05944,2025-03-25,Free,Australia,Partner,Enterprise,11,3,1,4,0,1,2025-09-26,0,82.39,0
U05945,2025-10-21,Business,Germany,Partner,SMB,14,8,3,8,0,0,,249,81.2,2490
U05946,2025-05-21,Free,Australia,Partner,SMB,8,2,1,2,0,0,,0,79.55,0
U05947,2025-07-06,Free,US,Partner,SMB,2,1,2,1,0,1,2025-10-21,0,45.72,0
U05948,2025-07-07,Pro,Germany,Referral,Startup,12,7,1,4,0,1,2026-05-12,79,25.62,790
U05949,2025-09-06,Free,India,Partner,Mid-Market,6,6,1,3,0,0,,0,75.79,0
U05950,2025-07-01,Business,Canada,Paid Search,Startup,14,10,2,10,0,0,,249,76.87,3486
U05951,2025-02-04,Pro,Canada,Content,Startup,20,7,1,8,0,0,,79,28.0,869
U05952,2025-07-25,Business,India,Content,Startup,15,6,1,3,1,0,,249,37.89,3486
U05953,2025-04-21,Business,India,Organic,Startup,9,9,1,4,1,0,,249,29.47,2988
U05954,2025-06-22,Free,India,Partner,Mid-Market,3,2,2,4,1,1,2025-08-20,0,59.92,0
U05955,2025-02-26,Free,India,Content,Startup,4,2,2,2,0,0,,0,37.57,0
U05956,2025-02-08,Free,India,Partner,SMB,10,4,3,1,0,0,,0,65.0,0
U05957,2025-05-05,Free,Canada,Organic,SMB,15,2,1,3,0,0,,0,21.23,0
U05958,2025-09-01,Pro,India,Paid Search,Mid-Market,16,7,1,2,1,0,,79,63.68,1027
U05959,2025-09-26,Free,US,Content,Startup,14,4,1,5,0,0,,0,23.54,0
U05960,2025-07-30,Free,India,Paid Search,SMB,8,5,1,2,0,1,2025-11-23,0,73.57,0
U05961,2025-03-09,Free,Australia,Paid Search,Mid-Market,7,3,0,1,0,0,,0,88.71,0
U05962,2025-02-13,Free,India,Paid Search,Startup,5,1,3,2,0,1,2025-06-24,0,113.17,0
U05963,2025-03-08,Pro,Canada,Paid Search,SMB,7,5,0,6,0,1,2026-01-01,79,100.65,790
U05964,2025-07-16,Pro,India,Partner,Mid-Market,12,10,0,1,0,1,2025-10-09,79,57.24,237
U05965,2025-08-14,Pro,UK,Content,Mid-Market,15,3,1,3,0,0,,79,24.4,711
U05966,2025-03-10,Pro,Germany,Organic,Startup,15,6,0,3,0,1,2025-10-18,79,19.64,553
U05967,2025-02-07,Free,Germany,Organic,Enterprise,12,3,0,4,0,0,,0,39.43,0
U05968,2025-06-04,Pro,US,Organic,Startup,11,6,2,4,0,0,,79,39.21,1027
U05969,2025-07-02,Pro,India,Organic,Startup,9,5,0,4,0,0,,79,55.16,869
U05970,2025-05-18,Free,US,Organic,SMB,17,5,3,2,0,0,,0,46.07,0
U05971,2025-09-09,Free,India,Partner,Startup,9,6,2,4,0,0,,0,91.68,0
U05972,2025-02-24,Free,US,Organic,Startup,7,6,1,3,0,0,,0,42.31,0
U05973,2025-08-23,Business,Canada,Organic,Enterprise,13,6,1,6,1,0,,249,30.77,2739
U05974,2025-05-02,Business,US,Partner,SMB,8,6,3,6,1,0,,249,72.99,3486
U05975,2025-04-13,Business,India,Organic,Mid-Market,17,10,1,6,0,1,2025-09-28,249,34.54,1494
U05976,2025-03-31,Business,UK,Paid Search,Startup,17,7,2,9,1,0,,249,65.52,3486
U05977,2025-05-10,Free,Canada,Paid Search,SMB,6,1,1,5,0,0,,0,102.34,0
U05978,2025-08-11,Free,US,Organic,Startup,9,5,1,2,1,0,,0,41.16,0
U05979,2025-10-03,Free,US,Organic,SMB,8,2,0,2,0,1,2026-03-23,0,35.26,0
U05980,2025-01-16,Pro,India,Organic,Mid-Market,14,5,0,4,0,0,,79,36.65,1027
U05981,2025-07-20,Free,US,Partner,SMB,9,3,3,1,0,0,,0,72.94,0
U05982,2025-04-06,Pro,UK,Referral,SMB,17,8,1,6,0,0,,79,37.32,869
U05983,2025-06-07,Free,UK,Paid Search,Startup,15,1,0,2,0,1,2026-04-09,0,103.88,0
U05984,2025-01-09,Free,India,Referral,SMB,12,5,2,4,0,0,,0,37.11,0
U05985,2025-01-31,Business,Canada,Partner,Startup,13,9,0,10,0,0,,249,93.24,2241
U05986,2025-07-11,Pro,UK,Paid Search,SMB,12,3,0,1,1,0,,79,85.08,869
U05987,2025-01-27,Pro,India,Paid Search,Mid-Market,14,6,2,5,1,0,,79,76.85,948
U05988,2025-10-03,Free,Germany,Paid Search,Mid-Market,9,5,1,3,1,0,,0,108.22,0
U05989,2025-07-20,Free,India,Content,Startup,9,4,2,1,0,0,,0,22.46,0
U05990,2025-06-10,Pro,India,Content,Startup,7,6,0,1,0,1,2026-03-30,79,31.19,790
U05991,2025-09-23,Free,India,Referral,Startup,10,5,3,2,0,0,,0,42.04,0
U05992,2025-10-06,Business,US,Organic,SMB,17,6,0,10,0,0,,249,53.4,2739
U05993,2025-07-27,Pro,India,Partner,SMB,10,6,1,4,1,0,,79,79.18,1106
U05994,2025-07-01,Pro,US,Organic,Enterprise,14,8,0,1,0,0,,79,53.53,948
U05995,2025-04-05,Pro,US,Organic,Startup,12,8,1,5,0,0,,79,42.99,711
U05996,2025-09-05,Business,UK,Referral,SMB,23,8,1,11,1,0,,249,42.07,2739
U05997,2025-02-01,Free,US,Paid Search,Enterprise,9,6,1,1,0,0,,0,106.99,0
U05998,2025-06-01,Free,UK,Referral,Startup,11,1,2,3,0,0,,0,30.63,0
U05999,2025-07-04,Pro,US,Organic,SMB,10,5,3,6,1,0,,79,37.64,1106
U06000,2025-09-17,Free,India,Paid Search,SMB,12,4,0,1,0,0,,0,96.43,0
U06001,2025-05-09,Pro,India,Organic,Enterprise,6,6,0,3,0,0,,79,27.53,1027
U06002,2025-01-30,Business,India,Paid Search,SMB,24,9,3,8,0,0,,249,121.57,3486
U06003,2025-02-11,Pro,US,Paid Search,Startup,10,6,0,4,0,0,,79,127.88,711
U06004,2025-05-26,Pro,Canada,Referral,Startup,12,5,1,3,0,1,2025-09-21,79,37.72,316
U06005,2025-05-31,Free,US,Organic,SMB,9,1,1,3,1,0,,0,49.59,0
U06006,2025-03-28,Business,US,Organic,SMB,10,5,2,8,1,0,,249,40.9,3486
U06007,2025-01-23,Free,India,Paid Search,SMB,6,4,0,5,0,0,,0,102.56,0
U06008,2025-03-20,Pro,India,Partner,Mid-Market,13,4,2,4,0,0,,79,86.49,948
U06009,2025-07-31,Free,Canada,Organic,Startup,14,3,2,1,0,0,,0,28.57,0
U06010,2025-06-23,Pro,US,Referral,Startup,13,5,3,4,0,1,2026-03-17,79,27.96,711
U06011,2025-02-27,Free,US,Paid Search,Startup,8,4,2,1,0,1,2025-06-30,0,102.2,0
U06012,2025-02-05,Pro,US,Partner,Mid-Market,12,5,0,4,1,0,,79,98.09,869
U06013,2025-10-11,Free,UK,Organic,SMB,9,6,0,3,0,0,,0,56.91,0
U06014,2025-09-30,Free,Australia,Paid Search,SMB,10,5,1,2,0,0,,0,97.74,0
U06015,2025-06-14,Pro,Australia,Organic,SMB,12,5,0,2,1,0,,79,30.08,711
U06016,2025-04-08,Business,UK,Organic,Startup,10,7,0,10,0,0,,249,39.37,2988
U06017,2025-07-22,Free,US,Partner,Startup,7,3,1,2,0,1,2026-03-24,0,69.15,0
U06018,2025-01-23,Pro,UK,Referral,Startup,16,2,0,6,0,0,,79,37.96,948
U06019,2025-04-02,Free,UK,Content,SMB,6,3,1,4,0,1,2025-05-13,0,42.35,0
U06020,2025-03-11,Pro,Australia,Referral,SMB,9,5,2,4,0,0,,79,21.43,711
U06021,2025-04-18,Business,Australia,Organic,SMB,9,8,0,13,0,0,,249,30.18,2739
U06022,2025-04-19,Pro,Canada,Content,Mid-Market,14,5,1,4,0,0,,79,31.55,790
U06023,2025-10-27,Business,US,Paid Search,Mid-Market,14,5,2,8,0,1,2026-07-08,249,80.69,1992
U06024,2025-05-01,Pro,India,Paid Search,SMB,18,9,0,2,0,0,,79,109.75,948
U06025,2025-06-22,Business,UK,Paid Search,Startup,12,9,1,9,0,1,2025-11-18,249,98.66,1245
U06026,2025-01-04,Pro,UK,Referral,Startup,18,7,0,8,1,0,,79,37.79,869
U06027,2025-01-15,Pro,UK,Partner,Mid-Market,13,2,0,2,0,0,,79,67.19,948
U06028,2025-02-26,Free,US,Organic,Startup,9,5,1,1,0,1,2025-07-26,0,25.32,0
U06029,2025-05-03,Business,UK,Organic,Mid-Market,15,3,2,10,1,0,,249,39.3,3237
U06030,2025-06-10,Free,US,Organic,Enterprise,7,6,1,4,1,0,,0,23.33,0
U06031,2025-09-27,Free,UK,Content,Mid-Market,10,1,1,2,0,0,,0,54.67,0
U06032,2025-03-22,Free,India,Content,SMB,9,3,1,2,0,0,,0,44.99,0
U06033,2025-07-05,Pro,UK,Content,Mid-Market,10,11,3,6,1,0,,79,21.8,790
U06034,2025-04-17,Pro,US,Content,SMB,12,6,0,7,0,0,,79,35.44,869
U06035,2025-05-31,Pro,US,Partner,SMB,14,4,0,4,0,0,,79,76.18,1106
U06036,2025-07-22,Free,US,Content,Mid-Market,5,5,2,4,0,1,2026-03-20,0,42.74,0
U06037,2025-09-18,Business,Germany,Paid Search,Enterprise,14,7,1,6,0,0,,249,119.91,3486
U06038,2025-08-12,Pro,India,Paid Search,Mid-Market,15,9,0,5,1,0,,79,118.04,1106
U06039,2025-03-13,Pro,US,Content,SMB,17,7,0,7,0,0,,79,51.0,1027
U06040,2025-06-11,Pro,Germany,Content,Mid-Market,8,2,0,4,1,0,,79,41.96,790
U06041,2025-04-18,Pro,India,Organic,Mid-Market,21,5,0,2,1,0,,79,41.98,1027
U06042,2025-05-06,Pro,US,Organic,SMB,6,6,1,4,0,0,,79,54.07,1106
U06043,2025-08-23,Free,India,Referral,SMB,5,4,1,2,0,0,,0,42.77,0
U06044,2025-05-08,Business,US,Organic,Enterprise,11,6,0,11,1,0,,249,30.74,2739
U06045,2025-05-16,Free,US,Content,Enterprise,14,4,0,2,0,0,,0,22.33,0
U06046,2025-03-30,Free,UK,Paid Search,Enterprise,9,5,0,4,0,0,,0,132.34,0
U06047,2025-05-05,Free,US,Referral,SMB,6,1,3,3,1,0,,0,36.91,0
U06048,2025-10-25,Pro,Australia,Organic,SMB,12,8,1,3,0,1,2025-12-24,79,31.62,158
U06049,2025-04-15,Free,Germany,Referral,SMB,8,1,4,3,0,1,2025-08-20,0,50.3,0
U06050,2025-02-08,Pro,India,Content,Startup,19,6,2,3,1,0,,79,26.89,1027
U06051,2025-01-01,Pro,US,Content,Startup,11,4,0,3,0,0,,79,33.54,790
U06052,2025-08-29,Free,UK,Content,Mid-Market,8,4,1,3,0,0,,0,22.78,0
U06053,2025-02-09,Free,UK,Content,Startup,9,2,4,2,0,1,2025-04-16,0,31.47,0
U06054,2025-03-31,Free,US,Referral,Mid-Market,7,2,2,2,0,1,2026-02-12,0,31.58,0
U06055,2025-01-21,Pro,India,Partner,Mid-Market,7,8,1,3,0,0,,79,75.45,948
U06056,2025-09-16,Pro,Canada,Referral,Mid-Market,12,6,3,3,0,1,2026-03-30,79,23.7,474
U06057,2025-01-25,Pro,UK,Organic,SMB,10,9,1,3,1,0,,79,43.13,711
U06058,2025-10-08,Business,India,Referral,Mid-Market,12,6,0,12,1,0,,249,19.14,3486
U06059,2025-07-09,Pro,India,Paid Search,Enterprise,8,8,0,5,0,0,,79,99.07,869
U06060,2025-07-07,Free,US,Paid Search,Startup,7,1,1,3,0,0,,0,74.84,0
U06061,2025-05-01,Free,Germany,Content,SMB,5,4,1,3,0,0,,0,32.64,0
U06062,2025-09-08,Pro,Germany,Organic,Mid-Market,9,4,1,5,0,0,,79,33.57,790
U06063,2025-02-13,Pro,Canada,Partner,Mid-Market,20,7,2,4,0,0,,79,82.75,948
U06064,2025-09-16,Pro,Germany,Paid Search,Mid-Market,5,2,2,2,1,1,2026-03-15,79,72.35,474
U06065,2025-10-24,Pro,India,Organic,SMB,14,4,0,5,0,1,2026-08-12,79,61.46,790
U06066,2025-04-07,Pro,India,Paid Search,Mid-Market,5,5,1,3,0,0,,79,126.28,1106
U06067,2025-07-09,Free,Australia,Paid Search,SMB,9,7,1,1,0,0,,0,69.51,0
U06068,2025-01-28,Free,India,Paid Search,SMB,13,3,1,1,0,0,,0,82.56,0
U06069,2025-02-24,Free,India,Referral,SMB,9,4,0,3,0,0,,0,49.36,0
U06070,2025-10-16,Free,Germany,Referral,Mid-Market,10,4,2,3,0,0,,0,31.24,0
U06071,2025-06-05,Pro,Australia,Organic,SMB,19,7,2,3,0,0,,79,35.07,1106
U06072,2025-08-10,Pro,Australia,Organic,SMB,16,5,1,6,1,0,,79,24.8,1027
U06073,2025-06-11,Pro,India,Partner,SMB,8,5,1,5,0,0,,79,62.58,869
U06074,2025-09-19,Free,Germany,Content,Startup,11,2,1,4,0,0,,0,38.54,0
U06075,2025-04-02,Free,US,Organic,SMB,5,4,2,2,0,0,,0,31.68,0
U06076,2025-01-03,Free,Canada,Organic,SMB,13,5,0,2,0,1,2025-04-20,0,16.02,0
U06077,2025-08-02,Business,Germany,Paid Search,SMB,7,7,1,8,1,0,,249,84.78,1992
U06078,2025-08-21,Pro,India,Organic,Enterprise,11,2,1,5,0,1,2026-03-13,79,42.86,553
U06079,2025-09-05,Pro,US,Content,Startup,11,6,1,3,0,0,,79,38.99,1027
U06080,2025-08-21,Free,Germany,Referral,Mid-Market,6,2,1,2,0,1,2026-04-20,0,58.09,0
U06081,2025-01-20,Pro,India,Referral,SMB,12,6,1,5,1,1,2025-03-14,79,17.33,158
U06082,2025-08-11,Pro,Canada,Organic,Mid-Market,11,4,1,5,0,0,,79,43.84,869
U06083,2025-07-22,Free,US,Paid Search,SMB,8,2,2,2,0,0,,0,73.54,0
U06084,2025-10-26,Business,US,Organic,SMB,14,12,0,6,0,0,,249,25.72,2241
U06085,2025-04-25,Free,US,Organic,Enterprise,8,4,0,2,0,1,2025-07-26,0,62.22,0
U06086,2025-10-06,Pro,India,Organic,Mid-Market,8,5,0,4,1,0,,79,30.67,711
U06087,2025-06-02,Pro,India,Paid Search,Startup,13,6,1,5,1,0,,79,89.3,1106
U06088,2025-09-24,Business,UK,Organic,Startup,16,9,0,7,0,0,,249,39.31,3237
U06089,2025-05-19,Pro,India,Organic,Startup,11,3,2,2,1,0,,79,42.54,711
U06090,2025-04-20,Pro,US,Paid Search,SMB,13,8,2,2,1,0,,79,95.96,790
U06091,2025-08-06,Free,UK,Paid Search,Startup,9,5,2,1,0,0,,0,95.21,0
U06092,2025-02-22,Pro,US,Partner,Mid-Market,13,8,3,5,1,0,,79,76.41,948
U06093,2025-06-18,Business,US,Paid Search,SMB,15,6,0,9,1,0,,249,112.97,3237
U06094,2025-05-14,Business,US,Paid Search,SMB,18,8,1,10,1,0,,249,133.37,3486
U06095,2025-08-14,Pro,US,Organic,SMB,14,5,2,7,1,0,,79,27.14,869
U06096,2025-01-05,Free,India,Organic,SMB,8,4,1,2,0,0,,0,42.83,0
U06097,2025-09-10,Pro,US,Content,Startup,10,8,2,3,1,0,,79,25.12,711
U06098,2025-07-02,Free,US,Paid Search,Startup,10,4,2,3,0,0,,0,91.19,0
U06099,2025-08-07,Pro,India,Referral,Startup,17,6,0,4,0,0,,79,37.51,790
U06100,2025-04-09,Free,India,Content,Enterprise,11,4,2,1,0,1,2026-02-06,0,53.35,0
U06101,2025-03-10,Free,Canada,Referral,Startup,6,5,1,3,1,0,,0,23.26,0
U06102,2025-01-02,Pro,Australia,Partner,Enterprise,8,5,1,5,0,0,,79,73.61,711
U06103,2025-10-05,Pro,India,Content,SMB,11,6,1,5,0,1,2026-06-01,79,27.45,632
U06104,2025-10-10,Free,India,Organic,Mid-Market,7,1,0,2,0,0,,0,18.77,0
U06105,2025-01-31,Free,India,Organic,Startup,9,3,1,1,0,0,,0,30.22,0
U06106,2025-05-07,Free,Germany,Referral,Mid-Market,14,4,2,2,0,0,,0,30.94,0
U06107,2025-09-29,Free,India,Paid Search,Mid-Market,6,4,1,2,1,1,2025-11-16,0,115.03,0
U06108,2025-09-16,Free,US,Organic,SMB,6,3,2,4,0,0,,0,25.44,0
U06109,2025-06-17,Free,UK,Paid Search,Startup,14,4,1,3,0,0,,0,100.01,0
U06110,2025-06-15,Free,India,Organic,Startup,10,5,2,1,0,1,2026-04-02,0,33.03,0
U06111,2025-01-28,Free,India,Referral,SMB,6,2,2,3,0,1,2025-04-21,0,20.66,0
U06112,2025-04-25,Pro,India,Content,Enterprise,16,8,0,2,0,0,,79,26.24,869
U06113,2025-02-21,Pro,US,Organic,SMB,11,6,2,7,0,0,,79,35.78,1027
U06114,2025-03-06,Pro,India,Organic,Enterprise,12,9,0,1,0,1,2025-05-10,79,25.6,158
U06115,2025-03-08,Free,Germany,Content,SMB,8,5,1,2,0,0,,0,37.46,0
U06116,2025-08-04,Business,Canada,Organic,Mid-Market,12,10,0,9,1,0,,249,23.2,3486
U06117,2025-02-18,Free,US,Paid Search,Startup,16,3,3,1,0,1,2025-06-25,0,103.69,0
U06118,2025-03-01,Free,US,Partner,Startup,6,5,1,2,1,0,,0,87.13,0
U06119,2025-03-24,Pro,US,Organic,Startup,14,9,0,5,0,0,,79,33.39,869
U06120,2025-10-08,Free,Canada,Content,Mid-Market,9,3,1,1,1,0,,0,16.58,0
U06121,2025-05-29,Free,UK,Organic,Startup,6,6,0,1,0,0,,0,44.87,0
U06122,2025-09-08,Pro,India,Referral,Startup,9,7,0,6,1,0,,79,52.2,1027
U06123,2025-06-18,Free,India,Organic,Mid-Market,6,5,0,1,0,0,,0,39.18,0
U06124,2025-06-14,Free,US,Referral,Startup,6,1,1,3,0,1,2026-02-25,0,30.72,0
U06125,2025-03-11,Free,India,Referral,SMB,6,4,1,5,0,0,,0,32.44,0
U06126,2025-08-07,Free,UK,Referral,SMB,4,3,1,2,0,0,,0,20.52,0
U06127,2025-10-12,Free,India,Referral,SMB,8,3,1,1,0,0,,0,26.78,0
U06128,2025-03-11,Free,US,Organic,Startup,5,3,0,2,0,0,,0,42.44,0
U06129,2025-02-05,Pro,India,Content,Startup,12,7,1,2,0,0,,79,24.75,1106
U06130,2025-05-28,Pro,India,Referral,SMB,14,6,1,5,1,0,,79,41.28,1106
U06131,2025-10-05,Free,US,Paid Search,Startup,8,5,1,2,0,0,,0,67.12,0
U06132,2025-08-12,Free,US,Referral,SMB,9,2,2,3,0,0,,0,43.93,0
U06133,2025-10-11,Pro,Australia,Paid Search,SMB,10,7,1,3,0,0,,79,128.87,948
U06134,2025-03-21,Free,UK,Referral,Mid-Market,6,4,0,5,1,0,,0,24.79,0
U06135,2025-06-18,Pro,US,Paid Search,Startup,9,6,1,4,0,0,,79,124.26,1027
U06136,2025-04-29,Free,India,Organic,SMB,5,2,2,3,0,1,2025-06-04,0,25.89,0
U06137,2025-07-18,Free,Germany,Organic,Startup,9,3,2,1,0,1,2025-11-03,0,47.19,0
U06138,2025-10-11,Business,UK,Partner,Mid-Market,16,9,1,5,1,0,,249,62.41,2988
U06139,2025-08-15,Business,Australia,Paid Search,Mid-Market,17,9,1,6,0,0,,249,92.56,2988
U06140,2025-05-12,Free,India,Content,Enterprise,4,4,0,1,0,0,,0,43.59,0
U06141,2025-02-04,Pro,India,Referral,SMB,11,7,2,2,1,0,,79,50.1,1027
U06142,2025-02-05,Free,Germany,Organic,SMB,10,3,1,2,0,0,,0,43.74,0
U06143,2025-05-02,Business,US,Organic,Startup,10,7,1,12,1,0,,249,43.15,2241
U06144,2025-04-13,Pro,India,Paid Search,Mid-Market,9,7,1,4,0,1,2025-05-16,79,108.57,79
U06145,2025-09-26,Free,Australia,Organic,Enterprise,10,3,1,1,0,1,2026-07-22,0,29.96,0
U06146,2025-03-07,Free,Australia,Paid Search,SMB,11,3,2,3,0,0,,0,104.54,0
U06147,2025-01-25,Pro,India,Organic,Mid-Market,12,6,0,4,0,0,,79,28.48,948
U06148,2025-01-01,Free,India,Content,SMB,6,7,3,5,0,1,2025-08-29,0,47.57,0
U06149,2025-09-19,Free,Germany,Paid Search,Mid-Market,9,3,1,3,0,0,,0,92.77,0
U06150,2025-10-16,Pro,Germany,Referral,Mid-Market,11,7,1,3,1,1,2025-11-24,79,30.84,79
U06151,2025-03-10,Pro,Canada,Referral,Startup,16,6,0,4,1,0,,79,52.59,869
U06152,2025-05-04,Pro,Canada,Paid Search,Startup,17,5,1,6,0,0,,79,116.5,711
U06153,2025-03-24,Pro,India,Referral,SMB,9,7,3,4,0,0,,79,32.76,869
U06154,2025-05-17,Business,Germany,Referral,SMB,15,9,1,8,0,0,,249,22.81,2988
U06155,2025-01-08,Pro,UK,Paid Search,Startup,12,10,3,1,1,1,2025-02-26,79,102.53,158
U06156,2025-01-12,Free,Canada,Partner,SMB,11,2,2,3,0,0,,0,49.15,0
U06157,2025-04-21,Free,Australia,Organic,Startup,12,4,2,1,0,1,2026-01-01,0,47.78,0
U06158,2025-04-19,Business,Australia,Paid Search,Startup,19,7,1,11,1,0,,249,102.9,2988
U06159,2025-01-06,Free,India,Partner,Startup,10,2,1,2,1,1,2025-04-16,0,74.41,0
U06160,2025-01-28,Pro,India,Referral,SMB,14,5,0,4,0,0,,79,22.17,1106
U06161,2025-08-20,Free,India,Content,Mid-Market,6,2,1,3,0,1,2025-10-22,0,35.02,0
U06162,2025-01-19,Free,India,Paid Search,Startup,11,1,0,3,0,1,2025-10-05,0,63.68,0
U06163,2025-02-07,Pro,Canada,Organic,Enterprise,12,4,0,4,0,0,,79,21.77,711
U06164,2025-06-17,Free,UK,Organic,Mid-Market,8,4,0,3,0,0,,0,38.24,0
U06165,2025-09-03,Pro,Germany,Organic,Startup,9,13,1,4,0,0,,79,30.79,1027
U06166,2025-09-28,Pro,India,Organic,Startup,13,8,3,10,1,1,2026-04-01,79,38.11,474
U06167,2025-05-09,Free,India,Organic,Startup,6,2,0,1,1,1,2025-10-31,0,42.96,0
U06168,2025-03-17,Free,Australia,Organic,Mid-Market,7,1,0,4,0,1,2025-10-14,0,29.12,0
U06169,2025-08-07,Pro,India,Referral,Enterprise,15,8,1,5,0,1,2026-05-11,79,26.51,711
U06170,2025-06-09,Free,UK,Content,SMB,7,3,1,3,0,1,2025-08-31,0,40.43,0
U06171,2025-02-20,Free,India,Paid Search,Mid-Market,8,4,0,4,0,0,,0,114.92,0
U06172,2025-05-08,Business,US,Paid Search,SMB,8,9,0,6,0,0,,249,95.21,3237
U06173,2025-05-27,Free,UK,Organic,Startup,8,3,1,6,0,1,2026-04-16,0,39.6,0
U06174,2025-07-09,Pro,UK,Content,Mid-Market,14,6,0,3,0,0,,79,34.1,790
U06175,2025-03-23,Pro,India,Referral,Startup,13,7,1,3,0,0,,79,31.07,869
U06176,2025-10-03,Business,US,Organic,Startup,13,9,1,9,1,1,2025-11-14,249,37.8,249
U06177,2025-08-20,Free,US,Organic,SMB,14,1,1,2,0,0,,0,16.85,0
U06178,2025-02-16,Pro,Germany,Organic,Mid-Market,13,3,1,2,0,0,,79,44.89,790
U06179,2025-03-22,Business,Germany,Organic,SMB,16,8,0,5,0,0,,249,35.31,2241
U06180,2025-06-30,Free,Australia,Content,Startup,8,4,1,3,0,1,2026-04-16,0,24.94,0
U06181,2025-09-02,Free,Germany,Paid Search,SMB,7,1,2,2,0,1,2026-03-17,0,97.24,0
U06182,2025-09-20,Free,India,Partner,Startup,8,3,1,1,0,0,,0,43.6,0
U06183,2025-06-15,Free,Germany,Organic,Mid-Market,11,6,1,3,0,1,2026-04-05,0,49.1,0
U06184,2025-06-27,Free,Australia,Partner,Startup,4,6,4,2,0,0,,0,80.7,0
U06185,2025-04-06,Free,US,Organic,Mid-Market,6,5,3,1,0,0,,0,49.45,0
U06186,2025-04-09,Free,US,Paid Search,Startup,4,4,1,2,0,0,,0,138.35,0
U06187,2025-03-27,Pro,India,Content,Enterprise,18,6,1,6,1,0,,79,27.37,1027
U06188,2025-01-20,Free,India,Organic,SMB,9,3,1,2,0,0,,0,33.02,0
U06189,2025-07-08,Pro,India,Content,Startup,12,5,1,5,0,0,,79,40.05,948
U06190,2025-06-11,Pro,US,Referral,Startup,9,6,0,3,0,0,,79,39.87,711
U06191,2025-04-29,Free,Australia,Organic,Mid-Market,6,4,4,2,0,1,2025-11-08,0,20.86,0
U06192,2025-06-05,Free,US,Organic,Mid-Market,11,2,3,2,0,1,2025-10-22,0,23.41,0
U06193,2025-06-28,Pro,India,Paid Search,Mid-Market,9,7,0,7,1,1,2026-04-08,79,98.2,711
U06194,2025-04-28,Free,US,Partner,Startup,7,5,2,3,0,1,2025-08-30,0,94.4,0
U06195,2025-05-30,Free,US,Organic,Mid-Market,18,3,0,4,0,1,2026-02-03,0,45.41,0
U06196,2025-04-13,Free,UK,Partner,SMB,7,2,4,1,0,1,2025-07-28,0,74.26,0
U06197,2025-10-12,Free,US,Organic,Mid-Market,8,4,2,4,0,0,,0,32.72,0
U06198,2025-01-25,Free,India,Paid Search,Enterprise,7,5,0,1,1,1,2025-07-02,0,113.62,0
U06199,2025-03-21,Free,India,Paid Search,Startup,16,3,3,4,0,0,,0,103.58,0
U06200,2025-04-15,Business,US,Content,SMB,22,6,2,9,0,0,,249,37.88,3237
U06201,2025-09-11,Free,India,Organic,SMB,6,1,1,2,0,0,,0,32.09,0
U06202,2025-06-18,Pro,Canada,Content,SMB,7,7,3,6,0,1,2025-09-11,79,42.79,237
U06203,2025-01-20,Pro,Australia,Content,SMB,14,6,0,2,1,0,,79,29.32,790
U06204,2025-10-14,Pro,Germany,Content,SMB,16,7,0,6,0,1,2026-08-31,79,22.16,869
U06205,2025-04-14,Free,Australia,Organic,SMB,11,5,2,4,0,1,2025-09-02,0,30.44,0
U06206,2025-09-09,Free,US,Referral,Startup,12,3,1,1,0,1,2025-12-28,0,45.63,0
U06207,2025-03-20,Pro,India,Referral,Mid-Market,11,8,2,4,1,0,,79,31.75,711
U06208,2025-04-11,Pro,India,Paid Search,SMB,10,8,3,2,0,0,,79,89.38,790
U06209,2025-09-20,Pro,US,Paid Search,Startup,17,9,4,5,0,0,,79,87.13,869
U06210,2025-09-13,Pro,US,Paid Search,SMB,19,7,0,7,0,0,,79,99.58,948
U06211,2025-01-06,Pro,Germany,Organic,Startup,9,7,0,5,0,0,,79,47.63,869
U06212,2025-05-09,Pro,US,Organic,Enterprise,12,7,3,6,0,0,,79,36.68,711
U06213,2025-05-09,Pro,Germany,Organic,Startup,10,7,1,4,0,0,,79,39.84,790
U06214,2025-04-03,Business,India,Content,SMB,9,9,1,4,0,0,,249,25.99,2739
U06215,2025-06-12,Business,US,Paid Search,Mid-Market,19,6,0,4,1,0,,249,98.39,2490
U06216,2025-05-23,Free,Australia,Paid Search,Enterprise,8,1,1,4,0,0,,0,121.27,0
U06217,2025-05-30,Pro,US,Referral,SMB,20,5,2,6,0,0,,79,56.09,948
U06218,2025-04-13,Free,US,Partner,Mid-Market,9,1,3,4,0,0,,0,60.89,0
U06219,2025-04-10,Free,US,Organic,Startup,10,2,1,1,0,1,2025-08-19,0,59.77,0
U06220,2025-04-02,Pro,Germany,Content,Startup,14,8,0,5,1,0,,79,11.16,948
U06221,2025-09-11,Business,Germany,Content,SMB,20,7,0,10,0,0,,249,22.12,2490
U06222,2025-09-02,Pro,India,Paid Search,Startup,7,6,1,6,0,0,,79,109.03,790
U06223,2025-05-01,Pro,Canada,Content,Mid-Market,13,2,2,2,0,1,2025-08-06,79,17.58,237
U06224,2025-06-22,Free,India,Content,Startup,10,2,2,2,0,0,,0,32.41,0
U06225,2025-06-14,Pro,India,Referral,SMB,14,8,2,2,1,1,2026-04-11,79,23.52,790
U06226,2025-10-20,Free,India,Referral,SMB,6,5,3,2,0,1,2026-08-02,0,33.04,0
U06227,2025-01-02,Business,India,Referral,Mid-Market,17,9,2,7,1,0,,249,37.59,2739
U06228,2025-07-17,Business,Canada,Organic,Mid-Market,15,8,0,8,1,0,,249,58.2,2490
U06229,2025-06-04,Business,Canada,Organic,SMB,14,9,1,7,0,0,,249,26.53,1992
U06230,2025-10-19,Free,India,Content,Startup,10,2,0,1,0,1,2025-12-27,0,33.85,0
U06231,2025-07-22,Free,India,Content,SMB,3,2,2,4,0,1,2026-01-16,0,30.4,0
U06232,2025-06-08,Free,US,Referral,Mid-Market,11,3,4,1,0,1,2025-12-05,0,34.93,0
U06233,2025-03-28,Free,Germany,Paid Search,SMB,12,4,2,6,0,0,,0,104.82,0
U06234,2025-06-21,Pro,Australia,Organic,SMB,15,6,0,2,1,1,2025-12-11,79,39.16,474
U06235,2025-09-21,Pro,India,Content,Startup,17,8,2,3,0,0,,79,35.36,1106
U06236,2025-10-25,Free,US,Organic,Mid-Market,6,4,1,1,0,0,,0,36.44,0
U06237,2025-02-21,Pro,Canada,Organic,Mid-Market,9,8,2,7,0,1,2025-05-12,79,40.19,237
U06238,2025-09-18,Pro,US,Paid Search,Startup,12,4,2,3,1,1,2026-07-06,79,91.99,790
U06239,2025-01-16,Pro,India,Referral,SMB,10,8,1,4,0,0,,79,32.88,948
U06240,2025-03-31,Free,UK,Organic,Mid-Market,8,6,4,1,0,1,2025-09-15,0,16.36,0
U06241,2025-10-05,Free,India,Organic,Startup,5,4,0,1,0,0,,0,22.65,0
U06242,2025-04-24,Pro,India,Paid Search,Mid-Market,15,7,0,3,0,0,,79,101.86,869
U06243,2025-10-09,Pro,US,Content,Startup,14,6,0,6,1,0,,79,42.52,790
U06244,2025-08-19,Free,US,Paid Search,Startup,10,5,0,2,0,0,,0,103.92,0
U06245,2025-05-13,Free,UK,Content,Mid-Market,8,4,1,2,0,1,2025-08-20,0,11.52,0
U06246,2025-06-09,Free,Australia,Organic,Startup,8,6,1,1,0,0,,0,32.03,0
U06247,2025-08-01,Free,India,Organic,SMB,8,5,1,2,0,0,,0,26.08,0
U06248,2025-01-12,Free,India,Content,SMB,10,3,1,3,0,0,,0,50.42,0
U06249,2025-02-20,Pro,Canada,Paid Search,Mid-Market,12,5,2,5,0,1,2025-09-14,79,94.95,553
U06250,2025-10-22,Business,India,Partner,Mid-Market,27,10,1,11,0,0,,249,84.7,2988
U06251,2025-04-24,Business,US,Paid Search,SMB,17,8,3,10,1,0,,249,136.01,3486
U06252,2025-06-04,Pro,India,Paid Search,Startup,11,5,0,6,0,0,,79,90.47,790
U06253,2025-06-19,Pro,Australia,Organic,Mid-Market,12,8,0,8,0,0,,79,42.74,869
U06254,2025-03-08,Free,Germany,Referral,Startup,7,4,3,2,0,1,2025-10-10,0,5.0,0
U06255,2025-04-28,Free,India,Organic,Startup,8,1,0,3,0,0,,0,43.8,0
U06256,2025-07-27,Free,India,Partner,Mid-Market,9,4,1,1,0,0,,0,74.15,0
U06257,2025-01-15,Free,India,Paid Search,Startup,11,3,1,2,0,1,2025-06-03,0,85.71,0
U06258,2025-09-01,Free,Australia,Content,SMB,11,4,2,3,0,1,2026-04-27,0,38.92,0
U06259,2025-07-27,Pro,US,Paid Search,SMB,8,6,1,7,1,0,,79,114.5,948
U06260,2025-04-14,Pro,US,Organic,Startup,14,6,2,1,0,1,2025-05-21,79,34.22,79
U06261,2025-01-20,Free,US,Referral,SMB,6,6,0,2,0,0,,0,39.73,0
U06262,2025-08-02,Free,Australia,Referral,Enterprise,10,7,1,2,0,0,,0,34.51,0
U06263,2025-08-31,Free,US,Referral,SMB,9,2,1,3,0,0,,0,28.58,0
U06264,2025-03-21,Free,India,Organic,SMB,9,4,1,3,0,0,,0,22.35,0
U06265,2025-08-02,Free,Canada,Partner,SMB,9,2,2,2,1,0,,0,53.47,0
U06266,2025-08-28,Pro,US,Paid Search,Startup,8,7,1,1,0,1,2026-02-25,79,132.57,474
U06267,2025-07-23,Free,US,Content,Mid-Market,12,3,1,5,0,1,2025-09-10,0,44.58,0
U06268,2025-05-22,Pro,US,Paid Search,Startup,11,7,1,2,0,0,,79,78.24,790
U06269,2025-04-06,Free,UK,Referral,SMB,10,2,2,2,0,0,,0,33.22,0
U06270,2025-04-01,Free,India,Referral,Mid-Market,8,2,1,1,0,0,,0,33.86,0
U06271,2025-10-17,Free,Germany,Organic,Startup,11,3,2,1,0,1,2026-03-01,0,6.36,0
U06272,2025-01-05,Free,US,Partner,Mid-Market,10,6,1,3,0,0,,0,64.33,0
U06273,2025-10-27,Free,India,Organic,Mid-Market,9,3,1,1,0,1,2026-03-18,0,34.39,0
U06274,2025-04-13,Pro,India,Referral,SMB,9,7,1,6,0,0,,79,43.57,869
U06275,2025-07-01,Pro,India,Paid Search,SMB,13,4,1,5,0,0,,79,97.59,948
U06276,2025-01-24,Pro,UK,Content,Mid-Market,9,7,0,3,0,1,2025-09-10,79,34.34,632
U06277,2025-01-20,Pro,Germany,Organic,Startup,8,3,1,4,0,0,,79,37.92,1106
U06278,2025-04-25,Pro,India,Organic,Startup,13,7,0,4,1,0,,79,38.1,711
U06279,2025-04-24,Business,Australia,Content,Enterprise,17,9,1,5,1,0,,249,34.18,2988
U06280,2025-06-21,Pro,Canada,Content,SMB,13,5,1,2,0,1,2026-01-13,79,49.56,553
U06281,2025-07-06,Free,US,Paid Search,Startup,16,6,1,4,0,0,,0,70.38,0
U06282,2025-07-30,Pro,Australia,Paid Search,Startup,11,4,1,3,0,0,,79,82.4,790
U06283,2025-06-09,Pro,India,Organic,Startup,11,6,1,3,1,0,,79,26.07,711
U06284,2025-04-27,Free,US,Partner,Startup,5,1,2,1,0,0,,0,52.65,0
U06285,2025-07-07,Free,Canada,Organic,Mid-Market,10,4,1,4,0,0,,0,47.08,0
U06286,2025-06-29,Free,India,Organic,Mid-Market,7,3,2,1,0,0,,0,33.76,0
U06287,2025-07-07,Pro,India,Referral,SMB,12,7,1,4,0,1,2025-12-16,79,64.06,395
U06288,2025-05-28,Free,US,Referral,SMB,9,4,2,3,0,0,,0,47.99,0
U06289,2025-04-23,Free,UK,Content,SMB,15,3,0,3,0,1,2025-06-25,0,27.23,0
U06290,2025-08-18,Free,US,Organic,Startup,3,1,0,3,0,1,2026-03-30,0,39.64,0
U06291,2025-03-22,Free,US,Organic,Enterprise,7,4,1,2,0,0,,0,26.4,0
U06292,2025-06-26,Pro,India,Paid Search,Mid-Market,17,7,1,4,1,0,,79,70.11,869
U06293,2025-06-20,Free,Australia,Organic,Startup,6,2,1,1,0,1,2025-08-17,0,22.65,0
U06294,2025-05-12,Pro,US,Referral,SMB,10,7,0,5,0,0,,79,43.61,711
U06295,2025-05-24,Business,UK,Organic,Enterprise,12,9,1,8,0,0,,249,39.59,2739
U06296,2025-07-11,Free,US,Paid Search,SMB,7,2,4,1,0,1,2026-03-15,0,99.06,0
U06297,2025-05-23,Free,UK,Content,Startup,6,2,2,2,0,1,2026-01-21,0,25.86,0
U06298,2025-03-29,Free,Germany,Referral,SMB,7,3,0,3,0,1,2026-01-29,0,22.03,0
U06299,2025-03-02,Pro,India,Partner,Mid-Market,13,6,0,5,0,0,,79,61.24,1027
U06300,2025-09-30,Pro,UK,Partner,Startup,13,7,0,4,0,1,2026-07-30,79,55.4,790
U06301,2025-09-20,Free,US,Content,Startup,9,3,1,4,1,0,,0,32.85,0
U06302,2025-09-29,Free,US,Paid Search,Startup,6,6,0,2,0,1,2026-04-23,0,88.35,0
U06303,2025-02-04,Free,India,Referral,SMB,1,4,0,2,0,1,2025-09-16,0,42.43,0
U06304,2025-03-12,Free,India,Organic,SMB,8,4,1,3,0,0,,0,32.86,0
U06305,2025-03-15,Free,US,Referral,SMB,5,3,2,3,0,0,,0,23.06,0
U06306,2025-07-31,Free,Germany,Organic,Startup,11,2,1,4,0,1,2026-03-29,0,41.58,0
U06307,2025-09-17,Pro,Germany,Partner,Mid-Market,10,5,1,3,0,0,,79,85.19,1027
U06308,2025-02-09,Free,Australia,Organic,Startup,8,4,2,1,0,0,,0,31.96,0
U06309,2025-07-25,Pro,India,Partner,SMB,14,7,3,5,1,0,,79,77.79,869
U06310,2025-07-10,Pro,Germany,Content,Mid-Market,18,8,0,4,0,0,,79,18.86,948
U06311,2025-06-12,Free,India,Content,SMB,5,2,0,2,0,1,2025-12-27,0,35.63,0
U06312,2025-10-27,Pro,India,Partner,Startup,8,9,3,4,1,0,,79,62.65,948
U06313,2025-02-26,Pro,India,Referral,Startup,14,6,3,2,0,0,,79,35.89,1106
U06314,2025-07-20,Free,US,Referral,SMB,5,1,1,2,0,1,2026-01-14,0,33.15,0
U06315,2025-02-19,Business,India,Partner,Startup,12,10,0,9,1,0,,249,66.66,2739
U06316,2025-06-07,Free,Canada,Partner,Mid-Market,9,3,2,1,0,1,2025-08-08,0,66.61,0
U06317,2025-05-08,Pro,US,Organic,Startup,10,9,2,2,1,0,,79,29.86,1106
U06318,2025-04-14,Free,Canada,Organic,Mid-Market,6,3,1,3,0,1,2026-01-15,0,27.93,0
U06319,2025-07-08,Pro,India,Referral,Mid-Market,16,4,1,4,1,1,2025-09-22,79,33.45,237
U06320,2025-10-25,Free,Australia,Content,Enterprise,12,3,1,3,0,0,,0,31.4,0
U06321,2025-07-19,Business,Germany,Content,Startup,15,7,1,7,1,0,,249,35.9,1992
U06322,2025-04-24,Free,US,Content,Mid-Market,11,4,1,3,0,0,,0,46.53,0
U06323,2025-09-28,Pro,India,Referral,Mid-Market,11,4,0,6,0,0,,79,39.5,948
U06324,2025-04-25,Free,Canada,Paid Search,SMB,5,3,1,3,0,0,,0,58.88,0
U06325,2025-07-12,Business,US,Paid Search,Mid-Market,15,8,1,11,1,0,,249,78.49,2988
U06326,2025-05-30,Free,India,Organic,SMB,7,5,2,5,1,0,,0,31.24,0
U06327,2025-02-24,Free,Germany,Paid Search,Startup,7,3,1,1,0,0,,0,91.9,0
U06328,2025-08-16,Pro,US,Paid Search,SMB,13,4,0,3,0,0,,79,89.56,948
U06329,2025-10-17,Business,US,Organic,Startup,16,7,1,10,1,0,,249,30.05,3237
U06330,2025-02-02,Free,US,Content,SMB,6,4,1,2,0,0,,0,39.34,0
U06331,2025-10-24,Free,Australia,Paid Search,Startup,7,4,2,4,0,0,,0,78.38,0
U06332,2025-03-22,Free,UK,Partner,Mid-Market,10,3,2,1,0,0,,0,80.23,0
U06333,2025-06-09,Free,India,Paid Search,Startup,10,6,3,5,0,1,2025-07-26,0,95.55,0
U06334,2025-06-23,Free,India,Organic,Startup,9,7,1,2,0,0,,0,36.81,0
U06335,2025-04-08,Pro,UK,Referral,Startup,13,7,1,6,1,0,,79,28.98,948
U06336,2025-02-26,Pro,India,Content,Mid-Market,18,6,2,2,0,0,,79,32.95,948
U06337,2025-09-03,Pro,Germany,Referral,Startup,14,9,1,4,1,0,,79,14.63,1106
U06338,2025-06-08,Free,Australia,Content,SMB,7,2,1,3,0,1,2026-04-05,0,43.79,0
U06339,2025-01-13,Free,US,Referral,SMB,7,1,2,3,0,1,2025-06-18,0,44.76,0
U06340,2025-07-14,Free,US,Content,Startup,8,7,2,3,0,0,,0,30.55,0
U06341,2025-05-26,Free,India,Content,Mid-Market,3,2,3,3,0,0,,0,60.71,0
U06342,2025-03-13,Pro,US,Organic,SMB,11,4,2,4,1,0,,79,54.61,869
U06343,2025-10-06,Pro,Canada,Organic,SMB,11,8,3,3,1,0,,79,13.59,869
U06344,2025-03-24,Free,India,Paid Search,Mid-Market,8,3,1,3,0,1,2025-07-17,0,84.84,0
U06345,2025-06-07,Pro,US,Content,Startup,14,11,2,3,0,0,,79,42.39,1027
U06346,2025-07-14,Pro,UK,Organic,SMB,19,7,3,3,0,1,2026-03-30,79,38.5,711
U06347,2025-05-04,Pro,US,Paid Search,SMB,11,7,2,6,0,1,2025-12-06,79,99.06,553
U06348,2025-05-10,Free,India,Partner,Mid-Market,12,3,2,2,0,1,2025-07-08,0,91.32,0
U06349,2025-01-03,Free,US,Paid Search,SMB,8,1,3,2,0,1,2025-11-01,0,118.66,0
U06350,2025-04-23,Pro,India,Referral,Startup,12,5,0,6,0,0,,79,29.54,869
U06351,2025-09-24,Free,India,Referral,Mid-Market,2,1,2,3,0,1,2026-03-06,0,39.58,0
U06352,2025-10-06,Pro,US,Referral,SMB,16,7,1,9,1,0,,79,46.7,1027
U06353,2025-07-17,Pro,India,Referral,Startup,22,8,2,2,0,0,,79,46.66,869
U06354,2025-07-07,Free,US,Partner,Mid-Market,8,3,2,7,0,0,,0,68.68,0
U06355,2025-10-20,Free,Canada,Paid Search,SMB,11,1,1,3,0,1,2026-03-10,0,80.73,0
U06356,2025-03-08,Free,India,Content,Mid-Market,12,3,0,1,0,0,,0,37.22,0
U06357,2025-07-11,Free,US,Referral,Startup,14,5,0,3,0,1,2025-09-07,0,49.87,0
U06358,2025-03-07,Business,India,Organic,Startup,11,11,1,9,0,0,,249,31.34,2241
U06359,2025-06-03,Pro,US,Content,Mid-Market,11,1,2,7,0,0,,79,15.13,711
U06360,2025-06-27,Free,India,Partner,SMB,8,1,1,3,0,1,2025-10-06,0,55.47,0
U06361,2025-01-04,Free,Germany,Organic,Startup,12,1,0,2,0,1,2025-05-05,0,22.48,0
U06362,2025-06-21,Pro,UK,Paid Search,SMB,15,4,1,7,0,0,,79,107.54,1027
U06363,2025-08-13,Pro,India,Paid Search,Mid-Market,8,9,1,5,0,0,,79,69.64,948
U06364,2025-02-22,Pro,India,Organic,SMB,17,10,0,11,0,0,,79,27.47,790
U06365,2025-09-21,Pro,US,Paid Search,SMB,18,5,2,1,0,0,,79,91.19,711
U06366,2025-01-31,Free,India,Paid Search,Mid-Market,13,2,0,3,0,1,2025-03-11,0,94.21,0
U06367,2025-10-03,Pro,UK,Organic,SMB,30,6,0,6,1,0,,79,57.34,948
U06368,2025-03-29,Free,India,Organic,Startup,6,1,3,3,0,0,,0,22.28,0
U06369,2025-04-04,Business,US,Organic,SMB,25,8,0,9,1,1,2025-07-24,249,53.37,996
U06370,2025-09-30,Business,Germany,Paid Search,Startup,15,6,1,6,1,0,,249,125.37,2739
U06371,2025-04-05,Pro,UK,Referral,Startup,14,3,1,5,1,0,,79,25.18,948
U06372,2025-08-26,Free,UK,Content,Startup,16,5,1,3,0,0,,0,27.99,0
U06373,2025-06-14,Free,India,Referral,Startup,9,5,2,6,0,1,2026-03-30,0,24.22,0
U06374,2025-09-27,Pro,India,Paid Search,Startup,14,8,0,8,1,0,,79,97.71,1027
U06375,2025-03-13,Pro,Germany,Referral,Startup,11,6,1,5,0,1,2025-06-26,79,30.87,316
U06376,2025-07-18,Business,US,Organic,Enterprise,18,7,1,8,0,0,,249,41.33,2241
U06377,2025-03-27,Pro,Australia,Organic,SMB,14,2,0,4,0,1,2025-07-03,79,30.03,237
U06378,2025-09-01,Pro,Canada,Content,Mid-Market,17,6,1,8,0,0,,79,24.43,1106
U06379,2025-05-20,Free,India,Paid Search,SMB,6,3,1,4,0,1,2025-09-29,0,80.51,0
U06380,2025-10-21,Free,US,Paid Search,SMB,6,5,3,2,0,0,,0,65.48,0
U06381,2025-09-01,Pro,India,Partner,SMB,11,6,1,3,0,0,,79,76.91,790
U06382,2025-08-26,Business,India,Paid Search,Mid-Market,19,5,0,7,0,0,,249,102.21,3486
U06383,2025-03-10,Business,Canada,Organic,Enterprise,20,11,0,7,1,0,,249,32.69,2490
U06384,2025-03-19,Free,Canada,Content,SMB,7,1,2,2,0,0,,0,36.51,0
U06385,2025-01-12,Business,India,Organic,Enterprise,13,7,0,9,0,0,,249,40.19,3237
U06386,2025-01-18,Free,India,Content,SMB,10,5,1,3,0,1,2025-03-30,0,39.81,0
U06387,2025-01-12,Pro,US,Paid Search,Enterprise,9,5,1,2,0,0,,79,106.92,711
U06388,2025-08-26,Pro,Australia,Content,SMB,14,5,0,9,0,0,,79,30.64,869
U06389,2025-08-20,Free,UK,Partner,SMB,7,4,4,3,0,1,2025-10-15,0,52.5,0
U06390,2025-10-12,Free,US,Content,Startup,6,5,1,1,0,0,,0,49.36,0
U06391,2025-01-10,Pro,India,Organic,Startup,10,9,1,4,1,0,,79,27.59,711
U06392,2025-04-07,Business,India,Organic,Mid-Market,13,6,0,3,1,0,,249,45.28,2490
U06393,2025-10-10,Business,India,Paid Search,SMB,6,8,2,8,1,1,2026-04-07,249,67.04,1494
U06394,2025-07-11,Pro,India,Content,Startup,8,6,0,4,0,0,,79,35.72,869
U06395,2025-01-12,Pro,US,Paid Search,Mid-Market,11,8,0,7,0,0,,79,45.97,869
U06396,2025-03-08,Free,US,Organic,Enterprise,11,6,3,2,0,0,,0,38.58,0
U06397,2025-07-12,Free,US,Paid Search,Startup,10,3,0,2,1,0,,0,108.5,0
U06398,2025-07-10,Free,UK,Paid Search,Startup,8,1,2,4,0,0,,0,99.82,0
U06399,2025-08-26,Free,Australia,Referral,Startup,8,2,2,2,0,1,2025-12-11,0,33.24,0
U06400,2025-01-22,Free,Germany,Content,Mid-Market,8,4,0,1,0,1,2025-03-03,0,44.01,0
U06401,2025-02-14,Business,India,Paid Search,Mid-Market,15,10,0,12,1,0,,249,129.78,3486
U06402,2025-02-08,Pro,UK,Organic,Startup,10,4,5,2,1,0,,79,39.57,869
U06403,2025-04-02,Free,Canada,Referral,Mid-Market,7,4,0,3,0,0,,0,27.11,0
U06404,2025-09-06,Free,US,Partner,SMB,9,5,0,2,0,0,,0,99.75,0
U06405,2025-09-27,Free,UK,Organic,SMB,6,1,1,2,0,1,2026-04-29,0,36.15,0
U06406,2025-07-04,Free,India,Referral,Startup,10,4,0,2,0,0,,0,40.49,0
U06407,2025-08-29,Business,Canada,Referral,Mid-Market,12,7,1,13,0,0,,249,22.81,2241
U06408,2025-08-04,Free,India,Paid Search,Startup,7,3,1,2,0,0,,0,120.92,0
U06409,2025-07-02,Pro,US,Organic,Startup,13,7,1,11,1,0,,79,53.64,790
U06410,2025-04-22,Pro,US,Organic,SMB,8,7,1,2,0,0,,79,51.08,869
U06411,2025-01-31,Pro,India,Organic,Startup,6,4,2,5,0,0,,79,24.83,1106
U06412,2025-09-17,Free,India,Paid Search,SMB,10,4,3,3,0,0,,0,96.91,0
U06413,2025-09-30,Free,Australia,Referral,Startup,4,6,0,4,0,0,,0,41.23,0
U06414,2025-03-30,Pro,Canada,Referral,SMB,15,6,0,8,0,0,,79,32.66,1106
U06415,2025-01-08,Pro,US,Partner,Mid-Market,15,8,3,6,0,1,2025-02-12,79,75.72,79
U06416,2025-02-11,Pro,US,Partner,SMB,8,6,1,3,0,1,2025-10-13,79,78.74,632
U06417,2025-04-29,Free,UK,Paid Search,Startup,14,3,1,3,0,1,2025-09-26,0,77.07,0
U06418,2025-02-19,Pro,India,Referral,Startup,22,5,0,1,0,0,,79,53.32,948
U06419,2025-01-14,Business,India,Paid Search,Enterprise,10,6,1,7,0,0,,249,60.82,2988
U06420,2025-02-12,Free,US,Content,Startup,6,4,0,3,0,1,2025-12-11,0,44.26,0
U06421,2025-01-05,Free,India,Paid Search,Mid-Market,8,2,1,4,0,1,2025-10-12,0,102.49,0
U06422,2025-07-29,Free,UK,Content,Mid-Market,7,3,2,3,0,0,,0,23.08,0
U06423,2025-04-04,Pro,India,Partner,Mid-Market,16,6,2,5,0,1,2026-02-04,79,77.45,790
U06424,2025-10-25,Pro,India,Referral,Startup,18,4,1,5,0,0,,79,18.27,790
U06425,2025-08-16,Business,US,Organic,Enterprise,13,6,0,8,0,0,,249,39.78,2241
U06426,2025-06-08,Free,US,Paid Search,Startup,7,1,2,2,1,0,,0,78.23,0
U06427,2025-03-01,Business,Canada,Organic,SMB,13,9,0,8,0,1,2025-07-25,249,37.06,1245
U06428,2025-03-22,Pro,India,Partner,Mid-Market,10,6,2,2,1,0,,79,70.41,711
U06429,2025-10-01,Pro,Canada,Paid Search,SMB,13,8,0,7,0,0,,79,83.11,869
U06430,2025-01-08,Free,Australia,Referral,SMB,5,3,2,2,0,1,2025-03-28,0,14.71,0
U06431,2025-01-15,Free,US,Paid Search,Startup,8,5,2,3,0,1,2025-04-25,0,125.19,0
U06432,2025-08-24,Pro,UK,Organic,SMB,4,4,1,3,1,0,,79,50.46,948
U06433,2025-08-13,Free,UK,Paid Search,Startup,9,4,1,3,0,1,2025-11-15,0,24.02,0
U06434,2025-02-24,Pro,Germany,Organic,Startup,16,4,0,4,0,0,,79,47.82,869
U06435,2025-09-05,Free,India,Organic,SMB,9,4,0,2,0,0,,0,28.05,0
U06436,2025-07-30,Free,India,Paid Search,Mid-Market,9,2,0,4,0,0,,0,123.26,0
U06437,2025-06-11,Free,Canada,Content,SMB,9,3,1,3,0,1,2026-01-15,0,25.63,0
U06438,2025-03-23,Free,Canada,Content,SMB,7,1,0,4,0,0,,0,55.18,0
U06439,2025-05-22,Pro,US,Organic,Mid-Market,12,5,1,7,0,1,2026-03-28,79,36.5,790
U06440,2025-08-21,Pro,India,Paid Search,Startup,17,8,0,3,0,0,,79,68.54,632
U06441,2025-05-23,Pro,India,Referral,Enterprise,14,8,1,3,0,1,2025-08-14,79,52.41,237
U06442,2025-07-07,Free,Germany,Paid Search,Startup,9,2,2,2,0,1,2025-11-22,0,77.58,0
U06443,2025-06-17,Free,India,Referral,SMB,4,4,3,4,0,0,,0,54.2,0
U06444,2025-05-13,Pro,US,Partner,Startup,13,6,2,3,0,0,,79,17.45,632
U06445,2025-08-05,Free,US,Referral,Startup,8,4,1,1,0,0,,0,54.48,0
U06446,2025-03-21,Free,Canada,Referral,SMB,6,5,4,2,0,0,,0,38.3,0
U06447,2025-04-11,Pro,India,Organic,Mid-Market,12,6,2,8,0,1,2025-08-05,79,39.41,316
U06448,2025-06-26,Pro,Germany,Paid Search,Startup,16,6,1,6,0,1,2026-01-18,79,113.85,553
U06449,2025-10-08,Free,India,Paid Search,SMB,8,2,1,2,0,0,,0,81.16,0
U06450,2025-07-28,Pro,US,Content,Mid-Market,12,7,4,3,0,1,2026-04-05,79,35.26,632
U06451,2025-01-27,Pro,US,Organic,SMB,9,5,1,2,1,0,,79,24.54,1106
U06452,2025-01-11,Business,India,Content,SMB,18,11,1,14,1,0,,249,32.3,2988
U06453,2025-07-15,Free,Germany,Content,Mid-Market,12,1,0,1,0,1,2026-03-03,0,37.57,0
U06454,2025-04-02,Free,Australia,Paid Search,SMB,9,2,2,4,0,0,,0,130.14,0
U06455,2025-01-13,Free,US,Organic,SMB,4,1,0,3,0,1,2025-10-18,0,53.94,0
U06456,2025-08-16,Free,India,Content,Mid-Market,6,2,1,1,0,1,2026-02-19,0,38.14,0
U06457,2025-04-13,Pro,Australia,Content,Startup,9,3,0,7,0,1,2025-07-29,79,34.35,316
U06458,2025-03-22,Business,India,Paid Search,SMB,21,10,1,12,0,0,,249,80.35,2490
U06459,2025-06-08,Free,US,Partner,SMB,8,3,0,1,0,0,,0,56.7,0
U06460,2025-08-07,Free,India,Paid Search,SMB,14,4,4,1,0,1,2025-10-05,0,92.6,0
U06461,2025-02-06,Pro,US,Referral,Startup,10,7,4,5,0,1,2025-12-04,79,50.17,790
U06462,2025-05-03,Pro,India,Partner,Mid-Market,15,7,0,2,0,0,,79,83.53,1027
U06463,2025-08-15,Free,UK,Organic,Enterprise,5,2,1,3,0,0,,0,35.67,0
U06464,2025-07-25,Pro,India,Paid Search,Startup,19,6,1,6,0,1,2026-05-20,79,99.59,790
U06465,2025-02-04,Pro,India,Paid Search,Enterprise,8,7,1,2,0,0,,79,116.99,1106
U06466,2025-10-04,Pro,US,Organic,Mid-Market,10,8,0,9,1,0,,79,34.19,790
U06467,2025-02-25,Free,UK,Paid Search,Startup,8,7,3,1,0,1,2025-11-13,0,90.23,0
U06468,2025-02-20,Pro,India,Organic,SMB,8,6,0,6,1,0,,79,43.46,948
U06469,2025-01-14,Free,Canada,Partner,Startup,7,4,2,3,0,1,2025-05-06,0,66.81,0
U06470,2025-10-05,Free,US,Paid Search,Mid-Market,12,1,0,3,0,0,,0,66.72,0
U06471,2025-03-03,Pro,India,Organic,Startup,12,9,1,1,0,1,2025-09-26,79,30.89,553
U06472,2025-09-24,Free,US,Referral,Enterprise,7,2,1,2,0,1,2026-06-25,0,40.7,0
U06473,2025-06-28,Pro,US,Referral,SMB,16,5,0,3,0,0,,79,41.93,790
U06474,2025-06-02,Pro,India,Partner,Startup,15,7,0,2,1,0,,79,65.36,632
U06475,2025-10-01,Pro,India,Partner,Mid-Market,13,6,0,10,1,0,,79,74.4,869
U06476,2025-01-14,Free,Australia,Referral,Startup,12,3,1,3,0,0,,0,41.56,0
U06477,2025-09-13,Free,India,Referral,Startup,8,5,3,1,1,0,,0,28.59,0
U06478,2025-08-31,Pro,Australia,Partner,SMB,12,8,0,4,1,0,,79,79.66,790
U06479,2025-10-08,Business,US,Organic,Startup,20,8,1,10,1,0,,249,30.57,2490
U06480,2025-06-27,Free,India,Content,Startup,6,4,2,3,1,0,,0,33.95,0
U06481,2025-10-24,Business,UK,Content,Mid-Market,25,6,0,6,1,1,2026-08-30,249,30.32,2490
U06482,2025-04-05,Free,UK,Partner,Mid-Market,6,4,1,1,0,0,,0,67.27,0
U06483,2025-01-01,Pro,Australia,Referral,SMB,7,9,2,4,0,1,2025-05-26,79,38.46,395
U06484,2025-01-13,Free,UK,Referral,SMB,10,5,2,2,0,1,2025-08-30,0,35.13,0
U06485,2025-08-31,Free,India,Referral,SMB,11,3,0,3,0,1,2025-10-16,0,42.77,0
U06486,2025-04-27,Free,India,Referral,SMB,8,7,3,1,0,0,,0,52.53,0
U06487,2025-01-18,Free,India,Organic,SMB,11,1,1,3,0,0,,0,38.64,0
U06488,2025-01-23,Business,India,Content,SMB,22,5,0,8,1,0,,249,45.23,2988
U06489,2025-08-26,Free,Australia,Referral,Mid-Market,6,4,1,5,0,0,,0,31.1,0
U06490,2025-05-15,Free,India,Organic,SMB,8,6,1,3,0,1,2025-12-11,0,40.82,0
U06491,2025-03-19,Pro,India,Organic,Startup,11,7,1,5,1,0,,79,36.24,1027
U06492,2025-01-20,Pro,US,Paid Search,SMB,13,5,0,6,0,0,,79,52.98,1106
U06493,2025-10-13,Free,US,Referral,Startup,10,5,1,4,0,0,,0,46.44,0
U06494,2025-07-18,Free,US,Content,Enterprise,5,1,3,3,0,0,,0,38.49,0
U06495,2025-08-24,Pro,US,Paid Search,SMB,14,6,1,5,0,0,,79,114.66,948
U06496,2025-07-07,Pro,Australia,Organic,Enterprise,8,4,1,5,0,0,,79,23.91,1106
U06497,2025-08-04,Free,US,Content,Startup,13,3,0,2,0,1,2026-04-19,0,31.59,0
U06498,2025-03-11,Business,Australia,Referral,SMB,18,10,2,7,0,0,,249,29.92,2241
U06499,2025-04-23,Pro,US,Organic,Enterprise,11,7,0,4,0,0,,79,42.28,711
U06500,2025-07-08,Free,US,Content,Mid-Market,14,5,1,2,0,0,,0,28.73,0
U06501,2025-06-28,Pro,Canada,Organic,SMB,13,5,0,3,1,1,2025-11-16,79,28.39,395
U06502,2025-02-22,Free,UK,Referral,Mid-Market,11,6,0,2,0,0,,0,28.16,0
U06503,2025-02-16,Pro,US,Content,SMB,8,8,1,2,0,0,,79,42.49,1106
U06504,2025-02-08,Free,UK,Referral,SMB,11,2,0,3,0,0,,0,26.54,0
U06505,2025-09-13,Free,UK,Content,Mid-Market,12,1,1,5,0,1,2025-12-21,0,33.2,0
U06506,2025-04-18,Pro,US,Partner,SMB,7,5,1,4,1,0,,79,75.32,948
U06507,2025-08-31,Pro,US,Organic,Mid-Market,12,8,1,3,0,0,,79,36.36,869
U06508,2025-02-24,Free,India,Referral,Mid-Market,7,4,0,1,1,0,,0,24.81,0
U06509,2025-03-10,Business,UK,Referral,Startup,18,6,1,4,0,1,2025-10-01,249,41.05,1743
U06510,2025-05-20,Pro,Germany,Referral,Startup,15,8,0,4,0,0,,79,22.12,948
U06511,2025-10-02,Pro,US,Partner,Startup,15,4,3,4,0,0,,79,75.75,790
U06512,2025-06-20,Free,India,Organic,Enterprise,8,4,1,4,0,0,,0,35.42,0
U06513,2025-05-08,Pro,US,Partner,Enterprise,12,5,0,4,1,0,,79,71.41,1027
U06514,2025-05-19,Pro,UK,Organic,Startup,6,5,1,3,0,1,2026-03-14,79,27.67,790
U06515,2025-02-10,Pro,India,Organic,Startup,7,5,1,3,0,0,,79,42.92,1106
U06516,2025-06-11,Pro,US,Partner,Mid-Market,12,5,3,4,0,0,,79,54.09,948
U06517,2025-08-13,Pro,US,Organic,SMB,9,5,1,8,1,1,2026-04-30,79,60.89,711
U06518,2025-09-12,Free,Germany,Content,SMB,8,5,1,4,0,0,,0,28.83,0
U06519,2025-09-18,Free,India,Paid Search,SMB,12,4,2,2,0,1,2026-03-16,0,100.01,0
U06520,2025-10-24,Business,US,Referral,Startup,13,9,1,8,0,1,2026-01-09,249,45.67,747
U06521,2025-01-18,Business,US,Organic,Startup,18,10,1,3,1,1,2025-06-04,249,49.6,1245
U06522,2025-01-23,Free,India,Organic,Startup,13,4,2,2,0,1,2025-02-23,0,41.71,0
U06523,2025-01-15,Pro,India,Organic,Mid-Market,10,5,1,6,0,1,2025-02-26,79,29.65,79
U06524,2025-07-03,Business,Canada,Organic,Enterprise,18,8,0,13,0,0,,249,23.18,2988
U06525,2025-01-12,Pro,US,Organic,Mid-Market,14,6,2,6,0,0,,79,36.22,869
U06526,2025-01-07,Free,UK,Paid Search,Mid-Market,8,1,1,2,1,0,,0,96.31,0
U06527,2025-08-17,Business,US,Content,SMB,11,10,0,7,0,0,,249,27.72,2490
U06528,2025-06-06,Free,India,Paid Search,SMB,7,2,1,1,0,0,,0,98.15,0
U06529,2025-08-07,Free,India,Partner,Startup,14,6,0,2,0,0,,0,55.1,0
U06530,2025-05-01,Pro,India,Referral,Startup,15,3,1,4,1,0,,79,29.48,1106
U06531,2025-09-08,Free,US,Content,Startup,7,3,4,3,1,1,2026-07-12,0,36.82,0
U06532,2025-01-03,Pro,India,Paid Search,SMB,7,7,0,7,1,0,,79,100.31,1027
U06533,2025-06-05,Free,US,Referral,Mid-Market,9,3,1,2,0,0,,0,25.17,0
U06534,2025-10-08,Free,Germany,Organic,Startup,5,2,0,2,0,0,,0,32.42,0
U06535,2025-03-14,Pro,US,Partner,Startup,5,5,1,3,0,0,,79,61.03,1027
U06536,2025-04-28,Free,India,Paid Search,SMB,7,3,1,4,1,0,,0,86.53,0
U06537,2025-01-08,Pro,US,Organic,Mid-Market,7,6,3,4,0,0,,79,39.17,869
U06538,2025-06-02,Free,Canada,Organic,Startup,6,4,2,3,0,0,,0,26.56,0
U06539,2025-09-10,Business,US,Referral,Mid-Market,10,11,1,8,1,1,2026-05-14,249,43.56,1992
U06540,2025-08-18,Pro,UK,Paid Search,SMB,18,4,1,3,0,0,,79,99.19,869
U06541,2025-05-08,Pro,India,Organic,SMB,10,8,1,5,0,0,,79,19.31,1106
U06542,2025-06-27,Free,US,Organic,SMB,9,2,1,2,0,1,2025-09-17,0,32.46,0
U06543,2025-06-10,Free,US,Content,Mid-Market,9,3,2,3,0,1,2025-08-27,0,31.67,0
U06544,2025-09-16,Free,Australia,Paid Search,Mid-Market,9,3,1,3,0,1,2026-02-06,0,89.38,0
U06545,2025-01-25,Business,India,Partner,SMB,20,8,2,7,1,0,,249,40.57,3237
U06546,2025-01-20,Business,UK,Organic,Mid-Market,20,12,1,9,0,0,,249,23.68,2241
U06547,2025-10-05,Free,India,Paid Search,Mid-Market,7,4,2,3,0,0,,0,61.52,0
U06548,2025-01-09,Pro,US,Organic,Enterprise,12,5,3,5,1,0,,79,40.12,790
U06549,2025-01-26,Business,India,Paid Search,Startup,21,10,0,11,1,0,,249,86.86,3486
U06550,2025-02-25,Free,Canada,Organic,SMB,7,1,4,2,0,1,2025-05-30,0,40.4,0
U06551,2025-03-31,Business,UK,Organic,Startup,10,5,0,4,0,0,,249,30.21,1992
U06552,2025-07-08,Free,India,Paid Search,SMB,18,7,1,4,0,0,,0,87.36,0
U06553,2025-04-21,Free,US,Paid Search,Mid-Market,7,1,1,2,0,1,2025-06-03,0,83.73,0
U06554,2025-07-05,Pro,US,Referral,SMB,9,7,1,3,0,1,2026-05-25,79,55.25,869
U06555,2025-02-17,Free,UK,Organic,Startup,9,3,2,3,0,1,2025-04-11,0,46.08,0
U06556,2025-02-24,Free,US,Partner,SMB,7,3,3,2,0,0,,0,85.09,0
U06557,2025-07-23,Business,India,Organic,SMB,11,11,0,6,0,1,2025-10-28,249,40.79,747
U06558,2025-01-17,Pro,UK,Content,Startup,14,7,2,5,1,0,,79,29.2,869
U06559,2025-10-26,Free,US,Paid Search,SMB,11,2,0,2,1,1,2026-07-11,0,81.27,0
U06560,2025-06-11,Free,UK,Paid Search,Startup,7,9,1,2,1,0,,0,141.11,0
U06561,2025-07-15,Free,US,Referral,Startup,5,2,1,2,0,1,2026-02-22,0,35.53,0
U06562,2025-09-28,Free,US,Partner,Startup,10,3,2,2,0,0,,0,41.44,0
U06563,2025-05-03,Free,Australia,Referral,SMB,12,4,1,1,0,0,,0,32.54,0
U06564,2025-02-25,Free,Australia,Paid Search,Startup,6,5,0,1,0,0,,0,96.84,0
U06565,2025-07-12,Pro,US,Referral,Mid-Market,17,7,1,3,0,1,2026-06-01,79,32.59,869
U06566,2025-05-09,Free,India,Referral,Startup,5,4,2,2,0,0,,0,33.91,0
U06567,2025-04-02,Pro,India,Referral,Startup,16,5,2,5,0,0,,79,30.52,1106
U06568,2025-09-08,Free,India,Content,SMB,14,1,3,3,0,0,,0,32.15,0
U06569,2025-06-10,Free,Canada,Organic,Startup,11,7,0,1,0,0,,0,38.73,0
U06570,2025-09-02,Pro,India,Paid Search,SMB,11,6,2,2,0,0,,79,112.58,1106
U06571,2025-02-28,Pro,Germany,Referral,Startup,19,5,2,9,0,0,,79,65.14,1106
U06572,2025-07-05,Business,UK,Organic,Mid-Market,12,8,0,9,1,0,,249,31.75,2490
U06573,2025-04-28,Free,India,Paid Search,Mid-Market,9,3,1,2,0,0,,0,93.48,0
U06574,2025-08-13,Pro,UK,Organic,Enterprise,17,4,1,6,0,0,,79,48.29,632
U06575,2025-03-11,Pro,US,Content,SMB,18,7,1,8,0,0,,79,28.58,1106
U06576,2025-05-10,Pro,Canada,Organic,SMB,14,6,1,3,0,0,,79,39.6,632
U06577,2025-03-01,Free,India,Paid Search,SMB,7,3,3,3,1,1,2025-09-05,0,80.42,0
U06578,2025-08-13,Free,India,Organic,Startup,14,2,5,2,1,1,2026-05-11,0,11.75,0
U06579,2025-01-21,Pro,India,Organic,Startup,24,7,0,3,0,0,,79,35.61,948
U06580,2025-02-08,Free,India,Partner,Mid-Market,8,3,0,2,0,1,2025-04-14,0,84.25,0
U06581,2025-06-16,Free,US,Organic,Mid-Market,12,2,3,3,0,0,,0,41.4,0
U06582,2025-02-04,Free,UK,Partner,SMB,4,4,0,2,0,0,,0,82.39,0
U06583,2025-10-21,Pro,India,Organic,SMB,15,10,2,7,0,0,,79,28.68,790
U06584,2025-06-16,Pro,India,Organic,Startup,12,7,1,3,1,0,,79,40.5,790
U06585,2025-02-02,Pro,India,Organic,SMB,7,7,1,6,0,0,,79,35.82,711
U06586,2025-08-31,Free,US,Referral,Mid-Market,8,1,2,2,0,1,2026-05-31,0,42.08,0
U06587,2025-02-23,Pro,US,Organic,SMB,8,8,0,7,0,0,,79,22.87,869
U06588,2025-09-30,Pro,US,Organic,Mid-Market,8,8,0,4,0,0,,79,30.95,1027
U06589,2025-08-10,Pro,UK,Paid Search,SMB,8,8,2,4,0,0,,79,73.91,948
U06590,2025-05-19,Pro,Germany,Organic,Mid-Market,12,5,2,2,1,0,,79,40.47,790
U06591,2025-09-22,Pro,Australia,Partner,SMB,18,9,0,3,0,0,,79,51.54,869
U06592,2025-06-13,Pro,India,Content,SMB,10,8,1,8,0,0,,79,24.24,948
U06593,2025-02-12,Free,US,Paid Search,SMB,10,6,2,3,0,0,,0,101.57,0
U06594,2025-10-25,Business,UK,Paid Search,Startup,15,11,0,8,1,1,2026-07-17,249,129.09,2241
U06595,2025-05-19,Free,US,Paid Search,SMB,7,4,2,2,0,0,,0,130.29,0
U06596,2025-09-28,Free,US,Referral,Mid-Market,13,6,3,2,0,1,2026-02-21,0,30.98,0
U06597,2025-08-16,Pro,Australia,Paid Search,SMB,9,10,0,4,0,1,2025-11-13,79,74.38,237
U06598,2025-05-30,Free,UK,Referral,SMB,12,3,1,5,0,1,2026-03-16,0,39.79,0
U06599,2025-01-19,Free,US,Organic,SMB,7,2,1,2,0,1,2025-10-18,0,29.23,0
U06600,2025-04-04,Free,Canada,Content,Mid-Market,10,3,2,3,0,0,,0,19.45,0
U06601,2025-03-08,Free,Australia,Paid Search,Startup,8,3,1,1,0,1,2025-05-07,0,108.83,0
U06602,2025-03-21,Free,US,Referral,SMB,13,3,2,3,0,0,,0,32.14,0
U06603,2025-08-26,Free,UK,Paid Search,SMB,10,2,2,2,0,1,2025-10-22,0,134.38,0
U06604,2025-04-14,Pro,Germany,Organic,Startup,8,8,1,3,1,0,,79,27.93,948
U06605,2025-07-25,Free,UK,Organic,SMB,8,2,0,3,0,1,2025-12-20,0,45.56,0
U06606,2025-01-17,Free,UK,Paid Search,Startup,5,1,1,2,0,0,,0,121.25,0
U06607,2025-10-23,Free,US,Paid Search,Startup,13,3,0,4,0,1,2026-03-30,0,100.96,0
U06608,2025-02-12,Free,US,Organic,Startup,5,1,2,3,0,1,2025-11-07,0,27.18,0
U06609,2025-05-05,Free,UK,Referral,SMB,5,3,1,2,0,1,2026-03-27,0,62.21,0
U06610,2025-06-01,Free,India,Partner,Mid-Market,2,4,1,3,0,0,,0,64.67,0
U06611,2025-01-10,Free,US,Content,Startup,8,3,4,1,0,0,,0,41.6,0
U06612,2025-05-11,Free,Germany,Paid Search,Startup,14,3,2,1,1,0,,0,107.68,0
U06613,2025-04-29,Pro,India,Organic,Enterprise,17,5,1,5,1,0,,79,34.77,1027
U06614,2025-03-30,Pro,US,Paid Search,Startup,17,8,0,5,0,0,,79,55.22,711
U06615,2025-04-07,Free,Australia,Organic,SMB,7,2,4,2,0,1,2025-12-14,0,45.28,0
U06616,2025-05-26,Free,US,Referral,SMB,10,2,0,1,0,1,2025-11-21,0,36.54,0
U06617,2025-01-06,Pro,US,Referral,SMB,15,5,3,3,1,0,,79,41.65,948
U06618,2025-04-05,Business,Germany,Paid Search,SMB,15,9,0,3,0,1,2026-01-17,249,115.71,2490
U06619,2025-02-19,Free,Germany,Paid Search,SMB,12,4,2,4,0,0,,0,81.62,0
U06620,2025-10-19,Free,Germany,Organic,SMB,10,4,2,1,1,0,,0,38.18,0
U06621,2025-01-17,Free,US,Content,SMB,9,5,0,4,0,0,,0,35.71,0
U06622,2025-02-02,Pro,US,Content,Startup,10,5,2,8,1,0,,79,26.99,869
U06623,2025-10-18,Free,Australia,Organic,Enterprise,16,6,1,2,0,0,,0,20.29,0
U06624,2025-03-25,Free,UK,Organic,Mid-Market,7,2,0,2,0,0,,0,35.95,0
U06625,2025-04-28,Business,India,Paid Search,SMB,7,8,0,2,1,0,,249,120.65,3486
U06626,2025-09-11,Free,India,Referral,Startup,10,3,1,2,0,1,2025-11-05,0,41.7,0
U06627,2025-08-27,Pro,Canada,Referral,SMB,14,7,0,3,0,0,,79,34.79,790
U06628,2025-05-04,Free,India,Organic,Startup,15,4,0,3,0,0,,0,26.23,0
U06629,2025-02-23,Pro,UK,Organic,Startup,14,8,0,7,0,0,,79,30.81,948
U06630,2025-03-15,Free,US,Referral,Startup,12,6,4,2,0,0,,0,39.4,0
U06631,2025-02-05,Pro,US,Paid Search,Enterprise,16,8,0,6,0,0,,79,91.72,1027
U06632,2025-09-05,Free,India,Organic,Startup,5,5,3,2,0,1,2026-06-01,0,31.68,0
U06633,2025-09-24,Free,Germany,Referral,Startup,11,6,2,3,1,1,2025-11-22,0,55.21,0
U06634,2025-09-25,Pro,India,Partner,SMB,5,7,2,2,0,0,,79,91.56,869
U06635,2025-06-20,Free,Germany,Paid Search,SMB,4,4,0,3,0,0,,0,91.71,0
U06636,2025-02-05,Pro,US,Paid Search,SMB,11,6,1,2,0,1,2025-10-17,79,88.41,632
U06637,2025-04-13,Free,India,Partner,Startup,5,7,0,2,0,1,2026-02-02,0,64.38,0
U06638,2025-10-07,Business,US,Organic,SMB,12,8,0,7,1,0,,249,26.64,2988
U06639,2025-10-08,Pro,India,Content,Startup,15,5,1,5,0,1,2026-05-04,79,24.92,553
U06640,2025-04-24,Free,India,Content,Mid-Market,10,7,2,3,0,0,,0,44.16,0
U06641,2025-01-16,Free,Australia,Content,SMB,10,4,0,4,0,0,,0,25.63,0
U06642,2025-09-04,Pro,US,Referral,SMB,14,4,1,7,0,0,,79,39.16,1106
U06643,2025-05-04,Pro,India,Referral,SMB,13,6,0,7,0,0,,79,25.19,1106
U06644,2025-09-08,Free,India,Content,SMB,9,4,0,4,0,0,,0,18.67,0
U06645,2025-05-09,Free,US,Organic,SMB,11,2,0,3,0,0,,0,49.07,0
U06646,2025-04-02,Pro,India,Paid Search,SMB,16,7,3,2,0,0,,79,90.17,790
U06647,2025-10-17,Business,India,Organic,SMB,11,8,1,13,1,0,,249,54.5,2988
U06648,2025-05-29,Free,India,Paid Search,SMB,10,3,4,2,1,0,,0,112.63,0
U06649,2025-03-10,Free,India,Partner,SMB,6,1,4,1,0,1,2025-09-19,0,83.41,0
U06650,2025-04-15,Free,India,Paid Search,SMB,5,3,3,3,1,0,,0,84.47,0
U06651,2025-05-05,Free,India,Organic,Startup,8,4,1,2,0,0,,0,40.42,0
U06652,2025-05-27,Free,India,Organic,Startup,6,3,3,1,0,0,,0,30.48,0
U06653,2025-08-26,Pro,India,Paid Search,SMB,12,7,1,4,1,0,,79,104.01,869
U06654,2025-03-20,Business,US,Content,Mid-Market,15,7,0,6,0,0,,249,40.49,2490
U06655,2025-04-01,Pro,UK,Paid Search,Startup,11,8,2,3,0,1,2025-06-08,79,71.1,158
U06656,2025-03-30,Free,India,Paid Search,SMB,10,3,0,1,0,0,,0,91.13,0
U06657,2025-07-18,Free,UK,Content,Startup,7,5,1,1,0,0,,0,34.95,0
U06658,2025-01-19,Free,Germany,Referral,Mid-Market,12,3,1,1,0,0,,0,51.52,0
U06659,2025-03-19,Pro,Canada,Organic,Enterprise,12,7,1,9,0,0,,79,38.77,711
U06660,2025-02-05,Free,India,Paid Search,Startup,8,6,2,3,0,0,,0,97.13,0
U06661,2025-06-06,Free,Canada,Referral,Enterprise,14,5,2,2,1,0,,0,40.84,0
U06662,2025-08-29,Free,India,Organic,Mid-Market,7,3,0,4,0,1,2026-07-18,0,38.68,0
U06663,2025-04-16,Free,Germany,Paid Search,SMB,8,2,0,5,0,0,,0,87.15,0
U06664,2025-05-14,Free,Canada,Organic,Startup,9,5,1,3,0,0,,0,32.86,0
U06665,2025-05-27,Free,US,Paid Search,Startup,6,2,2,3,0,0,,0,90.97,0
U06666,2025-03-23,Free,India,Paid Search,SMB,8,2,0,1,0,1,2025-10-21,0,97.6,0
U06667,2025-03-29,Free,India,Referral,SMB,6,5,2,5,1,0,,0,37.87,0
U06668,2025-01-25,Free,US,Organic,SMB,7,1,1,3,0,1,2025-06-26,0,35.45,0
U06669,2025-08-22,Free,UK,Paid Search,Enterprise,12,4,2,2,0,0,,0,99.03,0
U06670,2025-06-14,Free,US,Organic,Mid-Market,6,4,2,2,0,0,,0,31.54,0
U06671,2025-03-06,Free,UK,Organic,SMB,6,3,2,3,0,0,,0,35.45,0
U06672,2025-07-26,Pro,US,Referral,SMB,12,7,4,4,1,1,2026-01-17,79,49.32,474
U06673,2025-05-22,Pro,India,Paid Search,SMB,10,6,3,3,0,0,,79,78.12,869
U06674,2025-03-25,Free,India,Organic,Startup,4,5,1,1,0,0,,0,49.34,0
U06675,2025-10-21,Free,US,Content,Mid-Market,10,5,4,3,0,0,,0,34.9,0
U06676,2025-04-20,Free,US,Content,Mid-Market,10,3,3,4,0,1,2025-08-01,0,30.66,0
U06677,2025-05-04,Pro,Germany,Paid Search,Startup,13,7,0,6,1,0,,79,127.31,948
U06678,2025-06-28,Free,India,Partner,SMB,3,4,2,2,0,1,2025-08-10,0,84.27,0
U06679,2025-03-13,Free,India,Referral,SMB,3,4,0,1,0,1,2025-06-27,0,36.6,0
U06680,2025-07-13,Pro,Australia,Organic,Mid-Market,16,5,2,3,0,1,2025-11-12,79,20.41,316
U06681,2025-09-20,Pro,India,Content,Startup,3,5,1,4,0,0,,79,44.25,1027
U06682,2025-02-13,Free,US,Organic,Startup,11,4,0,3,0,1,2025-07-23,0,38.08,0
U06683,2025-08-31,Free,US,Organic,SMB,10,7,3,1,0,1,2026-06-14,0,46.24,0
U06684,2025-05-18,Business,India,Organic,SMB,17,6,0,2,1,0,,249,44.64,3486
U06685,2025-10-08,Pro,US,Organic,SMB,16,7,2,4,1,1,2025-12-01,79,33.44,158
U06686,2025-06-07,Business,Germany,Organic,SMB,12,8,2,5,1,0,,249,43.75,2241
U06687,2025-06-16,Free,Canada,Referral,SMB,9,3,0,1,0,0,,0,41.34,0
U06688,2025-05-02,Free,US,Partner,SMB,7,1,1,4,0,0,,0,50.85,0
U06689,2025-08-13,Free,India,Referral,Startup,14,5,2,3,0,0,,0,38.76,0
U06690,2025-08-06,Free,US,Content,Mid-Market,6,2,3,3,0,0,,0,35.7,0
U06691,2025-03-01,Business,Canada,Organic,SMB,18,10,1,8,0,0,,249,26.52,2988
U06692,2025-07-05,Free,India,Paid Search,Enterprise,8,3,0,3,0,0,,0,68.36,0
U06693,2025-07-05,Free,US,Referral,Mid-Market,13,4,1,5,0,0,,0,43.24,0
U06694,2025-06-10,Business,India,Paid Search,Mid-Market,12,11,2,8,0,0,,249,93.73,1992
U06695,2025-05-26,Pro,Canada,Organic,SMB,18,6,1,6,0,0,,79,32.2,869
U06696,2025-06-18,Free,Canada,Organic,SMB,8,8,0,2,0,1,2025-08-18,0,27.97,0
U06697,2025-01-10,Business,Germany,Content,Mid-Market,17,7,1,10,0,0,,249,39.53,3237
U06698,2025-09-29,Free,US,Paid Search,Mid-Market,10,2,1,2,0,1,2026-07-25,0,103.94,0
U06699,2025-04-03,Free,India,Paid Search,Mid-Market,12,1,2,3,0,1,2025-11-13,0,78.49,0
U06700,2025-03-16,Free,Canada,Content,SMB,8,5,0,5,0,0,,0,45.61,0
U06701,2025-03-04,Free,Australia,Content,Mid-Market,6,6,4,2,0,1,2025-12-01,0,30.95,0
U06702,2025-09-06,Free,US,Paid Search,Startup,14,7,1,1,0,1,2026-06-08,0,101.37,0
U06703,2025-06-01,Free,UK,Content,Enterprise,9,2,1,1,0,1,2025-11-12,0,46.09,0
U06704,2025-05-17,Free,US,Content,SMB,10,2,4,3,1,0,,0,27.39,0
U06705,2025-06-01,Free,US,Organic,Startup,16,4,0,4,0,0,,0,25.7,0
U06706,2025-04-10,Free,UK,Organic,SMB,5,1,2,2,0,0,,0,13.8,0
U06707,2025-04-26,Pro,India,Paid Search,Startup,12,6,2,3,1,1,2025-10-27,79,65.0,474
U06708,2025-08-12,Free,UK,Organic,Startup,7,3,2,1,0,1,2025-12-16,0,25.83,0
U06709,2025-10-05,Free,India,Referral,Startup,10,1,0,3,0,0,,0,28.15,0
U06710,2025-09-13,Free,US,Paid Search,Startup,11,4,1,2,1,0,,0,85.64,0
U06711,2025-01-21,Free,Germany,Paid Search,Enterprise,14,1,1,2,0,0,,0,116.19,0
U06712,2025-06-28,Free,Germany,Paid Search,Startup,10,5,1,4,1,0,,0,104.75,0
U06713,2025-04-14,Free,US,Paid Search,Startup,12,3,0,1,0,1,2025-06-20,0,78.65,0
U06714,2025-10-06,Pro,India,Paid Search,SMB,15,5,1,8,0,0,,79,101.04,1027
U06715,2025-05-28,Free,India,Organic,Mid-Market,14,1,0,1,0,1,2025-07-26,0,36.06,0
U06716,2025-03-16,Free,US,Paid Search,Startup,6,5,1,1,0,0,,0,109.13,0
U06717,2025-07-27,Free,US,Referral,SMB,7,5,3,3,0,1,2025-11-16,0,37.11,0
U06718,2025-01-20,Business,UK,Paid Search,SMB,22,9,0,8,1,0,,249,100.57,2241
U06719,2025-08-01,Business,India,Organic,SMB,14,6,1,5,0,0,,249,47.98,2988
U06720,2025-06-24,Pro,Germany,Organic,SMB,7,9,2,4,0,0,,79,39.0,711
U06721,2025-10-08,Business,Germany,Partner,Mid-Market,16,11,2,9,1,0,,249,57.41,3237
U06722,2025-05-18,Pro,Australia,Paid Search,SMB,5,5,0,5,0,0,,79,98.9,869
U06723,2025-10-01,Pro,US,Referral,Mid-Market,10,6,2,4,0,0,,79,31.08,1106
U06724,2025-01-22,Business,India,Paid Search,Mid-Market,12,8,0,8,1,0,,249,132.69,2241
U06725,2025-05-21,Pro,US,Content,Startup,16,8,2,5,0,0,,79,33.35,711
U06726,2025-09-09,Free,India,Organic,Mid-Market,6,2,0,2,0,1,2026-01-01,0,25.39,0
U06727,2025-09-06,Free,India,Partner,SMB,8,3,0,2,0,0,,0,94.3,0
U06728,2025-09-20,Free,US,Organic,Startup,7,4,1,4,0,0,,0,39.27,0
U06729,2025-03-08,Free,UK,Referral,SMB,10,2,1,2,0,1,2025-12-31,0,37.73,0
U06730,2025-05-27,Pro,India,Referral,Enterprise,17,6,0,3,0,0,,79,28.9,1106
U06731,2025-01-19,Pro,Germany,Organic,Startup,10,7,0,4,0,0,,79,23.06,790
U06732,2025-04-06,Business,Canada,Paid Search,Mid-Market,10,8,0,12,0,1,2025-07-07,249,56.6,747
U06733,2025-07-26,Free,Canada,Organic,SMB,8,3,2,1,0,0,,0,28.51,0
U06734,2025-01-22,Free,Germany,Content,SMB,8,7,2,2,1,0,,0,15.23,0
U06735,2025-07-27,Pro,India,Paid Search,Mid-Market,10,4,4,7,0,0,,79,85.51,790
U06736,2025-09-17,Free,Germany,Referral,SMB,8,3,1,3,0,1,2025-10-24,0,49.34,0
U06737,2025-08-31,Free,UK,Content,Startup,16,4,0,4,0,0,,0,33.39,0
U06738,2025-10-12,Free,UK,Organic,Startup,16,1,0,3,1,1,2026-01-20,0,37.17,0
U06739,2025-07-20,Free,US,Paid Search,SMB,7,1,2,1,0,0,,0,100.07,0
U06740,2025-07-24,Free,US,Paid Search,Mid-Market,4,5,0,2,0,0,,0,90.39,0
U06741,2025-01-22,Pro,India,Partner,Startup,14,4,0,3,1,0,,79,80.73,869
U06742,2025-04-30,Free,India,Content,SMB,13,5,2,4,0,0,,0,14.45,0
U06743,2025-09-13,Free,US,Organic,SMB,7,3,3,3,0,0,,0,46.69,0
U06744,2025-02-25,Pro,Canada,Content,SMB,18,5,1,2,0,0,,79,32.71,711
U06745,2025-03-15,Business,Australia,Organic,Mid-Market,12,7,0,10,0,0,,249,36.34,2739
U06746,2025-04-30,Free,US,Content,SMB,11,3,3,2,0,0,,0,31.14,0
U06747,2025-08-22,Business,US,Content,Mid-Market,22,8,3,14,0,0,,249,44.09,3486
U06748,2025-02-14,Free,Australia,Organic,SMB,14,3,2,3,0,0,,0,38.29,0
U06749,2025-08-28,Free,India,Organic,Startup,5,2,1,2,0,0,,0,15.74,0
U06750,2025-10-08,Free,UK,Paid Search,SMB,11,1,1,2,0,1,2025-11-27,0,103.63,0
U06751,2025-03-02,Pro,India,Referral,SMB,17,7,2,4,0,0,,79,46.46,711
U06752,2025-01-21,Free,Germany,Referral,SMB,9,3,1,4,0,1,2025-03-25,0,32.32,0
U06753,2025-02-17,Free,India,Referral,SMB,7,5,2,2,0,0,,0,43.49,0
U06754,2025-01-10,Free,Germany,Partner,Startup,8,4,1,4,0,0,,0,48.86,0
U06755,2025-07-28,Free,Canada,Organic,Mid-Market,11,3,1,5,0,0,,0,45.24,0
U06756,2025-01-07,Free,UK,Organic,SMB,9,8,2,2,1,0,,0,41.49,0
U06757,2025-05-14,Free,India,Content,SMB,8,4,1,2,0,1,2026-02-25,0,35.04,0
U06758,2025-06-19,Free,US,Organic,Mid-Market,13,3,0,1,0,1,2025-09-08,0,38.76,0
U06759,2025-10-26,Free,India,Paid Search,SMB,5,3,1,3,0,1,2026-02-25,0,107.27,0
U06760,2025-05-25,Free,UK,Paid Search,Mid-Market,9,4,1,2,0,0,,0,98.39,0
U06761,2025-03-05,Pro,UK,Organic,Mid-Market,5,2,0,5,0,0,,79,27.01,632
U06762,2025-04-18,Pro,US,Partner,Startup,15,4,0,4,0,0,,79,70.22,869
U06763,2025-08-14,Pro,India,Organic,Mid-Market,9,6,1,7,1,0,,79,28.87,1027
U06764,2025-04-05,Pro,US,Paid Search,Startup,12,4,1,5,0,0,,79,100.35,1106
U06765,2025-10-08,Business,US,Referral,Startup,18,9,0,10,1,0,,249,32.32,2988
U06766,2025-03-06,Free,UK,Organic,Mid-Market,11,1,0,2,0,0,,0,28.24,0
U06767,2025-04-21,Free,India,Content,Startup,7,6,2,2,0,1,2025-05-29,0,44.57,0
U06768,2025-05-31,Pro,India,Organic,Startup,10,6,1,2,1,0,,79,42.57,869
U06769,2025-02-08,Pro,UK,Content,SMB,8,6,0,7,1,0,,79,29.05,790
U06770,2025-01-16,Free,US,Organic,Mid-Market,8,5,2,5,0,0,,0,25.44,0
U06771,2025-03-02,Business,Australia,Content,Mid-Market,10,10,1,9,0,0,,249,31.79,2490
U06772,2025-10-05,Pro,US,Referral,SMB,22,7,5,6,0,0,,79,34.03,1106
U06773,2025-03-15,Pro,India,Content,SMB,14,8,1,5,0,0,,79,16.93,869
U06774,2025-09-25,Free,India,Partner,Mid-Market,12,4,0,3,0,0,,0,83.61,0
U06775,2025-01-23,Pro,UK,Partner,SMB,16,4,0,6,1,0,,79,84.15,1106
U06776,2025-04-20,Pro,US,Content,Startup,17,1,0,6,1,0,,79,28.06,790
U06777,2025-03-12,Free,India,Organic,Startup,9,4,1,3,0,0,,0,50.0,0
U06778,2025-08-13,Pro,Australia,Organic,Mid-Market,6,6,0,2,0,0,,79,37.72,948
U06779,2025-03-13,Pro,India,Content,SMB,14,3,1,5,0,0,,79,30.43,711
U06780,2025-04-03,Business,Canada,Organic,SMB,15,7,2,8,0,0,,249,30.51,2988
U06781,2025-04-10,Free,India,Content,SMB,4,2,0,2,0,0,,0,38.73,0
U06782,2025-02-22,Free,India,Partner,SMB,10,2,0,3,0,1,2026-01-03,0,45.9,0
U06783,2025-05-04,Free,Canada,Organic,Enterprise,9,4,4,1,0,1,2026-02-05,0,42.92,0
U06784,2025-01-28,Pro,Canada,Paid Search,Enterprise,16,5,3,3,1,0,,79,73.66,869
U06785,2025-06-17,Pro,India,Paid Search,SMB,14,8,1,5,0,1,2026-03-11,79,84.27,711
U06786,2025-06-07,Free,US,Organic,SMB,3,1,1,5,0,0,,0,36.04,0
U06787,2025-05-19,Free,Germany,Organic,Enterprise,4,3,1,2,0,1,2025-09-17,0,58.68,0
U06788,2025-01-22,Free,India,Organic,Enterprise,13,3,1,3,0,0,,0,46.92,0
U06789,2025-07-31,Free,Canada,Organic,Enterprise,9,1,1,3,0,1,2026-02-09,0,54.67,0
U06790,2025-09-07,Free,India,Partner,Mid-Market,8,6,0,1,0,1,2026-05-14,0,68.7,0
U06791,2025-05-03,Free,US,Organic,SMB,8,2,2,1,0,0,,0,33.92,0
U06792,2025-08-24,Pro,US,Referral,Mid-Market,11,6,1,5,1,1,2025-09-28,79,45.37,79
U06793,2025-04-18,Free,India,Partner,SMB,5,4,1,2,0,0,,0,56.63,0
U06794,2025-10-13,Business,Canada,Paid Search,Mid-Market,18,9,0,4,0,1,2026-06-18,249,107.22,1992
U06795,2025-07-30,Business,India,Partner,SMB,10,10,0,8,0,1,2026-05-05,249,65.53,2241
U06796,2025-10-11,Free,US,Paid Search,Startup,9,4,3,2,0,1,2026-07-16,0,96.76,0
U06797,2025-06-23,Pro,US,Referral,SMB,16,4,2,5,1,1,2026-02-27,79,31.81,632
U06798,2025-05-04,Pro,US,Organic,Mid-Market,9,9,0,7,1,0,,79,48.82,790
U06799,2025-10-25,Pro,UK,Referral,Startup,13,9,1,5,1,0,,79,36.54,790
U06800,2025-08-31,Free,India,Organic,Mid-Market,12,4,1,2,0,0,,0,47.95,0
U06801,2025-03-18,Pro,US,Paid Search,Startup,17,12,1,4,0,0,,79,98.86,1027
U06802,2025-07-12,Free,US,Paid Search,SMB,7,3,0,5,0,0,,0,88.87,0
U06803,2025-08-22,Business,US,Referral,Startup,12,8,0,14,1,1,2025-11-08,249,41.52,747
U06804,2025-03-02,Free,India,Organic,SMB,9,1,1,3,0,1,2025-09-07,0,34.19,0
U06805,2025-01-20,Pro,Australia,Organic,Mid-Market,12,7,3,6,0,0,,79,23.59,790
U06806,2025-06-06,Pro,India,Paid Search,Enterprise,16,4,0,4,0,1,2026-03-30,79,62.92,790
U06807,2025-08-12,Free,India,Referral,SMB,10,2,0,4,0,0,,0,42.0,0
U06808,2025-03-20,Pro,US,Paid Search,SMB,10,4,0,5,0,0,,79,101.33,869
U06809,2025-07-09,Free,US,Partner,Enterprise,11,3,0,1,1,1,2026-02-01,0,77.07,0
U06810,2025-02-12,Pro,Australia,Paid Search,SMB,7,5,1,4,1,0,,79,88.76,1027
U06811,2025-05-04,Free,India,Partner,Mid-Market,7,3,2,2,0,0,,0,65.78,0
U06812,2025-08-16,Free,US,Content,SMB,6,7,1,1,0,0,,0,33.73,0
U06813,2025-01-22,Pro,India,Organic,SMB,10,6,1,3,1,0,,79,13.88,948
U06814,2025-07-09,Pro,US,Partner,SMB,11,5,0,3,0,1,2026-02-17,79,81.79,553
U06815,2025-05-04,Free,US,Referral,Startup,10,3,2,1,0,1,2025-11-29,0,38.34,0
U06816,2025-04-15,Free,India,Partner,SMB,11,2,4,1,0,0,,0,65.4,0
U06817,2025-03-15,Free,India,Organic,Enterprise,10,2,0,1,0,1,2025-07-19,0,28.89,0
U06818,2025-07-02,Free,Germany,Organic,Enterprise,4,3,1,1,0,1,2026-01-05,0,44.92,0
U06819,2025-08-06,Free,UK,Organic,Mid-Market,10,3,1,3,0,0,,0,40.07,0
U06820,2025-03-07,Business,India,Paid Search,Mid-Market,19,10,0,16,0,1,2025-09-05,249,112.48,1494
U06821,2025-08-02,Free,India,Paid Search,SMB,7,3,3,3,0,1,2026-04-25,0,63.95,0
U06822,2025-06-09,Business,US,Partner,SMB,16,8,0,8,0,0,,249,34.82,2490
U06823,2025-08-23,Pro,India,Referral,Startup,13,7,3,7,0,0,,79,27.21,711
U06824,2025-04-15,Free,Australia,Organic,Mid-Market,9,4,1,1,1,0,,0,30.02,0
U06825,2025-09-20,Free,US,Organic,SMB,4,2,1,4,0,0,,0,37.02,0
U06826,2025-01-28,Pro,US,Paid Search,Startup,11,9,0,2,0,1,2025-12-09,79,56.02,790
U06827,2025-03-08,Free,UK,Paid Search,Startup,14,1,0,3,0,1,2025-08-25,0,74.09,0
U06828,2025-09-12,Free,India,Content,Mid-Market,7,6,1,1,0,1,2025-10-13,0,40.09,0
U06829,2025-10-16,Business,US,Partner,Startup,14,11,0,13,0,0,,249,74.35,3486
U06830,2025-10-09,Free,Australia,Organic,SMB,9,4,2,1,0,1,2025-11-16,0,34.61,0
U06831,2025-09-16,Pro,Germany,Content,Enterprise,10,12,0,5,0,0,,79,31.65,869
U06832,2025-04-23,Free,Canada,Organic,Startup,8,5,1,2,0,1,2025-09-29,0,36.96,0
U06833,2025-07-28,Free,India,Partner,Startup,12,3,0,3,0,1,2025-09-30,0,32.35,0
U06834,2025-03-26,Pro,India,Paid Search,SMB,20,5,0,5,1,0,,79,116.86,869
U06835,2025-09-26,Free,US,Organic,SMB,15,1,1,1,0,1,2025-11-05,0,24.51,0
U06836,2025-01-27,Free,US,Organic,Mid-Market,10,3,5,3,0,1,2025-03-13,0,27.22,0
U06837,2025-02-20,Pro,India,Partner,Enterprise,12,5,1,4,0,0,,79,69.63,711
U06838,2025-05-28,Business,UK,Organic,Startup,13,6,0,10,0,1,2025-07-15,249,36.96,498
U06839,2025-09-18,Pro,India,Organic,SMB,14,3,2,3,1,0,,79,42.39,869
U06840,2025-08-13,Pro,US,Paid Search,Mid-Market,13,6,0,3,0,0,,79,101.86,790
U06841,2025-01-26,Pro,India,Organic,Mid-Market,17,9,1,7,0,0,,79,43.4,869
U06842,2025-03-20,Pro,India,Paid Search,SMB,13,7,1,5,0,0,,79,104.43,948
U06843,2025-05-28,Pro,Australia,Paid Search,Startup,8,4,1,2,0,0,,79,95.8,1106
U06844,2025-10-19,Pro,India,Content,Startup,18,9,0,4,1,0,,79,20.71,790
U06845,2025-01-06,Free,Germany,Paid Search,Startup,5,5,2,1,0,0,,0,82.41,0
U06846,2025-07-08,Free,Germany,Paid Search,Mid-Market,7,4,4,1,0,0,,0,86.74,0
U06847,2025-05-06,Pro,UK,Organic,Enterprise,12,9,0,7,1,0,,79,19.33,869
U06848,2025-10-06,Free,UK,Referral,SMB,6,5,1,3,0,0,,0,30.72,0
U06849,2025-02-14,Pro,India,Paid Search,SMB,9,7,1,7,0,0,,79,89.27,948
U06850,2025-10-04,Free,Australia,Content,Startup,12,2,1,6,0,1,2026-06-21,0,36.36,0
U06851,2025-08-11,Pro,Canada,Paid Search,Startup,10,7,1,3,0,0,,79,94.34,790
U06852,2025-07-18,Pro,UK,Referral,Mid-Market,10,7,0,5,0,0,,79,25.96,711
U06853,2025-05-06,Pro,India,Partner,Mid-Market,14,6,0,3,0,0,,79,72.34,711
U06854,2025-03-10,Free,India,Partner,SMB,4,1,0,2,0,0,,0,74.65,0
U06855,2025-05-18,Free,US,Partner,SMB,4,4,3,5,0,1,2026-01-26,0,63.11,0
U06856,2025-07-13,Free,India,Organic,SMB,7,5,4,3,0,0,,0,41.85,0
U06857,2025-07-28,Free,US,Organic,SMB,14,5,4,3,0,0,,0,55.65,0
U06858,2025-04-12,Free,US,Partner,SMB,11,2,2,2,0,1,2025-11-09,0,74.24,0
U06859,2025-03-06,Free,India,Organic,Enterprise,8,1,2,3,0,1,2025-12-11,0,37.04,0
U06860,2025-06-01,Pro,US,Paid Search,Enterprise,4,6,0,4,0,0,,79,90.91,1106
U06861,2025-08-19,Pro,Germany,Partner,Mid-Market,9,5,4,7,1,0,,79,73.29,1106
U06862,2025-04-28,Free,India,Partner,Enterprise,10,4,5,3,0,1,2026-01-22,0,75.62,0
U06863,2025-01-01,Free,UK,Organic,Startup,8,2,2,2,0,0,,0,52.32,0
U06864,2025-01-05,Free,India,Paid Search,SMB,13,4,1,5,0,0,,0,139.56,0
U06865,2025-02-17,Free,Germany,Referral,SMB,2,2,1,2,1,0,,0,39.98,0
U06866,2025-04-29,Pro,India,Content,Mid-Market,15,6,0,4,0,0,,79,33.19,869
U06867,2025-06-20,Business,UK,Paid Search,Enterprise,22,8,1,6,1,1,2025-09-26,249,58.51,747
U06868,2025-01-22,Pro,Australia,Content,Mid-Market,12,9,0,5,1,0,,79,19.8,948
U06869,2025-04-03,Free,India,Paid Search,Mid-Market,11,4,2,1,0,0,,0,85.27,0
U06870,2025-10-06,Free,US,Content,SMB,15,3,2,1,0,0,,0,21.57,0
U06871,2025-05-06,Free,India,Organic,SMB,6,3,0,1,0,1,2026-01-07,0,52.17,0
U06872,2025-03-23,Business,US,Paid Search,Mid-Market,16,5,0,14,1,0,,249,99.58,2490
U06873,2025-04-03,Pro,Germany,Paid Search,Enterprise,13,8,1,5,0,1,2025-08-12,79,95.73,316
U06874,2025-01-09,Pro,India,Paid Search,Mid-Market,16,9,0,4,1,0,,79,92.03,1106
U06875,2025-04-11,Pro,India,Content,Startup,9,4,1,2,0,0,,79,21.68,1106
U06876,2025-05-06,Pro,India,Paid Search,SMB,11,8,1,5,1,0,,79,110.15,1027
U06877,2025-01-13,Pro,Canada,Referral,Startup,7,6,3,3,0,0,,79,37.65,948
U06878,2025-08-05,Free,UK,Organic,SMB,13,5,1,5,0,0,,0,34.94,0
U06879,2025-01-06,Pro,UK,Content,SMB,9,1,0,5,1,0,,79,29.76,1106
U06880,2025-10-13,Business,India,Referral,Startup,9,7,0,9,0,0,,249,39.17,2739
U06881,2025-04-28,Pro,UK,Organic,Mid-Market,15,5,3,6,1,1,2025-10-30,79,39.17,474
U06882,2025-05-02,Free,Canada,Partner,Mid-Market,12,2,3,1,1,0,,0,48.88,0
U06883,2025-03-11,Free,US,Partner,SMB,6,3,1,2,0,1,2026-01-05,0,50.15,0
U06884,2025-04-20,Free,Australia,Organic,Enterprise,10,4,0,4,0,1,2025-07-10,0,41.38,0
U06885,2025-03-07,Free,US,Paid Search,SMB,11,1,0,4,0,1,2025-12-14,0,86.38,0
U06886,2025-01-26,Pro,Germany,Paid Search,SMB,14,7,2,7,0,1,2025-03-20,79,67.35,158
U06887,2025-01-25,Business,UK,Content,SMB,13,10,0,9,1,1,2025-12-04,249,17.03,2490
U06888,2025-10-25,Free,UK,Partner,Startup,10,2,6,3,0,1,2026-08-30,0,75.21,0
U06889,2025-01-29,Pro,India,Content,SMB,13,8,0,4,0,0,,79,50.91,711
U06890,2025-01-13,Pro,India,Referral,Mid-Market,7,6,2,5,0,0,,79,23.89,790
U06891,2025-07-31,Business,India,Partner,Startup,16,8,0,6,1,0,,249,67.47,2241
U06892,2025-01-12,Free,UK,Organic,Startup,11,5,1,4,0,0,,0,25.79,0
U06893,2025-08-21,Free,UK,Paid Search,SMB,5,4,1,5,0,1,2025-12-02,0,80.18,0
U06894,2025-01-05,Pro,India,Referral,Startup,21,2,0,4,0,0,,79,31.3,790
U06895,2025-08-18,Free,India,Organic,SMB,5,3,2,2,0,0,,0,36.63,0
U06896,2025-07-25,Pro,UK,Content,Startup,15,7,2,2,1,1,2026-01-20,79,28.24,474
U06897,2025-09-23,Free,Canada,Organic,Startup,4,1,2,5,0,1,2026-03-17,0,56.37,0
U06898,2025-03-22,Pro,US,Referral,Startup,12,7,3,2,0,0,,79,37.94,869
U06899,2025-09-01,Free,Germany,Organic,Startup,12,6,0,1,0,0,,0,38.04,0
U06900,2025-09-12,Free,India,Paid Search,Enterprise,9,3,0,4,0,0,,0,97.86,0
U06901,2025-08-24,Business,US,Paid Search,Startup,15,6,1,6,1,0,,249,129.5,1992
U06902,2025-08-14,Pro,Australia,Referral,Startup,12,7,0,2,1,0,,79,30.46,711
U06903,2025-08-25,Free,India,Paid Search,SMB,7,2,2,2,0,0,,0,69.68,0
U06904,2025-08-27,Pro,India,Organic,SMB,14,10,1,8,1,0,,79,36.36,1027
U06905,2025-04-14,Free,US,Organic,SMB,7,5,0,1,0,0,,0,43.87,0
U06906,2025-02-19,Free,Canada,Paid Search,Startup,6,1,1,3,0,0,,0,114.01,0
U06907,2025-04-10,Pro,US,Organic,Mid-Market,11,10,1,2,1,1,2025-07-01,79,35.23,237
U06908,2025-07-24,Free,Germany,Organic,SMB,14,3,2,3,0,0,,0,35.45,0
U06909,2025-04-20,Free,Canada,Organic,SMB,6,7,2,3,0,0,,0,19.38,0
U06910,2025-10-18,Business,US,Content,SMB,17,8,1,10,0,0,,249,31.35,2490
U06911,2025-08-23,Free,UK,Content,Mid-Market,8,1,0,2,0,0,,0,19.58,0
U06912,2025-09-09,Free,Germany,Partner,Mid-Market,9,1,1,3,0,0,,0,56.57,0
U06913,2025-05-04,Free,Canada,Organic,Startup,10,1,1,5,1,0,,0,29.65,0
U06914,2025-03-02,Free,Australia,Content,Startup,6,5,0,3,0,1,2025-07-30,0,25.07,0
U06915,2025-10-21,Pro,India,Content,Startup,12,4,2,8,1,1,2026-08-13,79,29.96,790
U06916,2025-01-18,Pro,Germany,Content,Startup,15,8,1,5,0,1,2025-08-19,79,31.96,553
U06917,2025-09-03,Free,India,Organic,SMB,13,2,3,3,0,0,,0,43.34,0
U06918,2025-05-31,Pro,US,Organic,SMB,9,6,1,5,0,0,,79,27.8,1106
U06919,2025-07-17,Free,US,Content,SMB,5,4,1,2,0,0,,0,28.56,0
U06920,2025-03-06,Pro,US,Partner,Startup,17,5,2,8,0,0,,79,70.83,1106
U06921,2025-01-02,Free,US,Organic,Startup,7,2,0,2,0,1,2025-08-15,0,23.92,0
U06922,2025-01-06,Pro,Canada,Partner,Startup,15,8,1,4,0,1,2025-06-15,79,79.37,395
U06923,2025-05-20,Business,US,Paid Search,Mid-Market,17,9,3,9,1,1,2026-03-22,249,108.79,2490
U06924,2025-02-21,Free,India,Paid Search,SMB,6,2,2,2,0,1,2025-06-24,0,46.54,0
U06925,2025-07-13,Free,UK,Organic,SMB,11,1,3,1,0,0,,0,47.15,0
U06926,2025-04-24,Pro,Germany,Organic,Mid-Market,10,10,1,6,1,0,,79,26.18,948
U06927,2025-01-22,Free,UK,Content,SMB,8,2,2,2,0,0,,0,21.17,0
U06928,2025-07-20,Pro,India,Organic,Startup,14,8,2,3,0,0,,79,25.25,711
U06929,2025-10-18,Free,India,Organic,Startup,10,2,1,2,0,1,2026-04-28,0,35.12,0
U06930,2025-02-19,Free,UK,Organic,SMB,6,4,1,3,0,1,2025-04-01,0,42.38,0
U06931,2025-08-07,Pro,India,Organic,SMB,12,3,0,4,1,0,,79,16.63,948
U06932,2025-03-07,Free,India,Partner,SMB,7,3,0,2,0,1,2025-09-27,0,70.73,0
U06933,2025-10-13,Free,Australia,Content,Mid-Market,13,5,2,6,0,1,2026-08-27,0,31.96,0
U06934,2025-02-26,Pro,India,Paid Search,Startup,15,4,0,4,0,0,,79,97.86,869
U06935,2025-01-29,Pro,US,Content,Startup,17,5,1,3,0,1,2025-11-03,79,43.28,711
U06936,2025-08-27,Pro,India,Referral,Mid-Market,7,7,1,6,0,0,,79,26.07,790
U06937,2025-01-09,Pro,India,Paid Search,SMB,10,6,1,7,0,0,,79,128.78,1106
U06938,2025-03-04,Free,US,Organic,SMB,9,4,5,4,0,1,2025-11-22,0,36.05,0
U06939,2025-03-16,Pro,India,Paid Search,SMB,11,9,1,10,0,0,,79,99.66,790
U06940,2025-02-04,Business,India,Organic,Startup,20,7,1,7,1,1,2025-08-26,249,32.18,1743
U06941,2025-04-02,Business,US,Paid Search,Startup,17,6,3,8,1,0,,249,85.07,2241
U06942,2025-09-11,Free,US,Content,Mid-Market,8,6,1,2,0,1,2025-11-15,0,28.14,0
U06943,2025-09-17,Pro,India,Partner,SMB,13,10,2,3,1,0,,79,78.15,1027
U06944,2025-07-31,Pro,Canada,Organic,SMB,3,4,1,4,0,0,,79,44.85,869
U06945,2025-06-01,Free,US,Content,Startup,9,5,2,1,0,0,,0,25.27,0
U06946,2025-02-11,Pro,India,Referral,Startup,12,4,1,9,0,0,,79,40.07,711
U06947,2025-01-23,Free,US,Referral,Enterprise,8,4,0,1,0,0,,0,20.94,0
U06948,2025-03-30,Free,US,Organic,SMB,7,3,0,5,0,1,2025-07-14,0,44.32,0
U06949,2025-06-17,Business,India,Referral,Startup,19,2,0,9,1,0,,249,31.6,3237
U06950,2025-10-11,Pro,US,Paid Search,SMB,13,6,2,2,0,0,,79,118.13,869
U06951,2025-01-08,Business,US,Organic,SMB,14,12,2,7,0,1,2025-11-18,249,33.01,2490
U06952,2025-03-02,Pro,India,Content,Mid-Market,10,6,1,3,0,0,,79,36.25,711
U06953,2025-07-20,Pro,India,Partner,SMB,12,6,2,5,1,0,,79,66.34,790
U06954,2025-08-31,Free,US,Paid Search,Mid-Market,6,3,3,3,0,1,2025-10-03,0,124.24,0
U06955,2025-01-05,Pro,Germany,Content,Mid-Market,6,6,2,3,0,1,2025-03-21,79,50.04,158
U06956,2025-05-29,Pro,US,Paid Search,Enterprise,16,4,1,4,0,0,,79,90.18,869
U06957,2025-10-02,Business,UK,Content,SMB,11,11,0,16,1,0,,249,54.89,2988
U06958,2025-08-22,Free,US,Content,Startup,10,6,1,3,0,1,2026-02-24,0,27.12,0
U06959,2025-10-23,Free,Germany,Paid Search,SMB,9,5,1,2,0,1,2026-07-07,0,97.68,0
U06960,2025-04-05,Pro,US,Paid Search,Startup,11,8,1,5,0,0,,79,61.74,632
U06961,2025-09-17,Pro,US,Content,SMB,12,6,4,4,1,0,,79,25.74,948
U06962,2025-04-30,Free,US,Organic,Enterprise,10,1,2,3,0,0,,0,29.53,0
U06963,2025-02-04,Free,India,Content,SMB,5,3,1,1,0,1,2025-11-21,0,57.6,0
U06964,2025-02-07,Pro,Canada,Organic,SMB,11,4,2,2,0,0,,79,43.92,711
U06965,2025-07-28,Business,US,Organic,Mid-Market,17,7,1,9,0,0,,249,31.49,1992
U06966,2025-07-26,Pro,India,Content,SMB,11,7,1,3,1,1,2025-11-26,79,25.13,316
U06967,2025-07-14,Free,India,Content,Startup,4,4,0,1,0,0,,0,53.06,0
U06968,2025-10-16,Pro,US,Referral,SMB,10,4,0,6,1,0,,79,22.22,948
U06969,2025-01-21,Free,US,Referral,Startup,11,4,1,2,1,0,,0,49.96,0
U06970,2025-04-18,Free,Canada,Organic,SMB,14,5,3,1,0,0,,0,33.56,0
U06971,2025-02-25,Business,India,Organic,Startup,19,11,1,9,1,0,,249,35.78,2241
U06972,2025-04-25,Free,US,Organic,Startup,12,1,1,3,1,1,2025-07-24,0,31.88,0
U06973,2025-09-26,Pro,US,Referral,Enterprise,24,4,0,7,0,0,,79,28.41,948
U06974,2025-08-11,Pro,Canada,Organic,SMB,8,3,2,5,0,1,2026-04-15,79,38.07,632
U06975,2025-04-11,Pro,Germany,Organic,Mid-Market,14,7,1,3,0,0,,79,32.43,869
U06976,2025-07-20,Pro,Australia,Referral,Mid-Market,18,7,1,2,1,1,2026-04-24,79,38.82,711
U06977,2025-08-13,Pro,Germany,Referral,Mid-Market,14,9,3,3,0,1,2025-12-02,79,33.48,316
U06978,2025-08-19,Free,Australia,Content,Mid-Market,9,2,0,2,0,1,2025-11-16,0,22.57,0
U06979,2025-10-04,Business,US,Organic,Mid-Market,12,8,0,9,0,1,2026-04-11,249,32.02,1494
U06980,2025-02-17,Pro,US,Paid Search,Mid-Market,12,4,3,4,1,0,,79,83.62,869
U06981,2025-06-09,Free,UK,Referral,SMB,7,3,0,3,0,1,2026-03-27,0,21.06,0
U06982,2025-09-07,Free,US,Organic,Startup,9,3,1,3,1,0,,0,31.12,0
U06983,2025-06-15,Pro,Germany,Paid Search,SMB,16,8,2,5,1,0,,79,77.39,948
U06984,2025-10-01,Free,India,Organic,Mid-Market,8,2,1,2,0,1,2025-12-26,0,41.41,0
U06985,2025-09-12,Free,India,Organic,SMB,10,1,0,4,0,0,,0,41.0,0
U06986,2025-07-23,Pro,Australia,Referral,Enterprise,13,9,5,5,0,1,2026-05-29,79,34.49,790
U06987,2025-10-22,Free,India,Content,Startup,9,3,1,2,0,0,,0,37.07,0
U06988,2025-01-11,Free,India,Organic,Startup,16,1,2,3,0,1,2025-04-14,0,30.26,0
U06989,2025-09-23,Free,US,Paid Search,SMB,3,4,2,1,0,0,,0,111.35,0
U06990,2025-06-21,Free,UK,Content,Mid-Market,10,5,2,4,0,0,,0,34.41,0
U06991,2025-09-11,Free,India,Referral,Mid-Market,9,1,2,5,0,0,,0,47.53,0
U06992,2025-05-20,Free,US,Paid Search,Startup,9,4,1,4,0,1,2025-08-16,0,94.94,0
U06993,2025-01-03,Business,US,Referral,Startup,25,6,4,10,0,1,2025-05-31,249,37.64,1245
U06994,2025-10-09,Free,US,Organic,SMB,8,2,1,2,0,0,,0,27.48,0
U06995,2025-07-19,Pro,US,Organic,Enterprise,18,9,0,5,1,0,,79,23.61,1027
U06996,2025-06-15,Free,Australia,Content,Mid-Market,12,1,0,3,0,0,,0,35.38,0
U06997,2025-05-13,Free,Australia,Paid Search,SMB,8,2,1,2,0,0,,0,111.71,0
U06998,2025-05-20,Free,Australia,Organic,Enterprise,10,5,0,3,0,0,,0,26.58,0
U06999,2025-03-08,Pro,Australia,Organic,SMB,6,10,0,5,0,0,,79,25.52,1106
U07000,2025-05-22,Pro,India,Organic,SMB,14,3,0,5,0,0,,79,27.89,790
U07001,2025-09-18,Pro,India,Organic,Startup,13,4,4,4,1,1,2026-03-05,79,23.74,474
U07002,2025-03-23,Pro,UK,Paid Search,Startup,13,7,1,9,0,0,,79,101.26,711
U07003,2025-03-06,Pro,Canada,Organic,SMB,9,4,4,3,0,0,,79,41.92,1106
U07004,2025-10-17,Pro,UK,Content,SMB,14,7,2,4,1,0,,79,30.08,948
U07005,2025-09-18,Pro,India,Paid Search,Mid-Market,3,10,3,5,0,0,,79,82.98,711
U07006,2025-07-17,Free,UK,Organic,Startup,7,3,0,2,0,0,,0,35.46,0
U07007,2025-06-30,Pro,India,Organic,Enterprise,13,6,1,4,0,0,,79,26.55,790
U07008,2025-08-01,Free,US,Organic,Startup,9,3,2,2,0,0,,0,39.31,0
U07009,2025-03-19,Free,US,Referral,Startup,5,5,2,1,0,0,,0,40.62,0
U07010,2025-07-07,Free,Australia,Content,Mid-Market,5,4,2,3,0,1,2025-09-05,0,45.04,0
U07011,2025-05-09,Pro,India,Paid Search,Startup,11,8,1,6,0,0,,79,76.73,1106
U07012,2025-02-20,Free,US,Organic,Startup,5,3,0,1,0,0,,0,25.1,0
U07013,2025-02-07,Free,UK,Paid Search,Startup,6,4,2,5,0,1,2025-08-25,0,106.69,0
U07014,2025-07-26,Pro,India,Content,Enterprise,10,5,1,6,1,0,,79,38.18,948
U07015,2025-06-08,Free,UK,Partner,Mid-Market,5,2,0,2,0,1,2025-11-03,0,92.0,0
U07016,2025-03-03,Pro,Germany,Referral,Startup,9,7,0,1,0,0,,79,44.25,948
U07017,2025-01-29,Business,US,Content,Startup,11,6,0,9,0,0,,249,35.22,2241
U07018,2025-02-11,Free,Australia,Organic,Mid-Market,8,2,1,1,0,0,,0,34.43,0
U07019,2025-06-15,Pro,India,Referral,Mid-Market,15,8,0,5,0,0,,79,36.48,711
U07020,2025-05-14,Pro,India,Organic,Startup,9,7,1,4,1,0,,79,43.9,790
U07021,2025-10-10,Free,UK,Paid Search,SMB,15,2,0,3,0,1,2026-01-17,0,126.89,0
U07022,2025-06-03,Free,US,Paid Search,Startup,8,3,1,1,0,0,,0,88.13,0
U07023,2025-10-13,Free,Germany,Organic,Mid-Market,10,5,0,2,0,0,,0,42.83,0
U07024,2025-06-12,Business,India,Organic,Mid-Market,18,7,1,13,1,1,2026-01-14,249,35.76,1743
U07025,2025-06-19,Pro,India,Organic,Enterprise,11,9,0,4,1,0,,79,30.86,1106
U07026,2025-10-09,Free,US,Referral,Startup,10,5,1,3,0,1,2026-01-02,0,21.55,0
U07027,2025-01-16,Free,India,Organic,Startup,8,3,3,2,0,1,2025-07-04,0,53.27,0
U07028,2025-04-15,Pro,India,Content,Enterprise,6,4,0,4,1,0,,79,64.6,1106
U07029,2025-02-20,Business,India,Organic,Mid-Market,11,12,1,8,0,0,,249,23.34,2241
U07030,2025-08-06,Pro,Canada,Referral,SMB,13,5,0,4,1,0,,79,26.54,711
U07031,2025-06-22,Free,India,Organic,Mid-Market,8,3,3,2,1,0,,0,19.8,0
U07032,2025-04-05,Pro,US,Organic,SMB,14,11,0,4,1,1,2025-10-03,79,38.0,474
U07033,2025-05-07,Pro,Canada,Paid Search,Mid-Market,11,4,4,3,0,0,,79,96.48,711
U07034,2025-08-24,Pro,Canada,Paid Search,Enterprise,12,7,1,4,0,0,,79,88.57,869
U07035,2025-04-11,Free,US,Organic,Mid-Market,7,5,0,1,0,0,,0,32.87,0
U07036,2025-07-11,Free,Australia,Paid Search,Enterprise,8,2,2,2,0,1,2026-03-11,0,34.57,0
U07037,2025-07-26,Pro,India,Organic,Startup,9,3,1,6,0,0,,79,43.69,790
U07038,2025-05-12,Pro,UK,Referral,Mid-Market,15,6,0,3,0,0,,79,28.02,632
U07039,2025-08-10,Free,US,Organic,Enterprise,9,2,2,2,0,1,2025-12-14,0,26.22,0
U07040,2025-05-03,Pro,India,Organic,SMB,12,7,2,6,0,0,,79,34.74,869
U07041,2025-07-29,Free,Australia,Organic,Mid-Market,12,4,2,2,0,1,2026-01-13,0,35.65,0
U07042,2025-05-17,Free,US,Referral,Startup,7,4,0,2,0,1,2025-11-20,0,44.55,0
U07043,2025-05-09,Pro,Germany,Content,SMB,9,8,1,3,1,0,,79,45.8,711
U07044,2025-06-18,Free,US,Organic,SMB,8,2,2,3,0,1,2025-11-19,0,27.25,0
U07045,2025-03-03,Free,Germany,Paid Search,Startup,8,3,4,4,0,1,2025-12-15,0,88.84,0
U07046,2025-09-06,Pro,Germany,Organic,Mid-Market,20,5,2,6,0,0,,79,29.36,1027
U07047,2025-09-26,Pro,Australia,Referral,Startup,16,6,2,4,0,0,,79,29.74,1106
U07048,2025-03-08,Free,US,Organic,SMB,9,2,1,1,0,0,,0,23.06,0
U07049,2025-03-29,Free,Germany,Paid Search,Startup,6,4,0,3,0,0,,0,93.73,0
U07050,2025-04-04,Pro,US,Partner,SMB,15,8,1,2,0,0,,79,69.44,790
U07051,2025-09-12,Pro,US,Organic,Mid-Market,20,8,0,3,0,0,,79,36.31,790
U07052,2025-08-08,Free,India,Referral,Startup,7,6,5,3,0,1,2026-02-04,0,17.82,0
U07053,2025-06-06,Pro,Germany,Organic,Mid-Market,8,9,2,5,0,0,,79,23.94,711
U07054,2025-04-28,Free,US,Partner,Startup,11,3,2,3,1,0,,0,67.18,0
U07055,2025-09-02,Pro,India,Content,Enterprise,10,5,1,1,1,0,,79,33.56,632
U07056,2025-07-11,Free,US,Paid Search,Startup,6,3,1,4,0,1,2026-01-03,0,137.21,0
U07057,2025-01-09,Pro,US,Organic,SMB,24,7,3,5,0,0,,79,27.14,1027
U07058,2025-10-23,Free,Germany,Organic,Mid-Market,7,1,0,3,0,1,2026-08-12,0,51.5,0
U07059,2025-02-11,Free,India,Content,SMB,6,5,0,4,0,1,2025-05-31,0,27.67,0
U07060,2025-06-05,Free,Germany,Paid Search,Mid-Market,12,2,0,1,0,0,,0,58.66,0
U07061,2025-08-04,Free,US,Content,Startup,5,3,0,2,0,1,2026-05-10,0,26.95,0
U07062,2025-09-14,Business,India,Paid Search,Enterprise,12,9,0,9,1,0,,249,96.42,3486
U07063,2025-02-05,Business,US,Partner,SMB,15,6,0,10,1,0,,249,66.47,2739
U07064,2025-01-07,Pro,India,Organic,SMB,10,11,3,2,0,0,,79,35.41,790
U07065,2025-09-08,Free,India,Organic,SMB,9,3,1,2,0,0,,0,33.21,0
U07066,2025-07-15,Pro,India,Organic,Mid-Market,15,6,1,4,0,0,,79,28.5,1106
U07067,2025-01-28,Free,US,Referral,SMB,6,2,5,2,0,1,2025-11-29,0,47.56,0
U07068,2025-07-15,Business,US,Content,Mid-Market,19,7,1,14,1,0,,249,18.62,2241
U07069,2025-09-01,Free,US,Partner,Startup,6,3,1,2,0,1,2025-11-13,0,73.57,0
U07070,2025-06-10,Free,India,Paid Search,SMB,6,2,0,5,0,0,,0,95.56,0
U07071,2025-05-21,Free,India,Content,SMB,5,4,3,3,1,1,2025-11-29,0,24.97,0
U07072,2025-01-25,Free,UK,Paid Search,SMB,6,4,2,2,0,1,2025-11-26,0,76.23,0
U07073,2025-04-13,Business,India,Organic,Mid-Market,14,10,0,8,1,1,2025-07-02,249,41.59,747
U07074,2025-03-16,Free,Germany,Paid Search,Mid-Market,6,3,1,3,0,0,,0,96.95,0
U07075,2025-03-25,Free,India,Organic,Enterprise,8,4,1,3,0,0,,0,37.14,0
U07076,2025-06-29,Pro,Germany,Referral,Enterprise,16,4,1,3,0,0,,79,29.71,1027
U07077,2025-02-12,Pro,US,Organic,Startup,15,10,1,5,1,0,,79,46.08,1027
U07078,2025-01-11,Free,Australia,Referral,Enterprise,5,4,2,2,0,0,,0,41.11,0
U07079,2025-09-08,Pro,US,Paid Search,Startup,13,3,1,4,0,0,,79,105.76,1027
U07080,2025-06-04,Free,UK,Content,SMB,11,2,3,6,0,1,2025-08-28,0,20.4,0
U07081,2025-08-08,Pro,Germany,Paid Search,Startup,11,6,1,2,0,0,,79,102.19,948
U07082,2025-06-16,Free,Australia,Referral,Startup,11,4,1,1,0,0,,0,29.86,0
U07083,2025-04-02,Free,Germany,Paid Search,SMB,4,5,1,1,1,0,,0,87.19,0
U07084,2025-10-24,Pro,Australia,Organic,Enterprise,16,2,2,5,0,0,,79,30.06,869
U07085,2025-08-08,Business,US,Content,Startup,16,6,1,8,0,1,2026-05-11,249,19.74,2241
U07086,2025-10-19,Free,India,Content,SMB,12,1,2,3,0,0,,0,44.08,0
U07087,2025-05-06,Business,Australia,Organic,Mid-Market,21,9,0,2,0,0,,249,34.64,2490
U07088,2025-06-24,Pro,US,Partner,SMB,14,8,0,3,1,0,,79,68.02,948
U07089,2025-01-07,Pro,Germany,Content,SMB,13,7,3,6,1,0,,79,30.33,790
U07090,2025-09-30,Business,US,Paid Search,Enterprise,12,8,1,13,1,0,,249,60.6,2241
U07091,2025-04-19,Pro,Germany,Organic,Enterprise,19,2,1,4,0,1,2026-03-05,79,40.01,869
U07092,2025-07-04,Free,India,Content,SMB,11,3,3,2,0,1,2025-09-07,0,39.47,0
U07093,2025-01-05,Pro,India,Content,Mid-Market,12,6,0,3,0,0,,79,27.29,1027
U07094,2025-06-20,Pro,US,Partner,Enterprise,13,5,2,6,0,0,,79,64.37,869
U07095,2025-07-07,Pro,US,Referral,Startup,17,4,1,5,0,0,,79,46.88,948
U07096,2025-04-27,Business,UK,Paid Search,Mid-Market,17,11,0,8,1,0,,249,96.12,2490
U07097,2025-04-17,Free,India,Referral,Startup,7,2,1,3,0,1,2025-11-18,0,32.44,0
U07098,2025-08-21,Pro,Germany,Referral,Startup,15,8,0,3,1,0,,79,23.21,711
U07099,2025-09-29,Free,US,Paid Search,Startup,11,2,1,4,0,1,2026-05-20,0,112.8,0
U07100,2025-02-18,Free,Germany,Referral,SMB,10,2,4,2,1,0,,0,19.05,0
U07101,2025-10-07,Free,India,Paid Search,Mid-Market,7,7,1,2,1,0,,0,85.65,0
U07102,2025-02-25,Free,Germany,Referral,SMB,2,6,3,3,0,0,,0,36.79,0
U07103,2025-06-06,Free,Canada,Organic,Startup,8,6,2,2,0,1,2025-10-14,0,45.64,0
U07104,2025-07-15,Pro,Germany,Referral,Startup,8,5,1,3,0,1,2025-11-21,79,35.68,316
U07105,2025-09-15,Pro,Germany,Content,SMB,17,5,1,3,1,0,,79,26.54,1106
U07106,2025-08-12,Free,US,Organic,Startup,8,4,3,2,0,0,,0,24.22,0
U07107,2025-10-19,Pro,Germany,Paid Search,SMB,14,8,0,4,1,0,,79,118.65,1027
U07108,2025-01-26,Free,Canada,Referral,Startup,5,4,2,2,0,1,2025-05-26,0,31.7,0
U07109,2025-09-11,Pro,India,Partner,Mid-Market,12,7,1,5,0,0,,79,74.33,1027
U07110,2025-10-25,Free,India,Organic,Mid-Market,7,3,1,1,0,1,2025-11-25,0,38.32,0
U07111,2025-01-11,Business,US,Paid Search,SMB,18,8,0,9,1,0,,249,56.93,3486
U07112,2025-08-26,Free,UK,Organic,Startup,7,2,2,1,0,1,2026-06-15,0,36.77,0
U07113,2025-01-01,Pro,Canada,Content,SMB,10,3,1,2,1,0,,79,27.9,948
U07114,2025-03-07,Free,Canada,Referral,SMB,7,3,1,4,0,1,2026-01-26,0,28.42,0
U07115,2025-04-19,Free,UK,Organic,Mid-Market,14,4,2,5,0,0,,0,44.46,0
U07116,2025-08-18,Free,Canada,Paid Search,Startup,7,6,2,1,0,0,,0,122.65,0
U07117,2025-06-27,Pro,US,Referral,Startup,19,6,0,5,0,0,,79,25.59,869
U07118,2025-02-17,Business,UK,Paid Search,Startup,19,8,0,7,1,0,,249,88.91,2988
U07119,2025-05-30,Business,Germany,Content,SMB,12,10,1,8,1,0,,249,30.64,2739
U07120,2025-08-23,Free,US,Paid Search,SMB,9,3,1,4,0,1,2026-01-27,0,102.09,0
U07121,2025-03-14,Pro,US,Organic,Enterprise,11,2,0,8,0,1,2025-05-11,79,19.46,158
U07122,2025-03-30,Free,UK,Partner,SMB,6,3,0,2,0,1,2025-10-27,0,56.62,0
U07123,2025-09-18,Free,US,Organic,Startup,5,1,2,2,0,0,,0,43.56,0
U07124,2025-03-01,Pro,Canada,Partner,SMB,8,7,1,3,0,0,,79,94.94,869
U07125,2025-04-07,Pro,India,Paid Search,Mid-Market,11,8,2,7,0,0,,79,85.86,790
U07126,2025-04-23,Pro,UK,Organic,SMB,11,6,2,5,1,0,,79,54.51,711
U07127,2025-07-06,Pro,Australia,Paid Search,Startup,13,6,3,4,0,0,,79,83.86,790
U07128,2025-06-24,Pro,Germany,Content,Mid-Market,13,5,0,8,0,0,,79,46.66,1027
U07129,2025-05-30,Business,Germany,Referral,SMB,9,8,0,10,1,0,,249,43.11,2490
U07130,2025-06-26,Free,US,Organic,SMB,7,5,2,4,0,1,2026-04-27,0,21.96,0
U07131,2025-08-03,Free,Australia,Referral,SMB,10,6,2,1,1,0,,0,26.38,0
U07132,2025-04-16,Free,UK,Referral,Enterprise,11,2,2,3,1,1,2026-01-16,0,49.74,0
U07133,2025-04-29,Pro,Germany,Content,Enterprise,11,6,0,4,1,0,,79,18.77,869
U07134,2025-08-11,Free,US,Paid Search,SMB,7,3,0,3,0,1,2025-12-07,0,107.9,0
U07135,2025-04-16,Free,US,Organic,SMB,14,2,0,6,0,1,2025-07-02,0,34.87,0
U07136,2025-05-24,Pro,Canada,Content,Startup,11,8,1,6,0,0,,79,20.51,869
U07137,2025-02-10,Free,US,Organic,Startup,12,3,0,4,1,0,,0,30.62,0
U07138,2025-05-12,Free,US,Organic,Startup,10,1,1,2,0,0,,0,35.11,0
U07139,2025-09-20,Pro,Australia,Referral,Mid-Market,12,8,1,4,0,0,,79,26.86,869
U07140,2025-07-24,Free,UK,Organic,Mid-Market,10,1,0,1,0,1,2025-08-25,0,29.74,0
U07141,2025-09-29,Free,UK,Content,Enterprise,8,4,1,2,0,0,,0,36.83,0
U07142,2025-08-03,Pro,UK,Referral,Mid-Market,14,5,2,3,0,0,,79,48.79,869
U07143,2025-06-20,Business,India,Organic,SMB,16,8,1,5,0,0,,249,40.35,2988
U07144,2025-10-20,Free,India,Referral,SMB,10,3,2,2,0,1,2026-03-22,0,39.8,0
U07145,2025-10-05,Free,US,Organic,Enterprise,13,3,0,2,0,0,,0,41.07,0
U07146,2025-01-20,Free,Australia,Organic,SMB,10,1,0,2,0,0,,0,32.19,0
U07147,2025-02-14,Pro,Germany,Referral,Enterprise,11,6,1,6,0,0,,79,38.93,790
U07148,2025-10-16,Business,Canada,Paid Search,Startup,11,11,4,8,0,1,2026-08-21,249,68.58,2490
U07149,2025-06-21,Free,US,Content,SMB,11,1,3,1,0,1,2026-04-14,0,51.2,0
U07150,2025-03-06,Free,Australia,Content,Startup,10,1,0,6,0,0,,0,40.4,0
U07151,2025-09-12,Free,Germany,Organic,SMB,5,4,2,2,0,1,2026-07-12,0,38.86,0
U07152,2025-02-06,Free,Australia,Partner,Enterprise,6,5,1,2,0,1,2025-08-06,0,60.6,0
U07153,2025-06-22,Free,US,Paid Search,SMB,9,1,0,3,0,0,,0,125.24,0
U07154,2025-07-19,Free,US,Content,Mid-Market,10,2,4,1,0,1,2026-02-18,0,22.18,0
U07155,2025-01-07,Free,US,Organic,SMB,8,4,1,1,0,0,,0,26.74,0
U07156,2025-03-14,Pro,US,Content,SMB,20,8,3,7,0,0,,79,19.88,1106
U07157,2025-08-12,Free,Canada,Organic,Enterprise,7,1,1,2,0,0,,0,38.76,0
U07158,2025-07-14,Pro,India,Content,Enterprise,15,4,0,4,0,0,,79,49.46,948
U07159,2025-01-17,Free,India,Content,SMB,1,2,0,2,0,1,2025-06-17,0,27.02,0
U07160,2025-05-15,Free,US,Partner,SMB,6,6,3,3,0,1,2025-12-30,0,81.38,0
U07161,2025-05-05,Free,Australia,Content,SMB,7,3,2,2,0,1,2025-09-30,0,56.33,0
U07162,2025-10-19,Free,Canada,Partner,SMB,9,4,1,3,0,0,,0,101.36,0
U07163,2025-07-04,Free,Germany,Content,SMB,6,4,5,1,0,1,2025-11-08,0,24.84,0
U07164,2025-08-19,Pro,Germany,Paid Search,SMB,12,5,0,3,0,0,,79,86.66,948
U07165,2025-03-14,Free,US,Paid Search,Startup,7,3,2,4,0,0,,0,71.51,0
U07166,2025-05-16,Business,Germany,Organic,Startup,12,8,0,8,1,1,2025-11-26,249,55.88,1494
U07167,2025-08-11,Free,UK,Paid Search,Mid-Market,8,1,1,1,0,1,2026-03-29,0,82.72,0
U07168,2025-07-21,Pro,India,Content,Mid-Market,13,7,4,3,1,0,,79,21.57,1106
U07169,2025-02-27,Free,US,Referral,Startup,8,2,1,2,0,1,2025-12-31,0,31.08,0
U07170,2025-01-14,Pro,Canada,Organic,Mid-Market,8,7,3,2,1,1,2025-05-16,79,31.9,316
U07171,2025-01-04,Free,India,Referral,Startup,10,9,2,5,0,0,,0,66.13,0
U07172,2025-06-06,Pro,US,Organic,Startup,10,7,6,3,0,1,2025-08-11,79,42.59,158
U07173,2025-01-24,Free,Australia,Paid Search,Startup,4,1,2,1,0,0,,0,99.67,0
U07174,2025-09-03,Business,US,Organic,Startup,14,8,0,4,1,0,,249,23.75,2241
U07175,2025-05-07,Free,India,Referral,Mid-Market,6,1,0,2,0,1,2025-10-18,0,22.3,0
U07176,2025-06-01,Pro,India,Partner,Startup,14,3,0,6,1,0,,79,53.33,869
U07177,2025-03-29,Free,UK,Content,Mid-Market,14,2,2,4,0,1,2025-11-27,0,34.8,0
U07178,2025-05-07,Free,Canada,Organic,SMB,2,6,2,2,0,1,2025-11-13,0,43.49,0
U07179,2025-04-29,Free,Germany,Partner,Enterprise,15,2,0,3,0,0,,0,62.37,0
U07180,2025-03-18,Free,Germany,Organic,SMB,16,3,3,1,0,1,2025-11-14,0,39.72,0
U07181,2025-10-19,Free,US,Partner,Startup,13,5,2,3,1,0,,0,63.2,0
U07182,2025-05-19,Business,India,Organic,SMB,19,9,1,6,0,0,,249,18.34,2241
U07183,2025-07-25,Business,Germany,Paid Search,SMB,15,12,1,6,0,0,,249,80.69,2241
U07184,2025-08-23,Pro,Canada,Partner,SMB,19,7,1,4,0,1,2026-04-04,79,36.32,553
U07185,2025-07-25,Free,Canada,Referral,Startup,10,3,2,2,0,1,2026-06-02,0,43.49,0
U07186,2025-08-03,Free,US,Organic,Startup,11,2,1,1,0,0,,0,27.68,0
U07187,2025-05-26,Business,US,Partner,Mid-Market,23,10,0,9,0,0,,249,75.67,2241
U07188,2025-02-10,Free,Germany,Organic,Enterprise,13,2,0,2,0,0,,0,44.44,0
U07189,2025-02-19,Business,UK,Paid Search,Mid-Market,18,8,1,9,0,0,,249,137.59,2241
U07190,2025-04-09,Business,US,Content,SMB,22,5,1,7,1,1,2025-11-28,249,39.69,1992
U07191,2025-05-19,Free,US,Content,Startup,9,5,4,2,0,0,,0,22.05,0
U07192,2025-04-29,Business,India,Organic,SMB,13,9,1,9,1,0,,249,34.96,3237
U07193,2025-10-27,Pro,India,Partner,Mid-Market,17,8,1,4,0,0,,79,81.03,1027
U07194,2025-05-03,Free,UK,Paid Search,Startup,2,4,1,4,0,1,2025-11-15,0,136.36,0
U07195,2025-08-12,Free,US,Content,SMB,8,1,0,2,0,0,,0,31.29,0
U07196,2025-10-16,Pro,Australia,Referral,Mid-Market,15,9,2,6,1,0,,79,40.78,948
U07197,2025-07-12,Pro,India,Referral,Startup,9,6,0,8,1,0,,79,37.2,790
U07198,2025-08-31,Pro,India,Paid Search,Enterprise,14,7,1,5,1,0,,79,108.23,948
U07199,2025-08-27,Free,Germany,Paid Search,Mid-Market,8,4,1,7,0,0,,0,98.98,0
U07200,2025-03-20,Pro,India,Organic,SMB,13,4,1,5,1,0,,79,39.68,790
U07201,2025-04-03,Free,US,Content,Startup,11,4,0,4,0,1,2025-10-02,0,33.95,0
U07202,2025-07-12,Free,US,Organic,Enterprise,7,2,3,4,0,1,2026-01-04,0,39.44,0
U07203,2025-01-13,Business,India,Organic,Startup,5,9,0,11,0,1,2025-07-16,249,31.82,1494
U07204,2025-03-13,Business,Australia,Paid Search,SMB,20,10,2,3,0,0,,249,99.09,1992
U07205,2025-01-26,Pro,India,Paid Search,Enterprise,13,6,0,7,0,0,,79,68.06,711
U07206,2025-05-13,Free,Germany,Organic,SMB,4,1,2,2,1,0,,0,38.34,0
U07207,2025-07-27,Free,India,Organic,Startup,11,4,1,4,0,0,,0,36.81,0
U07208,2025-06-27,Free,India,Paid Search,SMB,10,7,1,3,0,0,,0,111.07,0
U07209,2025-08-10,Pro,Canada,Referral,Startup,7,4,1,4,0,0,,79,34.45,1027
U07210,2025-05-04,Pro,India,Referral,Mid-Market,13,7,2,3,0,0,,79,41.38,711
U07211,2025-01-26,Business,India,Paid Search,Mid-Market,16,9,0,10,1,0,,249,126.81,2988
U07212,2025-05-29,Pro,India,Organic,SMB,15,5,1,8,0,0,,79,25.41,948
U07213,2025-09-22,Free,US,Paid Search,Startup,10,3,0,2,1,1,2026-04-19,0,114.13,0
U07214,2025-06-06,Free,Germany,Referral,SMB,12,1,1,3,0,1,2025-08-30,0,30.42,0
U07215,2025-08-10,Business,US,Partner,Mid-Market,14,8,1,11,0,0,,249,65.9,2739
U07216,2025-02-09,Pro,UK,Organic,SMB,10,5,0,5,0,0,,79,49.72,1106
U07217,2025-03-20,Free,India,Organic,Mid-Market,9,3,0,2,0,1,2026-02-02,0,24.33,0
U07218,2025-03-21,Pro,India,Paid Search,Enterprise,12,6,2,3,1,1,2025-07-08,79,64.71,316
U07219,2025-03-12,Free,US,Paid Search,Startup,9,3,1,3,0,1,2025-12-15,0,75.68,0
U07220,2025-06-22,Business,UK,Paid Search,SMB,15,5,1,10,0,0,,249,74.92,3237
U07221,2025-10-03,Free,India,Referral,SMB,11,5,0,2,0,1,2026-01-09,0,49.72,0
U07222,2025-06-30,Free,India,Referral,SMB,6,2,1,3,1,0,,0,50.38,0
U07223,2025-01-14,Free,Germany,Referral,Startup,9,3,0,2,1,1,2025-03-08,0,20.3,0
U07224,2025-10-08,Pro,US,Content,Mid-Market,12,9,0,6,1,0,,79,15.54,948
U07225,2025-02-03,Business,Germany,Organic,Startup,16,7,0,6,0,1,2025-05-20,249,16.28,996
U07226,2025-01-11,Free,Australia,Paid Search,Mid-Market,4,8,2,1,0,0,,0,101.97,0
U07227,2025-01-22,Free,Canada,Paid Search,Mid-Market,6,2,4,1,0,0,,0,80.47,0
U07228,2025-10-04,Pro,Germany,Paid Search,SMB,7,7,1,7,0,0,,79,59.53,790
U07229,2025-07-17,Pro,India,Organic,Mid-Market,15,7,3,6,0,0,,79,16.17,1027
U07230,2025-02-11,Pro,US,Partner,SMB,10,4,1,2,1,0,,79,58.34,1106
U07231,2025-09-24,Business,UK,Referral,SMB,11,8,2,10,1,0,,249,38.16,2739
U07232,2025-08-08,Free,India,Referral,SMB,6,6,1,4,0,0,,0,26.04,0
U07233,2025-09-30,Free,US,Paid Search,SMB,10,1,3,2,0,0,,0,99.14,0
U07234,2025-05-10,Free,Australia,Paid Search,SMB,7,5,1,2,0,0,,0,67.03,0
U07235,2025-05-06,Free,US,Paid Search,Startup,5,3,1,2,0,1,2025-12-03,0,117.69,0
U07236,2025-10-26,Free,US,Content,Enterprise,14,3,5,2,0,1,2026-07-30,0,35.13,0
U07237,2025-02-12,Free,India,Organic,SMB,6,1,2,2,0,1,2025-03-17,0,24.3,0
U07238,2025-03-02,Pro,US,Organic,Mid-Market,12,6,2,8,0,0,,79,30.83,711
U07239,2025-04-24,Free,Canada,Partner,Mid-Market,6,4,2,2,0,0,,0,65.51,0
U07240,2025-01-15,Pro,India,Organic,Enterprise,10,5,0,6,0,0,,79,39.54,711
U07241,2025-07-07,Business,India,Paid Search,Enterprise,14,9,0,6,0,0,,249,83.1,3237
U07242,2025-06-18,Free,India,Organic,Startup,6,6,1,2,0,0,,0,36.07,0
U07243,2025-05-16,Pro,US,Paid Search,Enterprise,13,5,1,2,0,0,,79,124.51,869
U07244,2025-08-14,Free,US,Referral,Mid-Market,5,6,1,3,1,0,,0,31.28,0
U07245,2025-06-04,Business,US,Paid Search,SMB,15,10,1,9,0,0,,249,106.0,2490
U07246,2025-09-04,Free,India,Partner,Startup,9,1,0,1,0,1,2026-02-06,0,85.51,0
U07247,2025-10-18,Free,UK,Paid Search,Startup,9,5,4,1,0,0,,0,97.7,0
U07248,2025-09-30,Pro,UK,Content,Startup,14,7,1,3,0,0,,79,39.47,948
U07249,2025-06-21,Pro,US,Content,Enterprise,13,5,1,3,0,0,,79,38.01,711
U07250,2025-07-30,Free,US,Organic,Enterprise,8,2,2,1,0,0,,0,40.49,0
U07251,2025-04-28,Free,Canada,Paid Search,SMB,9,4,3,3,0,1,2026-02-24,0,83.53,0
U07252,2025-10-26,Pro,US,Referral,SMB,13,9,1,6,1,0,,79,35.37,711
U07253,2025-03-20,Pro,US,Organic,Startup,13,7,0,8,0,0,,79,20.51,1027
U07254,2025-01-12,Pro,US,Partner,Startup,11,8,0,1,0,0,,79,72.06,790
U07255,2025-04-28,Pro,UK,Organic,Startup,6,6,4,3,0,0,,79,40.57,1027
U07256,2025-04-17,Business,US,Partner,Enterprise,22,10,0,9,1,0,,249,46.83,2241
U07257,2025-06-06,Free,Canada,Organic,Mid-Market,4,2,1,2,0,1,2026-02-14,0,18.8,0
U07258,2025-02-02,Pro,Canada,Organic,Startup,14,5,1,7,0,0,,79,36.11,869
U07259,2025-09-14,Free,US,Referral,Enterprise,5,4,1,2,0,0,,0,42.2,0
U07260,2025-08-04,Business,UK,Content,SMB,11,9,0,2,1,0,,249,52.23,3486
U07261,2025-10-09,Pro,India,Paid Search,SMB,13,3,1,4,0,1,2026-03-03,79,90.64,395
U07262,2025-05-23,Pro,Canada,Organic,Startup,10,7,3,6,0,0,,79,31.09,948
U07263,2025-03-13,Free,Australia,Organic,Mid-Market,8,1,0,2,0,0,,0,37.27,0
U07264,2025-06-11,Pro,Australia,Referral,Startup,18,5,1,5,0,0,,79,37.54,1027
U07265,2025-01-05,Free,US,Referral,SMB,13,6,2,2,0,0,,0,38.87,0
U07266,2025-03-28,Free,India,Referral,Mid-Market,6,3,1,1,0,1,2025-07-26,0,40.82,0
U07267,2025-03-09,Free,US,Organic,Startup,9,3,2,4,1,1,2025-05-09,0,25.14,0
U07268,2025-09-21,Free,India,Content,SMB,14,3,1,4,0,0,,0,34.01,0
U07269,2025-03-09,Free,US,Paid Search,Startup,9,1,3,3,1,1,2025-09-09,0,116.1,0
U07270,2025-05-22,Pro,UK,Paid Search,SMB,15,4,0,2,0,0,,79,96.75,1106
U07271,2025-08-30,Free,US,Content,Startup,6,3,2,4,1,0,,0,19.99,0
U07272,2025-01-03,Pro,Australia,Organic,SMB,11,8,0,2,0,1,2025-10-26,79,16.59,790
U07273,2025-02-28,Free,India,Organic,SMB,10,6,3,2,0,0,,0,24.78,0
U07274,2025-02-23,Pro,UK,Organic,Startup,10,5,2,5,0,0,,79,33.17,711
U07275,2025-01-04,Free,India,Paid Search,Startup,7,1,4,2,0,1,2025-04-28,0,120.33,0
U07276,2025-06-30,Business,India,Partner,Startup,14,11,0,8,1,0,,249,72.88,3237
U07277,2025-03-25,Free,India,Paid Search,SMB,9,4,3,1,0,0,,0,91.2,0
U07278,2025-07-11,Free,India,Paid Search,Mid-Market,6,1,3,2,0,0,,0,83.44,0
U07279,2025-08-17,Pro,Australia,Paid Search,SMB,11,5,1,2,0,0,,79,89.39,711
U07280,2025-08-20,Pro,US,Organic,Mid-Market,9,7,0,6,0,1,2025-11-11,79,19.68,237
U07281,2025-04-11,Business,Canada,Organic,SMB,15,7,0,8,0,0,,249,37.74,2241
U07282,2025-03-04,Pro,Germany,Referral,SMB,13,9,1,7,1,0,,79,23.3,948
U07283,2025-10-19,Free,India,Organic,Enterprise,7,2,0,3,0,0,,0,37.63,0
U07284,2025-02-04,Free,Canada,Paid Search,Enterprise,16,3,0,3,0,1,2025-03-15,0,86.32,0
U07285,2025-07-31,Free,US,Organic,Mid-Market,9,2,1,3,0,0,,0,30.68,0
U07286,2025-05-13,Pro,India,Paid Search,Mid-Market,18,8,1,4,0,0,,79,115.05,1027
U07287,2025-10-15,Pro,US,Partner,Startup,17,6,0,7,0,0,,79,56.91,790
U07288,2025-01-24,Pro,India,Partner,Startup,17,7,0,4,0,0,,79,83.81,1106
U07289,2025-05-09,Pro,India,Paid Search,Startup,14,5,2,4,0,0,,79,98.33,869
U07290,2025-07-14,Pro,Canada,Referral,SMB,10,7,4,3,0,1,2025-11-12,79,33.14,316
U07291,2025-04-18,Free,UK,Organic,Mid-Market,8,4,1,2,0,1,2025-07-01,0,18.98,0
U07292,2025-09-10,Free,India,Referral,Startup,9,4,1,1,0,0,,0,37.91,0
U07293,2025-09-30,Pro,Canada,Paid Search,Startup,13,2,4,3,0,1,2026-02-27,79,99.62,395
U07294,2025-05-08,Pro,India,Content,Startup,10,9,1,2,1,0,,79,28.49,632
U07295,2025-04-30,Free,US,Paid Search,SMB,10,4,3,1,0,0,,0,141.88,0
U07296,2025-01-16,Pro,UK,Partner,SMB,10,5,0,6,0,1,2025-03-11,79,81.43,158
U07297,2025-08-09,Pro,Canada,Content,Enterprise,9,9,0,7,0,0,,79,55.7,790
U07298,2025-10-07,Business,Canada,Paid Search,SMB,16,7,0,6,1,0,,249,125.94,2241
U07299,2025-02-24,Free,US,Organic,Startup,7,3,1,1,0,0,,0,34.6,0
U07300,2025-10-10,Pro,India,Organic,Mid-Market,12,6,0,7,0,0,,79,30.11,948
U07301,2025-04-11,Business,India,Content,Mid-Market,11,9,1,6,1,0,,249,27.73,2739
U07302,2025-04-14,Free,India,Partner,SMB,6,5,4,3,0,0,,0,104.09,0
U07303,2025-02-20,Free,Germany,Content,Startup,11,2,3,4,0,0,,0,24.1,0
U07304,2025-08-12,Free,US,Partner,Startup,6,1,4,3,0,0,,0,47.82,0
U07305,2025-09-16,Pro,Australia,Organic,SMB,13,6,0,3,0,0,,79,47.57,1027
U07306,2025-03-01,Pro,India,Referral,Enterprise,15,9,2,8,0,1,2025-11-07,79,28.7,632
U07307,2025-04-05,Pro,Canada,Organic,Mid-Market,11,3,1,2,1,1,2025-08-02,79,44.8,316
U07308,2025-08-24,Free,India,Paid Search,SMB,4,1,2,2,1,0,,0,86.24,0
U07309,2025-03-16,Business,India,Paid Search,SMB,22,10,0,8,0,0,,249,101.98,1992
U07310,2025-01-29,Free,US,Content,Startup,3,5,1,1,0,1,2025-05-16,0,36.23,0
U07311,2025-10-24,Business,India,Partner,Mid-Market,12,8,2,5,0,0,,249,52.81,3486
U07312,2025-08-01,Pro,Australia,Paid Search,SMB,12,8,0,3,0,0,,79,90.1,948
U07313,2025-10-15,Pro,Canada,Paid Search,SMB,20,5,1,5,0,0,,79,91.01,790
U07314,2025-03-23,Pro,India,Partner,Mid-Market,7,9,2,9,0,0,,79,53.22,790
U07315,2025-06-05,Pro,India,Partner,Mid-Market,9,6,0,4,0,1,2025-07-25,79,65.56,158
U07316,2025-06-01,Free,US,Organic,SMB,8,3,1,2,0,0,,0,37.42,0
U07317,2025-10-10,Business,India,Partner,SMB,14,7,0,5,0,0,,249,84.5,2490
U07318,2025-07-09,Business,India,Paid Search,Startup,17,12,0,9,1,0,,249,115.36,2739
U07319,2025-06-02,Free,US,Content,Startup,10,2,0,1,0,0,,0,31.86,0
U07320,2025-09-10,Pro,US,Partner,Startup,13,8,0,4,1,0,,79,44.05,869
U07321,2025-09-17,Free,US,Referral,SMB,8,6,3,2,0,0,,0,37.44,0
U07322,2025-05-20,Pro,US,Organic,SMB,11,4,0,1,0,1,2025-09-07,79,32.64,316
U07323,2025-08-26,Free,Canada,Partner,Mid-Market,5,1,2,3,0,0,,0,91.25,0
U07324,2025-06-01,Business,US,Organic,Startup,14,4,1,5,0,0,,249,25.62,2988
U07325,2025-02-19,Free,US,Referral,SMB,6,2,2,1,0,1,2025-08-29,0,52.19,0
U07326,2025-02-25,Pro,Canada,Partner,SMB,11,7,2,4,0,0,,79,78.28,869
U07327,2025-10-25,Pro,US,Referral,Startup,13,9,1,4,0,0,,79,33.74,632
U07328,2025-04-19,Pro,India,Organic,SMB,13,3,1,4,0,0,,79,28.22,711
U07329,2025-07-04,Pro,US,Organic,SMB,9,9,1,3,0,1,2025-09-20,79,11.41,237
U07330,2025-05-30,Free,India,Content,SMB,9,5,2,2,0,0,,0,33.35,0
U07331,2025-09-07,Pro,India,Paid Search,SMB,14,8,1,7,0,1,2026-06-27,79,77.85,790
U07332,2025-05-08,Free,US,Paid Search,Mid-Market,7,1,0,3,0,1,2025-09-02,0,105.67,0
U07333,2025-07-25,Free,Canada,Paid Search,SMB,8,3,1,1,0,1,2025-11-22,0,80.1,0
U07334,2025-06-17,Pro,India,Content,SMB,13,6,2,4,0,1,2026-04-28,79,54.74,790
U07335,2025-10-24,Free,US,Content,Enterprise,8,2,1,5,0,1,2026-02-13,0,17.05,0
U07336,2025-10-23,Pro,India,Organic,Enterprise,19,9,1,6,0,0,,79,36.22,1106
U07337,2025-05-08,Free,Canada,Content,SMB,6,3,1,3,0,1,2025-11-03,0,45.46,0
U07338,2025-01-31,Pro,India,Paid Search,SMB,13,6,1,6,1,0,,79,95.3,948
U07339,2025-05-14,Business,UK,Organic,Mid-Market,12,10,1,8,0,0,,249,37.15,2739
U07340,2025-05-23,Free,US,Paid Search,Mid-Market,13,1,0,4,0,0,,0,100.65,0
U07341,2025-08-14,Free,India,Referral,Startup,12,1,1,2,0,1,2025-12-24,0,27.09,0
U07342,2025-01-02,Free,Canada,Partner,Startup,4,5,1,3,0,1,2025-07-03,0,49.83,0
U07343,2025-04-20,Free,India,Organic,Mid-Market,7,2,3,3,0,0,,0,31.45,0
U07344,2025-02-06,Pro,Canada,Paid Search,Startup,13,8,0,6,1,0,,79,100.61,1027
U07345,2025-05-11,Pro,US,Referral,SMB,10,5,2,3,0,0,,79,36.53,790
U07346,2025-03-21,Free,US,Paid Search,Mid-Market,8,2,1,5,0,1,2025-12-09,0,124.55,0
U07347,2025-04-11,Pro,India,Content,Mid-Market,11,5,0,4,0,1,2026-01-03,79,36.21,711
U07348,2025-10-11,Pro,Australia,Organic,Startup,11,10,0,3,0,0,,79,33.26,948
U07349,2025-01-19,Pro,India,Content,Startup,21,5,0,8,1,0,,79,35.68,1106
U07350,2025-09-14,Business,US,Content,SMB,17,8,0,11,0,0,,249,36.3,3237
U07351,2025-09-01,Free,US,Referral,Mid-Market,8,3,0,2,0,1,2026-03-06,0,30.71,0
U07352,2025-01-01,Free,US,Organic,SMB,5,1,0,3,0,0,,0,47.83,0
U07353,2025-07-20,Pro,Australia,Organic,Startup,13,10,1,1,0,0,,79,35.55,1106
U07354,2025-08-05,Free,Germany,Organic,Startup,6,4,0,2,0,0,,0,31.76,0
U07355,2025-09-19,Pro,India,Partner,Startup,12,7,1,4,1,0,,79,61.25,790
U07356,2025-01-31,Business,US,Referral,Startup,10,7,0,7,1,0,,249,48.52,3486
U07357,2025-01-18,Free,US,Referral,SMB,9,2,2,2,0,1,2025-07-13,0,49.39,0
U07358,2025-06-09,Free,UK,Paid Search,Enterprise,15,6,1,1,0,1,2026-01-07,0,89.23,0
U07359,2025-02-06,Pro,Germany,Referral,Mid-Market,12,9,1,5,0,0,,79,47.44,711
U07360,2025-04-23,Free,Germany,Paid Search,SMB,10,6,4,1,0,0,,0,81.67,0
U07361,2025-01-08,Pro,Germany,Organic,SMB,12,8,0,5,0,0,,79,29.58,711
U07362,2025-09-03,Free,India,Organic,SMB,7,6,1,3,0,1,2026-07-06,0,43.92,0
U07363,2025-04-11,Free,India,Partner,Enterprise,8,3,2,3,0,0,,0,59.37,0
U07364,2025-05-31,Free,US,Content,Mid-Market,6,4,1,3,0,0,,0,26.29,0
U07365,2025-03-13,Free,India,Paid Search,SMB,12,5,2,7,0,0,,0,102.29,0
U07366,2025-08-12,Free,India,Paid Search,Startup,9,2,3,2,0,0,,0,117.34,0
U07367,2025-05-24,Free,India,Referral,Startup,8,3,1,1,0,0,,0,24.76,0
U07368,2025-08-05,Free,Canada,Content,Mid-Market,6,1,3,2,0,1,2026-03-08,0,33.86,0
U07369,2025-09-15,Free,Australia,Referral,Mid-Market,7,4,5,4,0,0,,0,31.23,0
U07370,2025-09-30,Pro,Canada,Organic,SMB,12,7,2,10,1,0,,79,24.86,711
U07371,2025-08-12,Pro,Germany,Content,SMB,7,6,1,7,0,1,2026-04-03,79,35.63,632
U07372,2025-07-22,Business,India,Referral,Mid-Market,10,8,1,9,1,0,,249,37.64,2241
U07373,2025-02-26,Free,US,Referral,SMB,11,4,3,1,0,0,,0,28.09,0
U07374,2025-07-15,Free,India,Organic,Startup,5,3,0,3,0,1,2025-09-05,0,34.96,0
U07375,2025-05-26,Business,Australia,Paid Search,Mid-Market,22,6,1,10,1,0,,249,126.87,3486
U07376,2025-04-21,Pro,US,Referral,Startup,11,5,1,8,0,0,,79,11.73,711
U07377,2025-05-14,Free,US,Organic,Startup,5,2,3,1,0,1,2025-07-15,0,24.55,0
U07378,2025-06-06,Free,India,Referral,Mid-Market,7,8,2,2,0,0,,0,34.69,0
U07379,2025-01-16,Free,India,Organic,Enterprise,8,3,1,2,0,1,2025-04-29,0,33.34,0
U07380,2025-02-08,Pro,Australia,Content,Mid-Market,16,4,2,3,1,0,,79,25.54,790
U07381,2025-03-26,Free,India,Organic,Mid-Market,10,3,1,2,0,1,2025-10-07,0,39.42,0
U07382,2025-08-24,Free,Canada,Organic,Startup,7,6,2,2,0,0,,0,20.81,0
U07383,2025-08-05,Pro,US,Paid Search,SMB,14,7,0,4,0,0,,79,77.84,869
U07384,2025-01-13,Free,UK,Referral,SMB,12,1,0,2,0,0,,0,35.2,0
U07385,2025-09-20,Pro,US,Referral,Startup,9,7,1,3,1,0,,79,46.88,869
U07386,2025-02-06,Pro,Germany,Referral,Enterprise,14,6,2,3,0,0,,79,29.34,1106
U07387,2025-09-04,Pro,Australia,Organic,SMB,9,2,0,2,0,1,2026-07-04,79,38.53,790
U07388,2025-05-07,Free,Canada,Organic,SMB,14,4,2,3,0,0,,0,18.05,0
U07389,2025-08-08,Free,Canada,Paid Search,Startup,9,1,2,3,1,0,,0,56.99,0
U07390,2025-05-11,Pro,Australia,Organic,Startup,13,3,2,6,0,0,,79,33.41,711
U07391,2025-08-26,Free,India,Organic,Startup,8,4,2,2,0,0,,0,48.39,0
U07392,2025-10-21,Free,US,Paid Search,SMB,11,5,0,2,0,0,,0,91.51,0
U07393,2025-01-08,Free,India,Paid Search,Mid-Market,5,3,1,3,0,1,2025-07-15,0,119.43,0
U07394,2025-07-14,Pro,US,Paid Search,SMB,8,7,0,5,0,0,,79,122.13,711
U07395,2025-09-24,Free,India,Content,Mid-Market,8,1,1,2,0,0,,0,46.05,0
U07396,2025-05-13,Pro,India,Organic,SMB,14,4,0,5,0,0,,79,34.01,790
U07397,2025-03-04,Pro,Germany,Paid Search,Mid-Market,10,7,2,3,0,0,,79,95.11,711
U07398,2025-10-13,Pro,Australia,Partner,SMB,13,8,1,6,0,0,,79,70.11,948
U07399,2025-02-19,Free,India,Organic,Startup,7,1,1,3,0,1,2025-10-22,0,15.14,0
U07400,2025-10-16,Free,India,Organic,SMB,6,4,4,3,0,1,2026-03-21,0,38.87,0
U07401,2025-03-11,Pro,UK,Partner,Mid-Market,10,5,0,3,0,0,,79,63.8,711
U07402,2025-06-20,Free,Australia,Referral,Mid-Market,8,1,1,4,0,1,2026-01-20,0,12.82,0
U07403,2025-03-12,Pro,UK,Referral,Mid-Market,8,5,1,5,0,0,,79,49.78,711
U07404,2025-03-28,Pro,Canada,Organic,Mid-Market,12,5,0,4,0,1,2025-12-14,79,46.55,711
U07405,2025-01-12,Pro,US,Content,Mid-Market,8,7,1,4,0,0,,79,26.09,711
U07406,2025-05-05,Free,US,Paid Search,SMB,8,4,1,4,0,0,,0,90.34,0
U07407,2025-03-04,Pro,US,Paid Search,Mid-Market,15,5,0,7,1,0,,79,120.01,1106
U07408,2025-10-04,Pro,India,Referral,SMB,12,6,1,6,0,1,2026-02-03,79,14.89,316
U07409,2025-09-29,Business,Canada,Content,SMB,8,7,0,8,0,0,,249,43.59,3486
U07410,2025-07-17,Free,Germany,Referral,Startup,4,1,1,3,0,1,2025-10-18,0,48.05,0
U07411,2025-08-26,Free,US,Content,Mid-Market,6,3,1,5,0,0,,0,36.37,0
U07412,2025-03-25,Pro,UK,Referral,Startup,9,8,1,4,0,0,,79,45.93,1106
U07413,2025-08-15,Free,US,Organic,Mid-Market,11,3,4,3,0,0,,0,20.62,0
U07414,2025-05-30,Free,US,Paid Search,Startup,10,5,2,4,0,0,,0,128.44,0
U07415,2025-02-02,Free,US,Content,Startup,8,2,2,2,0,1,2025-09-26,0,51.49,0
U07416,2025-07-29,Pro,India,Content,Mid-Market,15,7,1,9,1,0,,79,34.54,948
U07417,2025-03-27,Pro,US,Content,SMB,12,6,2,5,0,0,,79,41.5,1106
U07418,2025-05-06,Pro,Canada,Organic,Mid-Market,9,6,1,10,1,1,2025-11-04,79,32.91,474
U07419,2025-01-18,Free,US,Referral,Startup,7,1,2,3,0,0,,0,22.4,0
U07420,2025-06-28,Pro,US,Organic,Startup,8,6,2,4,1,0,,79,36.14,1027
U07421,2025-03-11,Business,UK,Referral,Mid-Market,20,11,1,9,1,0,,249,36.55,2490
U07422,2025-10-27,Pro,India,Organic,Mid-Market,9,6,0,8,0,0,,79,32.04,869
U07423,2025-02-04,Pro,UK,Content,Mid-Market,10,6,0,2,0,0,,79,25.31,711
U07424,2025-02-10,Pro,India,Paid Search,Startup,18,2,1,4,0,0,,79,95.6,632
U07425,2025-07-10,Pro,US,Paid Search,Startup,13,5,2,5,0,0,,79,91.04,869
U07426,2025-07-23,Free,Canada,Content,Startup,10,4,1,4,0,1,2025-10-30,0,48.21,0
U07427,2025-08-03,Free,US,Content,SMB,11,5,0,2,0,0,,0,44.4,0
U07428,2025-09-19,Free,UK,Content,SMB,5,2,1,2,1,0,,0,35.18,0
U07429,2025-02-08,Pro,India,Paid Search,Startup,11,8,0,4,1,0,,79,97.78,869
U07430,2025-06-11,Pro,US,Partner,Startup,18,8,1,4,0,0,,79,93.88,1027
U07431,2025-05-17,Free,Australia,Organic,SMB,6,3,1,3,0,1,2026-01-31,0,21.97,0
U07432,2025-05-28,Free,US,Referral,SMB,16,2,0,1,0,1,2025-09-24,0,34.18,0
U07433,2025-01-09,Business,India,Organic,Startup,18,9,1,6,0,0,,249,57.02,2988
U07434,2025-04-08,Pro,India,Partner,Enterprise,16,9,3,5,0,0,,79,70.76,790
U07435,2025-08-19,Pro,US,Organic,SMB,14,7,1,1,1,0,,79,53.49,948
U07436,2025-06-07,Free,US,Organic,Startup,8,4,2,3,0,0,,0,34.43,0
U07437,2025-05-21,Free,India,Organic,SMB,10,3,4,2,0,1,2025-09-23,0,44.9,0
U07438,2025-08-14,Free,Germany,Organic,Mid-Market,7,3,1,2,0,1,2026-02-18,0,27.59,0
U07439,2025-10-27,Free,Australia,Content,Startup,10,4,0,2,0,0,,0,31.55,0
U07440,2025-08-19,Free,UK,Organic,SMB,10,2,0,2,0,1,2025-10-07,0,26.27,0
U07441,2025-06-28,Pro,Australia,Partner,Mid-Market,7,6,2,2,0,0,,79,53.82,869
U07442,2025-07-11,Free,India,Referral,SMB,10,1,1,3,0,0,,0,47.19,0
U07443,2025-09-22,Free,US,Referral,SMB,10,5,2,1,0,0,,0,57.52,0
U07444,2025-07-08,Free,US,Paid Search,SMB,8,5,1,1,0,0,,0,110.6,0
U07445,2025-08-08,Free,Australia,Content,SMB,1,2,1,4,0,1,2025-12-28,0,30.36,0
U07446,2025-08-30,Pro,UK,Content,Startup,13,6,1,10,0,0,,79,37.15,790
U07447,2025-08-24,Free,US,Organic,Mid-Market,8,5,1,4,0,0,,0,23.85,0
U07448,2025-01-27,Free,India,Paid Search,Mid-Market,6,4,2,1,0,1,2025-04-27,0,83.57,0
U07449,2025-01-10,Free,India,Content,Startup,13,3,1,3,0,1,2025-09-23,0,28.91,0
U07450,2025-06-15,Free,Australia,Organic,Enterprise,4,4,2,2,0,0,,0,27.38,0
U07451,2025-02-08,Pro,UK,Paid Search,SMB,9,7,0,3,0,1,2025-08-07,79,145.94,474
U07452,2025-10-22,Pro,India,Organic,Mid-Market,12,8,1,9,0,0,,79,30.17,711
U07453,2025-06-15,Free,US,Partner,SMB,7,3,1,1,0,1,2026-04-01,0,97.75,0
U07454,2025-04-12,Free,US,Organic,Startup,10,1,2,1,0,1,2026-01-01,0,25.06,0
U07455,2025-06-01,Free,India,Organic,Mid-Market,12,5,0,1,0,1,2025-10-30,0,29.24,0
U07456,2025-08-22,Free,US,Organic,Startup,8,2,0,4,0,1,2026-01-31,0,31.19,0
U07457,2025-04-04,Pro,US,Organic,Mid-Market,15,6,1,2,0,0,,79,37.23,790
U07458,2025-05-13,Free,India,Organic,Mid-Market,9,2,4,4,0,1,2025-11-26,0,46.04,0
U07459,2025-10-01,Pro,US,Organic,Startup,18,5,1,1,0,0,,79,35.85,1027
U07460,2025-03-29,Free,Australia,Organic,Startup,7,3,0,4,0,1,2026-01-08,0,50.92,0
U07461,2025-06-22,Pro,India,Paid Search,Startup,15,6,1,5,0,0,,79,92.45,790
U07462,2025-04-26,Pro,Germany,Paid Search,Mid-Market,9,5,1,3,0,0,,79,105.52,869
U07463,2025-02-06,Pro,Canada,Paid Search,SMB,10,7,0,2,0,0,,79,105.82,1027
U07464,2025-09-03,Free,UK,Paid Search,Mid-Market,8,3,1,2,0,0,,0,110.29,0
U07465,2025-04-10,Free,Australia,Referral,SMB,5,1,4,2,1,1,2025-11-01,0,44.43,0
U07466,2025-07-06,Free,US,Content,SMB,9,6,2,2,0,0,,0,23.09,0
U07467,2025-02-20,Free,US,Organic,SMB,16,5,1,2,0,0,,0,37.49,0
U07468,2025-08-13,Pro,Canada,Content,SMB,17,4,3,3,1,1,2026-04-11,79,23.28,632
U07469,2025-09-18,Free,India,Organic,Startup,10,4,2,1,0,1,2026-01-12,0,24.76,0
U07470,2025-04-17,Free,UK,Organic,SMB,5,7,2,1,0,1,2025-08-17,0,44.43,0
U07471,2025-01-05,Free,Germany,Referral,SMB,14,2,2,3,0,1,2025-06-25,0,31.47,0
U07472,2025-04-01,Free,US,Partner,Mid-Market,10,4,2,1,0,1,2026-01-17,0,88.3,0
U07473,2025-09-20,Pro,UK,Partner,Mid-Market,8,9,0,9,1,1,2025-12-05,79,67.27,237
U07474,2025-02-26,Pro,US,Content,Startup,9,5,1,1,0,1,2026-01-11,79,30.75,869
U07475,2025-02-25,Free,India,Content,SMB,6,2,2,4,1,0,,0,32.9,0
U07476,2025-10-20,Business,India,Referral,SMB,15,9,0,5,0,0,,249,44.41,3237
U07477,2025-03-09,Pro,India,Paid Search,Startup,14,7,3,4,0,0,,79,101.27,948
U07478,2025-04-21,Free,US,Content,SMB,13,3,1,1,1,1,2025-05-26,0,49.3,0
U07479,2025-04-13,Free,Germany,Organic,Startup,4,3,3,3,1,1,2025-10-11,0,39.44,0
U07480,2025-08-27,Pro,UK,Content,Mid-Market,10,7,0,3,0,0,,79,54.81,711
U07481,2025-06-15,Business,Germany,Content,SMB,16,7,0,11,0,0,,249,29.39,3237
U07482,2025-04-27,Pro,US,Paid Search,Mid-Market,15,6,1,3,1,0,,79,102.22,1027
U07483,2025-09-18,Business,US,Content,Mid-Market,11,6,1,8,1,0,,249,39.49,2490
U07484,2025-06-14,Pro,India,Partner,SMB,10,4,2,2,0,0,,79,54.72,1106
U07485,2025-08-08,Free,Germany,Content,Mid-Market,6,4,3,1,0,0,,0,32.96,0
U07486,2025-09-17,Free,Germany,Paid Search,SMB,6,2,1,2,0,0,,0,87.23,0
U07487,2025-07-03,Free,India,Referral,Startup,7,2,0,3,0,0,,0,30.63,0
U07488,2025-03-04,Pro,Australia,Paid Search,SMB,11,4,0,3,0,0,,79,86.16,1106
U07489,2025-07-21,Pro,Australia,Organic,Startup,10,5,3,6,0,0,,79,37.63,869
U07490,2025-06-13,Business,US,Organic,Enterprise,15,13,3,5,1,0,,249,50.91,3486
U07491,2025-01-21,Business,Germany,Partner,Startup,22,9,2,11,0,0,,249,69.51,2241
U07492,2025-03-15,Free,US,Referral,Mid-Market,6,2,1,1,0,1,2025-11-20,0,31.44,0
U07493,2025-09-08,Free,UK,Organic,Startup,9,1,1,1,0,0,,0,33.73,0
U07494,2025-10-22,Pro,Canada,Organic,Mid-Market,16,4,1,3,0,0,,79,44.64,790
U07495,2025-08-27,Pro,UK,Referral,SMB,16,4,1,5,0,1,2026-02-04,79,45.71,395
U07496,2025-10-04,Free,UK,Partner,Mid-Market,11,1,0,1,0,1,2026-07-04,0,102.04,0
U07497,2025-04-11,Free,Canada,Referral,Startup,8,5,2,1,1,0,,0,51.41,0
U07498,2025-05-19,Pro,US,Paid Search,Startup,15,5,2,6,0,0,,79,92.05,790
U07499,2025-04-08,Pro,UK,Content,Mid-Market,13,7,5,5,0,0,,79,13.26,711
U07500,2025-03-24,Business,India,Organic,Mid-Market,14,7,0,8,1,0,,249,35.52,3237
U07501,2025-01-04,Pro,India,Content,SMB,11,5,2,5,0,0,,79,30.79,1106
U07502,2025-07-04,Free,India,Partner,SMB,6,3,2,2,0,0,,0,56.15,0
U07503,2025-06-29,Pro,India,Content,SMB,9,6,0,3,1,0,,79,39.06,1027
U07504,2025-09-17,Free,UK,Content,SMB,8,5,2,3,0,0,,0,52.24,0
U07505,2025-07-11,Free,Australia,Referral,Startup,9,2,0,4,0,0,,0,45.51,0
U07506,2025-07-13,Free,India,Referral,Startup,3,3,3,1,0,1,2026-04-17,0,29.25,0
U07507,2025-05-25,Pro,US,Partner,Startup,12,6,2,6,0,0,,79,70.74,948
U07508,2025-09-09,Free,Germany,Content,Enterprise,12,4,2,4,0,0,,0,42.47,0
U07509,2025-04-05,Free,India,Organic,Startup,10,1,1,2,0,1,2026-01-16,0,29.76,0
U07510,2025-09-08,Free,Australia,Content,Enterprise,4,4,2,3,0,0,,0,41.28,0
U07511,2025-06-29,Free,US,Organic,SMB,8,4,0,4,0,0,,0,46.62,0
U07512,2025-02-16,Pro,Canada,Organic,SMB,13,10,0,6,0,0,,79,30.29,948
U07513,2025-08-22,Pro,India,Partner,Mid-Market,13,6,3,3,0,0,,79,36.02,790
U07514,2025-05-25,Free,India,Organic,SMB,4,6,1,2,0,1,2026-04-13,0,46.36,0
U07515,2025-02-26,Pro,India,Organic,Mid-Market,10,5,2,1,0,0,,79,37.46,711
U07516,2025-03-16,Free,India,Referral,Mid-Market,5,2,0,3,0,0,,0,39.25,0
U07517,2025-06-12,Business,UK,Referral,Mid-Market,16,3,1,8,1,0,,249,37.6,2490
U07518,2025-01-18,Pro,India,Paid Search,SMB,14,8,0,2,0,0,,79,70.44,869
U07519,2025-06-27,Free,Canada,Content,Mid-Market,17,3,2,1,0,0,,0,30.67,0
U07520,2025-01-30,Free,Australia,Partner,Startup,9,3,0,3,0,1,2025-07-21,0,69.03,0
U07521,2025-08-06,Free,UK,Paid Search,Startup,8,1,1,1,0,0,,0,110.65,0
U07522,2025-10-17,Free,Germany,Paid Search,Startup,4,1,0,2,0,1,2026-01-26,0,51.96,0
U07523,2025-08-18,Pro,India,Partner,SMB,11,4,1,2,0,0,,79,72.87,790
U07524,2025-09-12,Free,India,Content,Mid-Market,7,3,4,2,0,0,,0,32.5,0
U07525,2025-08-21,Free,Australia,Paid Search,SMB,6,3,1,6,0,0,,0,112.28,0
U07526,2025-09-28,Free,Canada,Organic,Startup,7,4,0,2,0,1,2026-07-20,0,47.8,0
U07527,2025-02-23,Free,Germany,Paid Search,Enterprise,14,1,0,2,0,0,,0,78.99,0
U07528,2025-02-18,Pro,US,Organic,Startup,17,8,1,4,0,0,,79,37.8,948
U07529,2025-03-13,Pro,UK,Organic,Mid-Market,13,4,0,6,0,0,,79,41.4,711
U07530,2025-03-22,Free,India,Organic,SMB,9,4,3,4,0,1,2025-10-10,0,29.13,0
U07531,2025-01-05,Business,US,Content,SMB,9,7,1,6,0,0,,249,34.75,3486
U07532,2025-03-22,Pro,UK,Partner,SMB,11,7,2,4,0,0,,79,39.53,869
U07533,2025-08-02,Pro,Germany,Organic,Mid-Market,13,5,0,5,1,0,,79,48.4,790
U07534,2025-05-11,Free,US,Content,Mid-Market,7,4,3,2,1,0,,0,24.37,0
U07535,2025-10-14,Free,India,Paid Search,SMB,6,5,0,3,0,0,,0,74.31,0
U07536,2025-09-07,Free,US,Paid Search,Startup,14,3,2,1,1,0,,0,78.47,0
U07537,2025-07-22,Free,UK,Paid Search,Enterprise,11,1,3,2,0,0,,0,81.29,0
U07538,2025-06-15,Business,US,Partner,Startup,26,9,0,9,0,1,2026-02-17,249,65.49,1992
U07539,2025-03-03,Pro,US,Content,Mid-Market,7,5,2,5,0,0,,79,33.68,1106
U07540,2025-06-27,Free,US,Paid Search,SMB,10,6,3,2,1,0,,0,112.86,0
U07541,2025-05-06,Pro,Australia,Content,SMB,18,6,1,4,0,0,,79,43.59,1106
U07542,2025-09-13,Free,India,Referral,Enterprise,8,1,3,2,0,1,2026-07-08,0,50.54,0
U07543,2025-08-10,Business,India,Content,Startup,10,8,0,6,0,1,2025-10-13,249,38.7,498
U07544,2025-04-25,Pro,India,Referral,Mid-Market,11,7,1,4,1,0,,79,27.25,948
U07545,2025-10-17,Pro,Canada,Referral,SMB,12,6,1,4,0,0,,79,20.36,711
U07546,2025-09-19,Free,Australia,Organic,Startup,4,3,0,1,0,0,,0,29.95,0
U07547,2025-10-03,Free,US,Referral,Mid-Market,12,4,1,3,0,0,,0,48.96,0
U07548,2025-10-25,Free,US,Partner,SMB,12,3,3,3,0,0,,0,80.77,0
U07549,2025-03-03,Free,US,Content,SMB,8,2,1,2,0,1,2025-11-25,0,33.59,0
U07550,2025-05-28,Pro,US,Content,Startup,15,4,0,1,0,0,,79,34.69,948
U07551,2025-07-14,Business,India,Paid Search,Mid-Market,17,9,0,4,0,0,,249,83.47,2988
U07552,2025-07-17,Free,US,Organic,Startup,8,4,0,3,0,0,,0,38.48,0
U07553,2025-10-10,Pro,Canada,Partner,SMB,18,7,2,2,0,1,2025-11-22,79,72.72,79
U07554,2025-08-27,Pro,UK,Paid Search,SMB,16,5,0,2,0,0,,79,101.65,869
U07555,2025-02-28,Pro,Australia,Organic,Enterprise,12,5,0,2,1,1,2025-04-02,79,34.72,79
U07556,2025-03-03,Pro,US,Referral,Startup,12,1,2,5,0,1,2025-07-16,79,39.13,316
U07557,2025-03-11,Pro,Canada,Organic,SMB,11,7,1,5,0,1,2025-11-03,79,29.62,632
U07558,2025-04-21,Free,US,Paid Search,Startup,11,5,1,2,1,0,,0,87.49,0
U07559,2025-01-27,Free,UK,Referral,SMB,8,3,2,3,0,0,,0,22.01,0
U07560,2025-01-15,Free,Germany,Content,Startup,5,1,1,2,0,0,,0,40.85,0
U07561,2025-07-17,Free,UK,Content,SMB,10,6,2,3,0,0,,0,27.23,0
U07562,2025-10-13,Free,Germany,Referral,SMB,10,3,2,3,0,1,2026-09-02,0,33.05,0
U07563,2025-10-21,Pro,UK,Organic,SMB,12,6,0,3,0,0,,79,40.97,1106
U07564,2025-05-19,Pro,US,Referral,Mid-Market,13,7,1,8,0,0,,79,42.0,790
U07565,2025-03-05,Free,Canada,Content,Mid-Market,7,3,1,2,0,1,2025-12-14,0,20.02,0
U07566,2025-05-26,Pro,US,Content,Startup,16,9,3,4,0,1,2025-07-23,79,36.38,158
U07567,2025-08-12,Pro,US,Organic,Enterprise,15,9,2,3,1,0,,79,42.6,790
U07568,2025-01-22,Free,India,Content,SMB,5,2,1,5,0,0,,0,27.82,0
U07569,2025-01-22,Business,India,Partner,Startup,14,6,0,9,0,0,,249,61.14,1992
U07570,2025-09-23,Free,US,Organic,Mid-Market,12,2,2,4,0,0,,0,39.77,0
U07571,2025-08-29,Pro,UK,Content,Startup,8,5,1,3,0,0,,79,27.85,869
U07572,2025-04-19,Free,US,Paid Search,Startup,2,8,1,6,0,0,,0,120.64,0
U07573,2025-09-16,Pro,Germany,Organic,Mid-Market,14,10,1,5,0,0,,79,35.35,869
U07574,2025-03-08,Pro,US,Organic,Enterprise,14,6,1,4,0,1,2026-01-19,79,36.66,869
U07575,2025-04-01,Business,Canada,Content,SMB,13,11,1,7,1,0,,249,32.56,3237
U07576,2025-05-07,Business,India,Paid Search,Mid-Market,9,9,3,6,1,1,2026-02-23,249,128.79,2490
U07577,2025-09-09,Free,UK,Content,Startup,12,1,1,2,0,0,,0,33.16,0
U07578,2025-05-10,Pro,US,Organic,SMB,14,6,0,3,0,1,2026-01-09,79,52.05,632
U07579,2025-02-09,Pro,US,Referral,SMB,16,7,1,6,0,0,,79,25.77,1027
U07580,2025-07-04,Pro,Australia,Organic,SMB,13,4,2,8,0,0,,79,27.47,1106
U07581,2025-01-11,Free,India,Content,SMB,7,3,1,1,1,0,,0,31.74,0
U07582,2025-05-30,Business,Canada,Paid Search,Mid-Market,11,11,1,8,1,0,,249,97.45,2241
U07583,2025-10-18,Business,UK,Paid Search,Startup,16,7,3,9,1,0,,249,98.17,2241
U07584,2025-03-25,Pro,Canada,Organic,Startup,15,6,2,6,1,0,,79,38.0,948
U07585,2025-01-03,Free,US,Partner,Mid-Market,6,4,0,2,0,0,,0,56.59,0
U07586,2025-02-08,Pro,US,Paid Search,Mid-Market,20,6,0,4,0,0,,79,72.75,790
U07587,2025-10-23,Free,Australia,Organic,Startup,10,4,1,3,0,0,,0,32.9,0
U07588,2025-02-11,Pro,US,Paid Search,Mid-Market,16,6,1,6,0,0,,79,95.25,869
U07589,2025-03-27,Pro,Canada,Paid Search,Enterprise,9,5,0,5,0,0,,79,67.9,1027
U07590,2025-06-28,Pro,India,Referral,Startup,11,6,3,5,1,0,,79,13.02,869
U07591,2025-08-03,Free,India,Content,Startup,11,1,1,1,0,0,,0,30.15,0
U07592,2025-08-06,Free,US,Organic,Startup,4,7,2,2,0,0,,0,35.76,0
U07593,2025-08-02,Free,US,Organic,Startup,9,1,4,2,0,1,2026-03-11,0,30.85,0
U07594,2025-02-02,Free,Germany,Paid Search,SMB,8,5,0,3,0,1,2025-07-17,0,94.52,0
U07595,2025-09-18,Free,Canada,Organic,Mid-Market,9,3,1,2,0,0,,0,13.86,0
U07596,2025-06-18,Free,Canada,Paid Search,Startup,7,2,1,1,0,1,2025-10-27,0,91.72,0
U07597,2025-07-09,Business,India,Partner,Enterprise,11,7,2,3,1,0,,249,87.04,2739
U07598,2025-08-21,Free,India,Organic,Mid-Market,14,1,0,3,0,0,,0,32.87,0
U07599,2025-01-04,Business,US,Paid Search,Startup,16,8,3,3,0,0,,249,102.58,3237
U07600,2025-01-13,Pro,US,Organic,SMB,8,8,1,5,0,0,,79,29.75,711
U07601,2025-02-14,Pro,India,Organic,SMB,15,7,2,6,0,0,,79,23.66,632
U07602,2025-08-27,Free,US,Organic,Startup,5,3,0,3,0,1,2025-12-24,0,43.1,0
U07603,2025-09-23,Free,India,Referral,SMB,8,4,4,1,0,1,2026-01-07,0,44.21,0
U07604,2025-03-02,Free,US,Paid Search,Mid-Market,8,2,2,3,0,1,2026-01-05,0,79.39,0
U07605,2025-02-17,Pro,UK,Paid Search,Startup,9,6,1,3,0,0,,79,105.05,790
U07606,2025-08-27,Pro,US,Content,SMB,14,5,1,9,0,0,,79,49.28,790
U07607,2025-09-14,Pro,US,Organic,SMB,18,8,0,8,0,1,2026-06-12,79,57.91,711
U07608,2025-07-01,Business,UK,Organic,Startup,12,9,0,10,0,0,,249,40.55,1992
U07609,2025-10-03,Free,India,Referral,SMB,6,3,1,3,0,0,,0,33.86,0
U07610,2025-07-09,Pro,UK,Organic,SMB,12,11,1,8,1,0,,79,38.25,711
U07611,2025-05-19,Pro,UK,Organic,Mid-Market,11,8,1,5,1,0,,79,39.19,948
U07612,2025-02-04,Business,UK,Referral,SMB,16,9,0,15,1,0,,249,22.76,3237
U07613,2025-05-01,Free,US,Content,Startup,12,9,3,1,0,0,,0,45.09,0
U07614,2025-09-19,Free,India,Partner,Enterprise,12,2,2,2,0,1,2025-11-16,0,51.22,0
U07615,2025-08-20,Free,US,Partner,SMB,13,5,1,2,0,0,,0,57.44,0
U07616,2025-04-30,Free,India,Partner,SMB,6,5,1,2,0,0,,0,46.29,0
U07617,2025-10-08,Pro,US,Organic,Startup,14,6,1,5,0,0,,79,36.66,869
U07618,2025-04-26,Free,US,Organic,SMB,8,2,0,4,0,1,2025-11-08,0,50.66,0
U07619,2025-01-13,Free,India,Referral,Startup,6,4,3,2,0,1,2025-03-01,0,65.91,0
U07620,2025-09-15,Business,Australia,Referral,Startup,15,9,0,8,0,0,,249,37.96,3486
U07621,2025-09-13,Free,India,Content,Enterprise,12,2,1,4,0,0,,0,27.91,0
U07622,2025-03-24,Pro,Australia,Referral,Startup,8,6,3,2,0,0,,79,29.34,711
U07623,2025-06-09,Free,India,Partner,Startup,7,1,1,4,0,0,,0,72.1,0
U07624,2025-09-14,Pro,India,Organic,Mid-Market,9,6,1,5,1,0,,79,32.92,711
U07625,2025-02-05,Pro,India,Content,Mid-Market,13,6,1,8,0,0,,79,37.08,1027
U07626,2025-03-07,Pro,Germany,Partner,Enterprise,15,4,0,4,1,0,,79,96.25,948
U07627,2025-01-10,Pro,UK,Organic,SMB,13,4,1,4,1,0,,79,35.01,869
U07628,2025-10-06,Free,India,Organic,SMB,12,4,3,2,0,0,,0,41.43,0
U07629,2025-02-07,Pro,India,Paid Search,SMB,9,8,1,3,1,0,,79,115.47,948
U07630,2025-04-02,Pro,US,Referral,SMB,9,4,0,2,0,0,,79,23.2,948
U07631,2025-09-11,Pro,UK,Content,Mid-Market,9,4,2,6,1,0,,79,32.14,948
U07632,2025-09-16,Free,India,Organic,Mid-Market,16,6,5,4,0,0,,0,13.88,0
U07633,2025-07-01,Free,UK,Paid Search,Startup,13,3,6,3,0,1,2025-12-06,0,64.89,0
U07634,2025-01-10,Pro,Canada,Partner,SMB,10,8,1,4,0,0,,79,63.42,711
U07635,2025-10-11,Free,US,Partner,SMB,9,3,0,4,0,0,,0,53.25,0
U07636,2025-06-01,Pro,India,Partner,Mid-Market,10,5,2,4,0,0,,79,90.49,948
U07637,2025-01-06,Free,India,Paid Search,Mid-Market,9,3,3,2,0,0,,0,114.48,0
U07638,2025-08-17,Free,Canada,Content,SMB,10,4,3,4,0,1,2026-07-02,0,41.56,0
U07639,2025-05-08,Free,India,Paid Search,SMB,13,1,4,3,0,0,,0,101.02,0
U07640,2025-03-31,Free,US,Paid Search,SMB,13,3,1,3,0,1,2026-01-23,0,82.19,0
U07641,2025-01-11,Pro,UK,Organic,Startup,7,2,2,5,0,1,2025-06-07,79,26.0,395
U07642,2025-01-21,Free,India,Referral,Startup,6,4,2,3,0,1,2025-11-28,0,43.55,0
U07643,2025-10-09,Free,Australia,Referral,Mid-Market,5,4,1,3,0,1,2026-02-01,0,53.69,0
U07644,2025-04-24,Pro,US,Organic,Mid-Market,15,8,3,5,0,0,,79,27.44,948
U07645,2025-05-06,Pro,UK,Organic,SMB,11,4,1,2,0,0,,79,16.47,1027
U07646,2025-06-13,Free,US,Referral,Startup,16,3,6,1,1,0,,0,36.3,0
U07647,2025-05-09,Pro,India,Organic,Startup,7,5,1,1,0,0,,79,40.95,1027
U07648,2025-01-15,Pro,US,Partner,Startup,8,4,1,7,0,1,2025-09-17,79,85.1,632
U07649,2025-08-26,Pro,US,Organic,SMB,13,3,1,7,1,0,,79,34.29,869
U07650,2025-02-23,Free,Canada,Paid Search,Startup,10,4,1,3,0,0,,0,83.59,0
U07651,2025-06-26,Business,Australia,Referral,SMB,15,9,0,7,1,1,2026-04-03,249,18.66,2241
U07652,2025-06-25,Pro,India,Partner,Mid-Market,14,7,1,8,0,0,,79,54.83,1106
U07653,2025-02-18,Free,India,Referral,Startup,4,6,3,4,0,1,2025-09-07,0,35.1,0
U07654,2025-06-25,Free,India,Partner,Mid-Market,5,4,1,2,1,0,,0,75.45,0
U07655,2025-02-27,Free,India,Organic,SMB,6,5,1,3,0,0,,0,55.24,0
U07656,2025-08-02,Pro,India,Content,Mid-Market,14,5,0,5,1,0,,79,40.67,948
U07657,2025-08-06,Free,India,Referral,SMB,3,4,2,4,0,0,,0,51.63,0
U07658,2025-04-01,Pro,India,Content,SMB,13,5,0,1,1,0,,79,30.29,632
U07659,2025-07-23,Pro,US,Partner,Startup,11,2,2,4,0,0,,79,65.59,948
U07660,2025-06-13,Business,UK,Referral,SMB,9,6,0,9,1,1,2025-10-18,249,34.45,996
U07661,2025-03-28,Pro,US,Paid Search,SMB,12,5,0,7,0,0,,79,104.17,869
U07662,2025-08-02,Free,Canada,Organic,Startup,8,5,4,1,0,1,2026-04-20,0,19.4,0
U07663,2025-01-19,Free,US,Paid Search,SMB,8,3,4,3,0,1,2025-07-27,0,99.37,0
U07664,2025-07-09,Free,US,Content,Startup,6,4,2,3,0,0,,0,61.27,0
U07665,2025-04-02,Pro,US,Organic,SMB,9,9,1,5,1,0,,79,55.98,790
U07666,2025-08-11,Pro,UK,Organic,SMB,16,4,0,10,0,1,2025-12-01,79,31.03,316
U07667,2025-03-21,Free,US,Organic,Mid-Market,9,3,1,6,0,1,2025-05-31,0,41.89,0
U07668,2025-01-21,Pro,US,Organic,SMB,13,7,0,3,1,0,,79,20.38,711
U07669,2025-10-24,Pro,India,Paid Search,SMB,10,5,1,4,0,0,,79,82.56,1106
U07670,2025-07-14,Free,India,Partner,Enterprise,5,4,0,4,0,0,,0,68.12,0
U07671,2025-07-24,Pro,UK,Referral,Mid-Market,19,8,1,5,1,1,2025-11-25,79,38.81,316
U07672,2025-02-26,Free,US,Organic,Startup,6,1,0,5,0,0,,0,32.85,0
U07673,2025-06-02,Free,India,Organic,Enterprise,10,1,4,4,0,1,2025-12-21,0,35.12,0
U07674,2025-04-29,Free,Australia,Paid Search,Startup,12,3,1,2,0,1,2025-06-17,0,80.95,0
U07675,2025-02-23,Free,Australia,Partner,SMB,13,4,4,2,0,0,,0,66.82,0
U07676,2025-05-19,Pro,US,Partner,Startup,6,6,0,5,0,0,,79,72.41,1027
U07677,2025-05-07,Free,Canada,Paid Search,Mid-Market,8,8,2,3,0,0,,0,103.73,0
U07678,2025-02-07,Business,Australia,Partner,Mid-Market,8,11,1,5,0,1,2025-10-01,249,55.4,1992
U07679,2025-09-11,Free,India,Organic,Enterprise,13,3,3,1,0,0,,0,38.09,0
U07680,2025-02-13,Free,Germany,Paid Search,SMB,8,4,2,2,0,1,2025-12-07,0,69.78,0
U07681,2025-06-12,Pro,US,Partner,Startup,8,2,0,5,1,0,,79,75.29,869
U07682,2025-01-30,Pro,US,Content,SMB,10,5,0,5,0,0,,79,20.31,948
U07683,2025-10-20,Business,US,Partner,Startup,18,6,1,13,1,0,,249,52.32,2739
U07684,2025-03-20,Pro,Canada,Content,Mid-Market,12,7,1,6,1,0,,79,35.63,711
U07685,2025-09-10,Free,Canada,Organic,SMB,7,6,1,3,0,0,,0,41.21,0
U07686,2025-08-04,Pro,India,Content,SMB,9,7,1,3,0,0,,79,50.92,790
U07687,2025-02-07,Pro,Germany,Organic,SMB,14,4,0,6,0,0,,79,59.92,632
U07688,2025-04-03,Pro,US,Organic,SMB,9,6,2,2,0,0,,79,32.71,948
U07689,2025-09-11,Pro,US,Content,Mid-Market,11,6,0,4,0,0,,79,17.95,711
U07690,2025-06-13,Free,India,Content,SMB,7,4,4,2,0,0,,0,38.94,0
U07691,2025-04-23,Pro,US,Paid Search,Enterprise,20,9,1,5,0,0,,79,97.08,1027
U07692,2025-09-26,Business,Germany,Organic,SMB,8,11,1,5,1,0,,249,21.81,2988
U07693,2025-07-17,Free,UK,Referral,Startup,13,1,2,3,0,1,2026-05-06,0,35.1,0
U07694,2025-02-27,Free,India,Content,Enterprise,22,3,3,2,0,0,,0,55.47,0
U07695,2025-05-01,Business,India,Partner,Startup,12,8,1,6,1,0,,249,89.9,2739
U07696,2025-04-04,Pro,US,Organic,Startup,20,8,0,5,0,0,,79,38.66,711
U07697,2025-09-25,Pro,India,Content,SMB,16,5,1,3,1,1,2026-03-28,79,20.45,474
U07698,2025-06-25,Pro,US,Content,Mid-Market,16,9,0,4,0,0,,79,35.53,1027
U07699,2025-10-02,Business,India,Content,Mid-Market,21,9,0,7,1,0,,249,35.84,2241
U07700,2025-01-05,Free,India,Paid Search,SMB,10,6,1,3,0,0,,0,93.91,0
U07701,2025-02-24,Pro,Australia,Organic,SMB,18,7,1,4,0,0,,79,61.36,790
U07702,2025-07-09,Pro,US,Organic,SMB,13,4,0,1,0,0,,79,26.75,790
U07703,2025-07-01,Business,Germany,Referral,Enterprise,12,11,1,9,1,0,,249,37.19,3486
U07704,2025-02-10,Pro,India,Content,SMB,11,8,3,3,0,1,2025-06-12,79,38.94,316
U07705,2025-02-03,Free,India,Organic,Enterprise,9,4,4,1,0,0,,0,36.03,0
U07706,2025-10-12,Pro,India,Organic,Startup,9,9,0,4,0,0,,79,38.0,1027
U07707,2025-04-25,Free,India,Referral,SMB,12,7,1,2,0,0,,0,28.29,0
U07708,2025-10-10,Pro,Canada,Content,SMB,20,6,0,5,0,0,,79,28.2,948
U07709,2025-08-05,Pro,UK,Content,SMB,14,8,0,5,1,1,2025-09-25,79,25.51,158
U07710,2025-04-21,Free,US,Organic,Mid-Market,8,4,1,4,0,0,,0,47.31,0
U07711,2025-05-27,Free,US,Organic,Mid-Market,7,3,0,2,0,0,,0,32.58,0
U07712,2025-05-11,Business,Germany,Paid Search,Mid-Market,15,9,1,7,0,0,,249,109.97,2988
U07713,2025-09-19,Pro,UK,Referral,SMB,15,6,1,3,0,0,,79,28.75,711
U07714,2025-07-19,Free,US,Organic,Mid-Market,7,5,4,2,1,0,,0,34.03,0
U07715,2025-08-28,Pro,Australia,Organic,SMB,11,7,1,3,1,0,,79,38.53,711
U07716,2025-06-15,Business,India,Paid Search,Startup,18,7,2,5,1,0,,249,122.8,2739
U07717,2025-08-04,Pro,India,Content,Startup,16,8,1,1,0,0,,79,38.47,869
U07718,2025-10-15,Free,UK,Organic,SMB,6,4,1,2,0,0,,0,42.75,0
U07719,2025-06-20,Pro,Australia,Content,SMB,12,6,0,4,0,0,,79,33.57,1027
U07720,2025-09-23,Free,Australia,Referral,Startup,10,4,0,4,1,0,,0,45.03,0
U07721,2025-05-25,Free,Canada,Partner,SMB,6,3,1,1,0,1,2026-04-17,0,58.84,0
U07722,2025-09-14,Pro,US,Paid Search,SMB,13,7,2,4,0,0,,79,121.41,711
U07723,2025-10-23,Business,Germany,Referral,Startup,14,12,0,7,0,0,,249,30.88,3237
U07724,2025-05-24,Business,India,Paid Search,SMB,16,8,1,7,1,0,,249,59.35,2241
U07725,2025-07-29,Pro,India,Organic,Mid-Market,15,8,3,6,0,0,,79,35.83,869
U07726,2025-06-10,Pro,Germany,Organic,Mid-Market,11,5,0,3,1,0,,79,33.11,1027
U07727,2025-09-28,Free,India,Paid Search,Mid-Market,10,4,5,3,0,1,2026-04-02,0,78.95,0
U07728,2025-02-21,Free,US,Paid Search,SMB,11,5,3,3,0,0,,0,99.41,0
U07729,2025-08-14,Business,Germany,Partner,Mid-Market,12,9,0,11,1,0,,249,64.78,3486
U07730,2025-09-10,Free,India,Organic,Startup,11,4,0,1,0,1,2025-11-19,0,31.33,0
U07731,2025-04-11,Free,Australia,Content,SMB,10,2,3,4,0,0,,0,38.84,0
U07732,2025-05-06,Free,India,Referral,Startup,10,2,1,1,0,1,2026-02-15,0,26.7,0
U07733,2025-10-09,Free,India,Referral,Startup,5,3,0,6,0,0,,0,47.49,0
U07734,2025-08-03,Free,India,Referral,Mid-Market,12,4,1,5,0,0,,0,31.15,0
U07735,2025-07-31,Pro,UK,Organic,SMB,15,7,1,5,1,0,,79,54.6,1106
U07736,2025-03-27,Free,Australia,Organic,SMB,8,3,0,4,0,0,,0,29.04,0
U07737,2025-01-28,Pro,UK,Referral,Mid-Market,6,5,3,5,0,0,,79,37.74,711
U07738,2025-09-16,Business,India,Organic,Startup,16,9,1,9,1,0,,249,27.02,2241
U07739,2025-02-03,Pro,India,Paid Search,Mid-Market,12,5,1,7,0,1,2025-04-23,79,84.32,237
U07740,2025-06-12,Free,Germany,Paid Search,Startup,10,3,1,4,0,1,2025-10-08,0,97.09,0
U07741,2025-10-12,Pro,India,Referral,Startup,19,9,3,6,1,0,,79,32.6,869
U07742,2025-06-04,Free,Germany,Content,Startup,12,5,0,1,0,1,2025-09-04,0,33.61,0
U07743,2025-07-06,Pro,India,Paid Search,Mid-Market,7,6,0,5,0,0,,79,97.42,1027
U07744,2025-05-29,Free,India,Paid Search,SMB,9,2,3,6,0,1,2025-10-10,0,116.79,0
U07745,2025-03-04,Pro,Australia,Organic,SMB,12,8,4,3,0,0,,79,47.0,711
U07746,2025-01-07,Free,India,Referral,SMB,11,2,2,1,0,0,,0,23.45,0
U07747,2025-04-30,Business,Germany,Partner,Mid-Market,11,7,1,7,0,0,,249,86.21,2988
U07748,2025-07-11,Free,US,Content,SMB,10,3,2,2,0,1,2026-05-07,0,46.89,0
U07749,2025-07-28,Free,India,Referral,Startup,7,1,0,3,0,0,,0,49.62,0
U07750,2025-04-19,Pro,Germany,Partner,SMB,13,10,1,4,0,0,,79,63.15,711
U07751,2025-04-20,Business,UK,Organic,SMB,12,7,1,6,0,0,,249,26.54,2490
U07752,2025-06-28,Free,US,Referral,Startup,7,4,0,1,0,0,,0,41.92,0
U07753,2025-08-28,Business,India,Paid Search,SMB,12,9,1,7,0,0,,249,90.65,2241
U07754,2025-08-18,Pro,India,Referral,Enterprise,9,6,1,2,0,0,,79,23.16,1027
U07755,2025-06-20,Pro,Germany,Partner,Mid-Market,9,5,0,4,1,0,,79,68.56,948
U07756,2025-04-24,Pro,US,Organic,SMB,8,6,1,7,0,0,,79,28.74,1106
U07757,2025-06-08,Free,India,Referral,Startup,8,3,2,2,0,0,,0,43.75,0
U07758,2025-02-04,Pro,Canada,Organic,SMB,6,7,1,1,0,0,,79,33.41,948
U07759,2025-08-29,Free,India,Organic,Startup,5,4,2,2,0,1,2026-07-08,0,40.22,0
U07760,2025-06-16,Free,Canada,Organic,SMB,9,1,0,4,0,0,,0,27.39,0
U07761,2025-01-20,Pro,Canada,Referral,SMB,16,8,1,5,0,0,,79,41.17,948
U07762,2025-05-15,Business,UK,Referral,SMB,19,9,1,5,1,0,,249,41.51,3237
U07763,2025-05-27,Free,India,Referral,Startup,13,1,3,4,0,1,2025-09-20,0,37.75,0
U07764,2025-03-12,Free,India,Partner,SMB,9,5,0,2,0,0,,0,65.82,0
U07765,2025-08-18,Pro,India,Organic,Startup,14,4,0,6,1,0,,79,5.0,711
U07766,2025-07-27,Free,India,Paid Search,Mid-Market,15,7,1,2,0,0,,0,100.34,0
U07767,2025-01-23,Business,US,Organic,SMB,13,5,1,8,1,0,,249,34.07,2490
U07768,2025-09-20,Free,India,Paid Search,SMB,7,3,3,4,0,1,2026-04-30,0,108.41,0
U07769,2025-03-15,Free,US,Organic,SMB,7,4,0,2,0,1,2025-11-06,0,31.19,0
U07770,2025-08-12,Free,UK,Organic,Startup,6,1,2,5,0,1,2026-06-20,0,38.06,0
U07771,2025-08-04,Pro,India,Partner,Startup,11,9,0,3,1,0,,79,38.93,711
U07772,2025-08-26,Free,US,Paid Search,Startup,7,3,0,5,0,1,2025-10-10,0,47.17,0
U07773,2025-10-23,Free,Canada,Referral,Mid-Market,9,3,1,1,0,1,2026-01-25,0,24.4,0
U07774,2025-06-11,Free,US,Organic,Mid-Market,12,4,4,3,0,1,2026-01-21,0,35.65,0
U07775,2025-05-05,Free,India,Content,SMB,6,3,1,4,0,1,2025-10-15,0,37.1,0
U07776,2025-09-09,Business,Canada,Organic,Startup,18,10,0,7,0,0,,249,32.97,3486
U07777,2025-09-07,Pro,US,Organic,SMB,12,4,0,6,0,1,2026-01-06,79,53.4,316
U07778,2025-10-13,Pro,US,Paid Search,SMB,17,4,0,3,0,0,,79,89.1,1027
U07779,2025-06-20,Pro,US,Organic,Startup,12,6,2,1,0,0,,79,45.85,1027
U07780,2025-05-31,Business,US,Referral,SMB,15,10,2,3,1,0,,249,20.09,3486
U07781,2025-10-06,Pro,India,Referral,SMB,12,6,2,5,0,0,,79,18.91,790
U07782,2025-07-23,Pro,Canada,Paid Search,Mid-Market,9,6,2,5,0,0,,79,118.52,948
U07783,2025-06-13,Free,UK,Referral,SMB,10,4,2,3,0,0,,0,31.19,0
U07784,2025-02-09,Pro,Germany,Organic,Startup,13,7,1,6,0,0,,79,59.31,948
U07785,2025-07-26,Free,Germany,Referral,SMB,11,2,2,2,0,1,2025-11-25,0,44.64,0
U07786,2025-07-18,Free,UK,Paid Search,Mid-Market,5,3,0,4,0,1,2025-11-13,0,91.77,0
U07787,2025-03-19,Business,India,Paid Search,Startup,9,10,0,4,1,0,,249,122.06,1992
U07788,2025-08-05,Business,Canada,Content,Mid-Market,11,7,2,6,0,0,,249,49.81,2241
U07789,2025-10-25,Pro,India,Organic,SMB,11,6,1,4,0,0,,79,19.4,1027
U07790,2025-08-25,Free,UK,Referral,Startup,16,1,0,2,0,0,,0,23.11,0
U07791,2025-09-29,Free,Germany,Content,SMB,14,4,2,1,0,0,,0,59.95,0
U07792,2025-10-27,Free,India,Content,Startup,7,3,0,4,0,1,2026-08-23,0,30.28,0
U07793,2025-03-11,Free,Canada,Content,Startup,3,3,1,1,0,0,,0,43.31,0
U07794,2025-09-29,Free,Canada,Content,Startup,7,1,0,1,0,0,,0,21.73,0
U07795,2025-10-18,Pro,Australia,Organic,SMB,9,7,1,2,0,0,,79,30.15,1027
U07796,2025-02-08,Free,Australia,Referral,Mid-Market,12,4,1,3,0,0,,0,40.28,0
U07797,2025-06-05,Pro,India,Organic,Startup,8,4,1,5,1,0,,79,44.44,948
U07798,2025-06-04,Business,Canada,Partner,Mid-Market,21,11,1,9,0,0,,249,86.49,3486
U07799,2025-04-16,Free,Australia,Organic,Enterprise,7,1,0,7,0,1,2026-02-10,0,47.21,0
U07800,2025-06-29,Free,Australia,Organic,Mid-Market,8,5,1,2,0,0,,0,23.24,0
U07801,2025-01-20,Pro,Australia,Paid Search,Startup,10,6,1,5,0,0,,79,58.14,948
U07802,2025-01-18,Free,US,Partner,Enterprise,8,3,0,3,0,0,,0,86.53,0
U07803,2025-05-07,Pro,Australia,Partner,Startup,16,6,1,4,0,0,,79,61.59,869
U07804,2025-09-23,Pro,UK,Content,Startup,20,10,2,8,1,0,,79,40.89,1027
U07805,2025-05-25,Pro,UK,Partner,SMB,15,7,0,2,0,0,,79,74.77,948
U07806,2025-10-24,Free,India,Paid Search,Enterprise,10,4,1,6,1,1,2025-11-29,0,56.31,0
U07807,2025-06-26,Free,Germany,Paid Search,SMB,8,2,0,3,0,1,2025-12-17,0,73.47,0
U07808,2025-03-27,Pro,India,Partner,Mid-Market,11,5,0,1,0,0,,79,55.1,869
U07809,2025-04-02,Free,India,Paid Search,Enterprise,11,7,1,3,0,1,2025-11-22,0,80.94,0
U07810,2025-02-18,Pro,Germany,Organic,Startup,14,6,4,3,0,0,,79,28.85,632
U07811,2025-10-05,Free,India,Partner,Startup,5,1,0,2,0,0,,0,72.2,0
U07812,2025-10-12,Pro,US,Content,SMB,13,5,2,8,0,0,,79,27.45,948
U07813,2025-07-13,Pro,US,Partner,SMB,11,4,1,6,0,0,,79,81.0,711
U07814,2025-05-06,Free,Germany,Referral,SMB,7,4,1,2,1,1,2026-01-07,0,31.2,0
U07815,2025-05-21,Pro,US,Organic,Enterprise,10,7,2,5,0,0,,79,35.37,632
U07816,2025-03-30,Pro,India,Content,SMB,11,8,0,3,0,1,2025-11-11,79,24.99,632
U07817,2025-09-17,Free,Australia,Content,Startup,17,2,3,4,0,1,2025-11-15,0,28.35,0
U07818,2025-02-03,Pro,India,Partner,Startup,11,6,0,7,0,0,,79,75.91,1027
U07819,2025-01-30,Business,US,Referral,SMB,21,10,0,10,0,0,,249,14.39,3486
U07820,2025-09-29,Business,US,Partner,Mid-Market,13,10,1,8,1,0,,249,46.31,2739
U07821,2025-03-20,Free,US,Organic,SMB,7,4,0,2,0,0,,0,38.8,0
U07822,2025-01-31,Free,US,Referral,Mid-Market,9,4,1,3,0,0,,0,31.84,0
U07823,2025-01-17,Free,India,Partner,Enterprise,8,6,2,3,0,0,,0,68.45,0
U07824,2025-07-19,Pro,India,Organic,Startup,15,8,0,2,0,0,,79,43.85,632
U07825,2025-07-01,Pro,India,Content,Startup,11,5,1,4,0,0,,79,36.61,948
U07826,2025-02-26,Pro,Canada,Content,Startup,9,3,1,4,0,0,,79,30.27,1027
U07827,2025-09-22,Pro,US,Organic,Startup,11,6,0,6,1,1,2026-05-24,79,22.07,632
U07828,2025-03-29,Free,US,Referral,Enterprise,10,2,3,2,0,1,2026-01-04,0,49.01,0
U07829,2025-05-05,Pro,Canada,Referral,SMB,13,8,2,4,1,0,,79,34.98,711
U07830,2025-08-09,Free,US,Organic,SMB,10,3,2,6,0,0,,0,43.35,0
U07831,2025-04-01,Pro,Germany,Referral,Mid-Market,6,5,2,4,0,1,2025-06-15,79,58.1,158
U07832,2025-08-27,Business,UK,Referral,Startup,18,7,0,6,1,0,,249,13.22,2739
U07833,2025-02-09,Pro,Germany,Organic,Startup,11,5,0,5,0,0,,79,35.43,1106
U07834,2025-03-20,Business,India,Organic,Startup,11,8,0,10,1,0,,249,24.1,3237
U07835,2025-08-19,Pro,Germany,Paid Search,Mid-Market,10,8,1,5,0,1,2025-10-13,79,84.41,158
U07836,2025-03-17,Free,India,Organic,SMB,6,7,2,2,0,1,2026-01-06,0,33.34,0
U07837,2025-06-22,Business,UK,Partner,Mid-Market,9,9,1,4,0,0,,249,55.1,3486
U07838,2025-03-31,Free,India,Referral,SMB,4,4,0,3,0,1,2025-12-15,0,20.82,0
U07839,2025-06-26,Free,US,Partner,Startup,5,2,2,3,0,0,,0,87.54,0
U07840,2025-06-08,Pro,US,Partner,Startup,9,8,0,3,0,0,,79,84.79,1106
U07841,2025-03-07,Pro,UK,Organic,Startup,10,6,0,6,0,0,,79,27.93,869
U07842,2025-06-21,Pro,UK,Content,Startup,11,5,1,5,0,0,,79,20.05,1106
U07843,2025-07-04,Free,Australia,Content,SMB,13,4,3,2,0,0,,0,26.85,0
U07844,2025-08-07,Pro,Germany,Paid Search,Mid-Market,12,5,2,8,0,0,,79,69.97,790
U07845,2025-10-13,Free,UK,Paid Search,SMB,9,2,1,3,0,0,,0,69.17,0
U07846,2025-02-01,Free,Canada,Organic,SMB,7,3,2,2,0,1,2025-09-09,0,38.13,0
U07847,2025-05-23,Free,India,Partner,Mid-Market,15,6,1,1,0,0,,0,74.9,0
U07848,2025-07-08,Pro,Canada,Organic,Mid-Market,15,9,0,5,1,0,,79,45.05,948
U07849,2025-02-23,Free,India,Paid Search,Enterprise,4,4,1,3,1,0,,0,54.1,0
U07850,2025-03-01,Free,US,Content,Enterprise,10,5,0,1,0,0,,0,41.0,0
U07851,2025-05-23,Free,US,Paid Search,SMB,11,4,4,2,0,0,,0,108.75,0
U07852,2025-03-15,Pro,Australia,Paid Search,SMB,10,6,2,3,0,1,2025-09-13,79,137.88,474
U07853,2025-10-22,Free,India,Paid Search,Startup,11,4,2,5,0,0,,0,108.84,0
U07854,2025-01-09,Pro,US,Paid Search,Startup,12,6,0,7,0,0,,79,107.7,790
U07855,2025-04-29,Pro,UK,Referral,Startup,15,7,1,5,0,0,,79,33.17,711
U07856,2025-01-11,Pro,US,Organic,Startup,10,3,1,6,1,0,,79,53.38,790
U07857,2025-03-12,Free,India,Organic,Startup,8,3,2,2,0,1,2025-12-29,0,44.01,0
U07858,2025-05-05,Pro,UK,Paid Search,Mid-Market,20,6,1,2,0,0,,79,104.71,869
U07859,2025-04-11,Free,US,Referral,SMB,11,3,1,2,0,1,2025-09-09,0,36.35,0
U07860,2025-05-03,Free,India,Organic,Startup,11,4,0,2,0,1,2025-06-24,0,52.19,0
U07861,2025-01-16,Pro,India,Partner,SMB,12,1,0,7,0,0,,79,88.65,790
U07862,2025-03-04,Free,India,Content,Mid-Market,7,1,1,2,0,1,2025-04-05,0,18.71,0
U07863,2025-08-06,Pro,India,Paid Search,Enterprise,12,4,1,4,0,1,2026-06-20,79,98.02,869
U07864,2025-10-22,Pro,India,Organic,Startup,10,7,0,5,0,0,,79,34.54,1106
U07865,2025-10-06,Free,Australia,Paid Search,Startup,13,1,0,2,0,0,,0,91.15,0
U07866,2025-09-29,Free,India,Organic,Enterprise,6,6,0,3,0,0,,0,21.21,0
U07867,2025-07-18,Free,Germany,Organic,Mid-Market,5,2,0,2,0,0,,0,42.82,0
U07868,2025-07-16,Pro,US,Paid Search,SMB,8,6,3,5,1,0,,79,104.58,790
U07869,2025-09-14,Pro,US,Partner,Startup,11,7,1,6,1,0,,79,59.64,948
U07870,2025-02-26,Business,US,Paid Search,Mid-Market,13,8,1,8,1,0,,249,108.0,2988
U07871,2025-01-21,Free,UK,Organic,SMB,5,4,0,3,0,0,,0,38.53,0
U07872,2025-04-21,Free,Germany,Organic,SMB,12,1,2,3,0,0,,0,36.65,0
U07873,2025-02-25,Free,Germany,Referral,Enterprise,11,5,1,2,1,0,,0,30.08,0
U07874,2025-06-25,Pro,India,Paid Search,SMB,16,8,0,1,0,0,,79,90.02,1027
U07875,2025-06-15,Free,UK,Paid Search,Mid-Market,1,5,0,1,0,0,,0,92.78,0
U07876,2025-01-10,Business,India,Organic,SMB,16,8,1,9,0,0,,249,33.62,3237
U07877,2025-06-17,Free,US,Referral,Startup,5,1,0,5,0,1,2025-12-08,0,25.03,0
U07878,2025-03-28,Pro,US,Referral,Startup,8,7,1,6,0,1,2025-06-16,79,47.98,237
U07879,2025-02-10,Business,US,Content,Mid-Market,29,6,2,6,1,1,2025-11-19,249,35.87,2241
U07880,2025-03-13,Business,India,Content,Mid-Market,16,10,0,11,0,1,2025-05-01,249,37.72,498
U07881,2025-03-21,Pro,Canada,Organic,Startup,12,5,0,3,0,0,,79,30.09,632
U07882,2025-01-14,Free,US,Organic,Startup,7,4,1,1,0,0,,0,26.66,0
U07883,2025-05-04,Free,India,Organic,Mid-Market,13,1,2,3,0,1,2026-01-29,0,46.67,0
U07884,2025-05-15,Free,US,Partner,Enterprise,11,4,2,5,0,0,,0,48.5,0
U07885,2025-03-18,Free,UK,Organic,Startup,7,6,1,4,0,1,2025-11-20,0,37.72,0
U07886,2025-09-21,Business,India,Organic,SMB,16,9,2,5,1,1,2026-03-19,249,19.18,1494
U07887,2025-04-09,Pro,UK,Organic,Mid-Market,9,7,1,6,0,1,2025-11-01,79,42.85,553
U07888,2025-04-26,Pro,India,Organic,Mid-Market,8,5,1,4,0,1,2026-03-08,79,30.33,869
U07889,2025-02-19,Free,US,Referral,Mid-Market,6,2,1,2,0,1,2025-03-29,0,36.69,0
U07890,2025-08-25,Pro,UK,Referral,Mid-Market,12,3,0,4,0,0,,79,47.0,948
U07891,2025-06-07,Free,Canada,Content,SMB,7,3,1,5,0,0,,0,48.06,0
U07892,2025-07-28,Free,India,Organic,Enterprise,6,3,2,3,0,0,,0,38.65,0
U07893,2025-01-18,Free,India,Content,SMB,10,2,1,1,0,1,2025-06-04,0,35.68,0
U07894,2025-06-19,Free,US,Referral,Startup,7,2,0,2,0,0,,0,38.8,0
U07895,2025-03-19,Pro,India,Paid Search,Startup,14,8,0,2,0,1,2025-10-09,79,97.71,553
U07896,2025-05-09,Free,India,Organic,Startup,11,3,2,2,0,0,,0,32.36,0
U07897,2025-08-10,Free,US,Organic,Startup,9,2,0,3,0,0,,0,20.41,0
U07898,2025-04-04,Free,UK,Paid Search,SMB,9,4,1,3,1,0,,0,104.99,0
U07899,2025-01-25,Pro,Canada,Paid Search,SMB,10,3,1,4,0,0,,79,91.07,1027
U07900,2025-08-27,Pro,India,Referral,SMB,13,7,5,4,1,0,,79,30.46,790
U07901,2025-06-13,Free,Canada,Organic,SMB,12,4,2,2,0,0,,0,52.52,0
U07902,2025-03-27,Business,India,Content,Mid-Market,18,9,1,9,0,0,,249,41.93,3486
U07903,2025-09-07,Pro,US,Paid Search,SMB,10,8,2,4,1,0,,79,86.15,711
U07904,2025-01-10,Business,US,Referral,SMB,13,10,0,10,1,0,,249,33.73,2739
U07905,2025-03-11,Free,India,Organic,Mid-Market,5,3,2,2,0,1,2025-11-15,0,13.99,0
U07906,2025-07-07,Free,UK,Referral,Enterprise,8,3,2,3,0,0,,0,60.9,0
U07907,2025-09-18,Pro,US,Referral,SMB,12,6,0,3,1,0,,79,36.92,1106
U07908,2025-10-25,Business,Australia,Referral,Startup,20,7,3,9,0,0,,249,38.45,3486
U07909,2025-01-01,Free,US,Paid Search,Startup,8,3,1,2,0,1,2025-11-04,0,67.48,0
U07910,2025-08-06,Pro,India,Paid Search,SMB,14,6,1,5,0,0,,79,105.41,790
U07911,2025-06-16,Business,India,Partner,Startup,12,7,0,13,1,0,,249,82.65,2490
U07912,2025-05-15,Pro,Australia,Organic,SMB,13,7,6,4,0,0,,79,47.16,948
U07913,2025-06-25,Business,Germany,Paid Search,SMB,21,8,0,12,1,0,,249,111.93,2490
U07914,2025-09-16,Pro,UK,Referral,SMB,13,7,1,2,0,0,,79,49.77,948
U07915,2025-01-02,Business,UK,Paid Search,SMB,18,9,1,11,0,0,,249,72.61,3237
U07916,2025-09-17,Free,US,Partner,Startup,4,7,3,3,0,1,2025-11-05,0,94.13,0
U07917,2025-06-23,Business,India,Referral,SMB,14,9,3,8,1,0,,249,35.39,2490
U07918,2025-06-02,Free,US,Paid Search,Mid-Market,9,2,2,3,0,1,2025-07-18,0,84.66,0
U07919,2025-07-05,Free,Australia,Paid Search,Startup,8,3,1,2,0,1,2026-05-17,0,89.44,0
U07920,2025-04-20,Business,UK,Paid Search,SMB,14,7,2,6,0,0,,249,58.82,2988
U07921,2025-01-04,Pro,US,Partner,Startup,16,5,2,3,0,0,,79,69.44,1027
U07922,2025-02-28,Pro,UK,Paid Search,Mid-Market,14,5,2,4,0,0,,79,88.02,790
U07923,2025-09-17,Free,US,Paid Search,SMB,14,5,0,2,0,0,,0,102.6,0
U07924,2025-08-07,Business,US,Referral,SMB,12,7,0,10,1,0,,249,32.2,3486
U07925,2025-01-04,Pro,India,Paid Search,Startup,15,6,0,5,0,0,,79,75.22,869
U07926,2025-02-18,Free,UK,Paid Search,SMB,8,5,0,1,0,1,2025-11-23,0,123.55,0
U07927,2025-09-11,Free,India,Paid Search,Startup,7,6,0,2,0,0,,0,92.97,0
U07928,2025-03-19,Free,Germany,Paid Search,Startup,7,3,3,3,0,0,,0,107.32,0
U07929,2025-09-16,Pro,US,Content,Startup,20,5,3,3,1,1,2026-04-06,79,48.54,553
U07930,2025-07-05,Pro,US,Content,SMB,9,4,1,6,0,0,,79,15.86,790
U07931,2025-07-29,Pro,India,Partner,Startup,14,7,0,5,0,0,,79,43.14,790
U07932,2025-07-06,Free,India,Partner,SMB,13,4,1,2,1,0,,0,96.18,0
U07933,2025-05-22,Pro,India,Content,SMB,16,8,4,4,1,0,,79,46.89,869
U07934,2025-10-25,Free,US,Paid Search,Startup,10,2,1,1,0,1,2025-12-26,0,46.43,0
U07935,2025-10-23,Free,India,Organic,Startup,9,4,2,3,0,1,2025-12-25,0,31.7,0
U07936,2025-01-30,Pro,Australia,Organic,Startup,13,6,1,3,1,0,,79,33.78,790
U07937,2025-05-09,Free,US,Paid Search,Enterprise,13,3,0,2,0,0,,0,92.12,0
U07938,2025-07-09,Free,India,Content,Enterprise,9,3,0,2,0,0,,0,30.38,0
U07939,2025-02-13,Pro,US,Content,SMB,8,5,0,6,1,0,,79,31.1,711
U07940,2025-07-10,Pro,UK,Organic,Startup,14,6,1,6,1,0,,79,30.57,790
U07941,2025-01-03,Pro,India,Content,SMB,19,8,1,4,0,0,,79,23.74,1106
U07942,2025-05-28,Free,US,Organic,Startup,8,5,2,4,0,0,,0,46.28,0
U07943,2025-04-27,Business,India,Organic,Mid-Market,18,9,1,11,0,0,,249,42.51,3237
U07944,2025-06-27,Pro,US,Paid Search,Startup,19,9,1,8,0,1,2025-09-27,79,94.74,237
U07945,2025-03-30,Pro,US,Content,Startup,16,7,0,1,1,0,,79,26.43,790
U07946,2025-07-18,Pro,Australia,Content,SMB,16,5,1,3,0,0,,79,43.48,1027
U07947,2025-06-18,Business,US,Paid Search,Startup,13,8,1,8,1,0,,249,91.95,2241
U07948,2025-10-14,Pro,India,Partner,SMB,10,7,0,4,0,0,,79,80.51,869
U07949,2025-08-15,Pro,US,Referral,SMB,16,4,0,6,0,0,,79,54.3,869
U07950,2025-05-01,Free,Canada,Organic,Mid-Market,8,6,0,3,0,0,,0,30.62,0
U07951,2025-07-05,Free,US,Content,SMB,13,7,1,1,1,0,,0,12.53,0
U07952,2025-04-06,Free,UK,Content,SMB,6,3,1,3,0,0,,0,25.91,0
U07953,2025-05-28,Free,UK,Organic,Mid-Market,10,5,2,2,0,0,,0,29.23,0
U07954,2025-03-17,Pro,Canada,Referral,Startup,20,3,0,6,0,0,,79,48.83,869
U07955,2025-07-07,Free,Canada,Referral,Mid-Market,13,1,0,2,0,1,2026-01-13,0,31.59,0
U07956,2025-01-22,Free,India,Organic,Mid-Market,3,3,0,2,0,1,2025-11-17,0,19.37,0
U07957,2025-06-25,Free,Germany,Organic,Startup,15,4,1,2,0,1,2025-11-24,0,44.98,0
U07958,2025-08-23,Pro,US,Content,SMB,14,6,0,5,0,0,,79,20.03,869
U07959,2025-05-17,Free,Australia,Content,SMB,11,3,1,3,1,0,,0,45.85,0
U07960,2025-04-09,Free,India,Partner,Startup,7,6,0,3,0,1,2025-05-20,0,84.07,0
U07961,2025-06-17,Pro,India,Paid Search,Mid-Market,12,6,0,7,0,0,,79,125.83,790
U07962,2025-06-11,Business,Canada,Referral,SMB,13,8,0,5,0,0,,249,23.93,3237
U07963,2025-01-24,Free,UK,Paid Search,Enterprise,11,5,1,3,0,1,2025-10-01,0,121.45,0
U07964,2025-07-18,Free,US,Referral,SMB,9,6,0,2,0,1,2026-04-09,0,57.01,0
U07965,2025-03-28,Business,US,Paid Search,SMB,9,8,2,10,0,1,2025-07-30,249,82.05,996
U07966,2025-04-09,Pro,US,Paid Search,SMB,11,9,3,6,0,0,,79,65.88,711
U07967,2025-08-01,Free,UK,Content,Mid-Market,8,4,0,3,0,0,,0,28.75,0
U07968,2025-06-21,Free,UK,Paid Search,Mid-Market,7,2,3,3,0,1,2026-03-14,0,109.82,0
U07969,2025-07-03,Free,UK,Paid Search,SMB,10,3,7,2,1,1,2026-04-16,0,114.84,0
U07970,2025-05-22,Pro,India,Organic,SMB,15,6,1,8,0,0,,79,31.55,948
U07971,2025-09-28,Business,US,Referral,Mid-Market,12,8,2,3,0,0,,249,37.5,2241
U07972,2025-03-07,Free,UK,Organic,Mid-Market,6,4,1,5,0,0,,0,46.66,0
U07973,2025-08-31,Pro,UK,Paid Search,Mid-Market,12,6,1,4,1,0,,79,122.9,869
U07974,2025-03-16,Business,Germany,Organic,Startup,16,9,2,7,1,0,,249,26.98,2988
U07975,2025-09-02,Pro,Germany,Partner,SMB,12,5,1,7,1,0,,79,86.72,1027
U07976,2025-09-08,Pro,Germany,Paid Search,SMB,20,6,0,5,1,0,,79,93.48,869
U07977,2025-01-04,Free,US,Referral,SMB,8,5,1,2,0,0,,0,18.9,0
U07978,2025-06-14,Free,India,Organic,Mid-Market,6,5,0,2,0,1,2026-01-02,0,35.33,0
U07979,2025-05-31,Free,India,Organic,Mid-Market,16,5,3,1,0,0,,0,44.71,0
U07980,2025-05-02,Pro,US,Organic,SMB,10,5,2,7,0,0,,79,39.7,711
U07981,2025-03-10,Free,India,Referral,Enterprise,6,2,2,2,1,0,,0,26.93,0
U07982,2025-01-30,Pro,US,Referral,Mid-Market,14,6,0,3,0,0,,79,33.79,1027
U07983,2025-03-10,Free,US,Paid Search,SMB,11,4,2,3,0,1,2025-06-06,0,115.24,0
U07984,2025-02-01,Pro,US,Partner,Startup,14,7,1,4,1,0,,79,89.55,790
U07985,2025-09-10,Pro,US,Referral,Startup,9,6,5,5,0,0,,79,31.54,790
U07986,2025-04-17,Pro,UK,Content,SMB,16,6,3,5,1,0,,79,21.78,1027
U07987,2025-05-20,Pro,UK,Referral,Startup,11,5,1,4,0,0,,79,36.67,1106
U07988,2025-07-12,Free,US,Partner,SMB,8,1,4,5,0,0,,0,70.48,0
U07989,2025-07-02,Free,US,Content,Mid-Market,10,2,2,3,1,0,,0,40.85,0
U07990,2025-02-06,Pro,India,Paid Search,Mid-Market,16,7,5,1,1,1,2025-08-08,79,75.43,474
U07991,2025-10-20,Pro,India,Content,Mid-Market,8,3,3,3,0,1,2026-06-19,79,27.43,632
U07992,2025-07-23,Pro,Canada,Referral,SMB,14,5,1,5,1,0,,79,26.92,790
U07993,2025-07-07,Pro,Australia,Paid Search,Mid-Market,11,6,0,6,1,0,,79,89.2,948
U07994,2025-01-12,Free,Canada,Referral,SMB,10,2,0,2,1,1,2025-09-24,0,42.89,0
U07995,2025-09-07,Pro,US,Paid Search,Mid-Market,11,5,1,6,0,0,,79,113.87,948
U07996,2025-06-27,Free,US,Content,SMB,8,3,2,1,0,1,2025-09-25,0,32.12,0
U07997,2025-07-10,Free,India,Organic,Enterprise,8,5,1,2,0,0,,0,42.31,0
U07998,2025-04-17,Free,Canada,Referral,Startup,10,3,1,1,0,0,,0,32.58,0
U07999,2025-07-10,Pro,India,Content,Startup,15,11,2,4,1,0,,79,28.39,1027
U08000,2025-01-12,Business,US,Content,SMB,11,11,1,12,0,0,,249,36.45,2988
U08001,2025-03-08,Free,India,Paid Search,Mid-Market,11,2,3,3,0,0,,0,95.66,0
U08002,2025-09-14,Business,Canada,Paid Search,SMB,13,9,0,7,1,0,,249,134.16,3237
U08003,2025-06-17,Free,India,Paid Search,Mid-Market,7,3,2,2,0,1,2026-01-05,0,108.31,0
U08004,2025-04-09,Free,Australia,Organic,SMB,8,3,1,1,0,0,,0,38.46,0
U08005,2025-08-17,Free,India,Paid Search,SMB,7,7,0,4,0,0,,0,95.61,0
U08006,2025-10-14,Pro,Canada,Content,Mid-Market,11,8,1,1,1,0,,79,29.25,790
U08007,2025-07-05,Free,Canada,Content,SMB,10,2,0,3,0,0,,0,35.51,0
U08008,2025-01-07,Pro,US,Content,Mid-Market,16,6,1,6,0,0,,79,47.47,869
U08009,2025-08-01,Pro,Australia,Paid Search,Startup,12,8,1,6,1,0,,79,111.93,711
U08010,2025-08-21,Business,India,Organic,Startup,14,10,0,9,1,0,,249,26.54,3486
U08011,2025-06-28,Business,India,Organic,Mid-Market,16,6,1,9,1,1,2025-09-29,249,35.07,747
U08012,2025-10-24,Free,India,Paid Search,SMB,10,2,4,2,0,0,,0,108.56,0
U08013,2025-07-04,Business,UK,Partner,SMB,13,9,0,9,1,0,,249,74.58,2739
U08014,2025-05-20,Pro,Canada,Content,SMB,12,9,0,3,0,0,,79,33.39,790
U08015,2025-04-23,Pro,Germany,Organic,Mid-Market,7,10,1,6,1,1,2025-10-27,79,35.24,474
U08016,2025-06-23,Free,UK,Referral,SMB,9,2,0,3,0,1,2025-12-10,0,46.17,0
U08017,2025-01-27,Pro,Germany,Organic,Mid-Market,13,8,2,4,0,0,,79,9.86,1027
U08018,2025-07-04,Free,US,Partner,SMB,9,2,0,1,0,0,,0,97.79,0
U08019,2025-06-14,Free,India,Paid Search,SMB,7,5,3,6,0,1,2025-11-14,0,80.88,0
U08020,2025-03-06,Free,Germany,Organic,SMB,5,3,0,2,0,0,,0,38.23,0
U08021,2025-04-18,Pro,US,Partner,SMB,8,5,3,5,0,1,2026-02-19,79,59.9,790
U08022,2025-08-13,Free,US,Organic,Startup,8,4,2,3,0,1,2026-03-11,0,30.61,0
U08023,2025-06-29,Free,US,Partner,Startup,6,8,0,4,0,0,,0,47.08,0
U08024,2025-09-03,Pro,US,Organic,SMB,14,2,1,6,0,0,,79,29.98,711
U08025,2025-09-17,Pro,UK,Organic,SMB,13,9,3,2,0,0,,79,25.28,1106
U08026,2025-09-26,Free,US,Referral,SMB,7,4,0,6,0,1,2026-03-19,0,64.46,0
U08027,2025-05-08,Pro,India,Organic,SMB,10,8,0,6,0,0,,79,43.91,711
U08028,2025-07-26,Free,Germany,Partner,Mid-Market,9,2,0,2,0,1,2026-04-14,0,59.3,0
U08029,2025-04-24,Free,India,Paid Search,Startup,8,4,1,1,0,0,,0,113.18,0
U08030,2025-02-12,Free,India,Organic,SMB,13,4,2,3,0,1,2025-09-22,0,34.71,0
U08031,2025-08-10,Pro,US,Organic,Startup,8,8,2,2,0,0,,79,19.69,790
U08032,2025-02-01,Free,India,Organic,SMB,12,5,1,3,0,0,,0,30.6,0
U08033,2025-05-25,Free,India,Referral,Startup,13,1,2,2,1,1,2026-02-03,0,11.0,0
U08034,2025-04-25,Free,US,Referral,Startup,4,2,1,2,1,1,2025-11-11,0,34.65,0
U08035,2025-08-15,Business,UK,Organic,SMB,17,7,0,9,1,0,,249,32.22,2739
U08036,2025-07-17,Free,Canada,Paid Search,Startup,10,3,1,5,1,0,,0,84.82,0
U08037,2025-10-21,Free,UK,Organic,SMB,13,6,0,1,0,0,,0,30.93,0
U08038,2025-03-11,Free,US,Organic,SMB,3,2,1,3,0,0,,0,62.66,0
U08039,2025-02-16,Free,Canada,Content,Startup,7,4,1,2,0,0,,0,29.16,0
U08040,2025-07-23,Pro,US,Organic,SMB,10,6,0,7,0,0,,79,35.64,1027
U08041,2025-03-10,Pro,UK,Organic,Startup,17,4,2,5,0,0,,79,43.41,869
U08042,2025-06-12,Free,Canada,Content,Startup,14,5,0,4,0,1,2025-08-03,0,27.76,0
U08043,2025-07-30,Free,US,Content,Startup,15,2,1,2,0,0,,0,41.17,0
U08044,2025-06-23,Pro,India,Partner,Mid-Market,15,8,0,1,0,0,,79,85.94,790
U08045,2025-04-09,Pro,India,Content,Enterprise,12,8,2,3,1,0,,79,38.01,869
U08046,2025-07-02,Free,US,Organic,Startup,9,3,2,2,0,0,,0,25.15,0
U08047,2025-02-17,Free,India,Referral,Startup,14,4,1,2,0,0,,0,15.07,0
U08048,2025-09-14,Free,India,Referral,Mid-Market,5,3,3,2,0,0,,0,11.63,0
U08049,2025-05-10,Pro,India,Paid Search,SMB,19,6,1,4,0,1,2025-11-23,79,83.82,553
U08050,2025-10-27,Free,US,Paid Search,Startup,7,4,0,2,0,1,2026-01-16,0,124.53,0
U08051,2025-06-07,Free,US,Organic,SMB,15,1,3,1,0,0,,0,19.55,0
U08052,2025-01-25,Free,Australia,Organic,Startup,4,3,0,1,0,0,,0,33.32,0
U08053,2025-05-08,Free,India,Paid Search,Mid-Market,15,3,2,2,0,1,2025-11-22,0,117.31,0
U08054,2025-09-21,Free,UK,Organic,Mid-Market,5,4,1,3,0,0,,0,23.41,0
U08055,2025-07-18,Free,US,Referral,Startup,6,2,1,2,0,1,2026-02-18,0,50.47,0
U08056,2025-10-21,Pro,US,Content,Mid-Market,15,5,1,6,0,0,,79,53.39,1027
U08057,2025-01-10,Business,UK,Paid Search,SMB,13,9,1,5,0,0,,249,73.18,2241
U08058,2025-03-19,Free,India,Partner,Startup,11,3,0,2,0,1,2025-08-09,0,66.84,0
U08059,2025-05-09,Business,India,Referral,SMB,19,9,2,6,1,0,,249,40.19,2241
U08060,2025-01-23,Pro,US,Paid Search,Startup,11,5,2,6,1,0,,79,79.35,1106
U08061,2025-01-03,Pro,UK,Paid Search,Startup,15,8,0,1,0,0,,79,81.08,948
U08062,2025-03-02,Free,US,Referral,Startup,11,2,1,2,0,0,,0,36.43,0
U08063,2025-08-08,Free,US,Organic,SMB,15,2,0,4,0,0,,0,48.17,0
U08064,2025-04-22,Business,US,Organic,Startup,6,13,0,8,0,0,,249,15.87,2988
U08065,2025-01-14,Free,India,Referral,Mid-Market,19,3,2,1,0,1,2025-04-18,0,34.88,0
U08066,2025-07-08,Pro,India,Paid Search,SMB,13,7,1,5,0,0,,79,84.97,632
U08067,2025-04-28,Free,US,Content,Enterprise,10,2,2,1,1,1,2025-12-08,0,31.8,0
U08068,2025-06-09,Business,US,Partner,Startup,16,8,2,8,0,0,,249,55.03,3237
U08069,2025-05-20,Free,India,Organic,SMB,10,3,0,2,0,1,2025-07-25,0,24.12,0
U08070,2025-03-03,Pro,UK,Referral,Startup,15,5,2,4,1,0,,79,32.68,948
U08071,2025-08-06,Pro,Canada,Content,Startup,11,7,3,7,0,0,,79,39.59,1027
U08072,2025-01-24,Free,India,Organic,Enterprise,11,7,0,3,0,1,2025-07-07,0,39.31,0
U08073,2025-04-27,Free,US,Referral,Mid-Market,8,3,1,1,0,0,,0,35.42,0
U08074,2025-01-08,Business,Australia,Paid Search,Mid-Market,19,9,0,7,0,0,,249,105.66,2490
U08075,2025-06-21,Free,US,Referral,Enterprise,7,2,3,3,0,1,2026-02-23,0,29.44,0
U08076,2025-07-31,Free,UK,Content,Startup,10,7,3,2,0,0,,0,28.39,0
U08077,2025-01-29,Pro,US,Content,Mid-Market,12,5,0,6,1,0,,79,39.91,1027
U08078,2025-05-31,Business,India,Referral,SMB,18,7,0,3,0,0,,249,47.77,2739
U08079,2025-07-15,Free,UK,Partner,Mid-Market,9,5,1,3,0,0,,0,55.06,0
U08080,2025-03-26,Pro,Australia,Organic,SMB,11,5,1,5,0,0,,79,24.81,1027
U08081,2025-02-02,Business,US,Referral,Mid-Market,11,7,1,11,0,0,,249,50.18,2490
U08082,2025-06-02,Pro,Germany,Organic,Startup,20,4,0,6,0,0,,79,45.95,948
U08083,2025-09-03,Pro,US,Organic,Startup,15,8,2,4,0,0,,79,39.16,1106
U08084,2025-02-28,Pro,India,Content,Mid-Market,13,7,1,2,0,1,2025-06-28,79,17.83,316
U08085,2025-10-01,Free,US,Partner,SMB,6,5,2,2,0,0,,0,72.75,0
U08086,2025-07-22,Pro,Australia,Partner,SMB,13,5,3,3,0,0,,79,78.22,790
U08087,2025-02-28,Free,US,Organic,Mid-Market,10,1,0,2,0,0,,0,22.56,0
U08088,2025-04-20,Free,India,Partner,Mid-Market,12,1,1,4,0,0,,0,71.75,0
U08089,2025-04-03,Pro,US,Content,Startup,12,7,0,4,1,0,,79,21.04,948
U08090,2025-06-12,Business,UK,Organic,Mid-Market,14,10,0,13,1,0,,249,31.11,2739
U08091,2025-09-29,Business,India,Paid Search,SMB,15,11,1,8,0,0,,249,93.14,2739
U08092,2025-04-07,Free,Germany,Partner,SMB,9,1,1,4,0,1,2026-01-22,0,95.12,0
U08093,2025-03-30,Free,India,Paid Search,SMB,9,4,0,1,0,0,,0,115.53,0
U08094,2025-08-14,Free,Australia,Organic,Startup,9,6,2,2,0,0,,0,24.29,0
U08095,2025-02-09,Free,India,Organic,Startup,8,3,0,3,0,0,,0,44.1,0
U08096,2025-10-01,Free,Canada,Organic,Startup,12,2,2,1,0,0,,0,43.44,0
U08097,2025-08-18,Pro,Germany,Organic,Startup,11,8,0,4,0,1,2026-04-25,79,24.11,632
U08098,2025-05-05,Business,Canada,Content,Mid-Market,16,8,2,8,1,0,,249,36.5,2739
U08099,2025-01-27,Pro,Canada,Paid Search,SMB,7,6,1,8,0,0,,79,114.78,1106
U08100,2025-08-07,Pro,Germany,Referral,SMB,9,6,3,5,0,0,,79,39.14,711
U08101,2025-01-11,Free,Canada,Content,Startup,8,2,2,4,1,0,,0,26.08,0
U08102,2025-04-10,Free,India,Organic,SMB,6,5,1,3,1,0,,0,47.14,0
U08103,2025-06-23,Business,US,Content,Mid-Market,13,8,2,11,0,1,2025-12-14,249,21.03,1494
U08104,2025-03-05,Pro,Canada,Content,Startup,17,4,2,4,0,0,,79,39.52,869
U08105,2025-01-03,Business,India,Organic,Startup,15,11,1,7,1,0,,249,30.76,3486
U08106,2025-02-04,Pro,US,Referral,SMB,9,4,0,4,0,0,,79,26.66,1106
U08107,2025-02-20,Free,India,Content,Mid-Market,12,4,2,2,0,0,,0,40.32,0
U08108,2025-07-21,Free,Germany,Paid Search,Mid-Market,4,4,3,3,0,0,,0,159.22,0
U08109,2025-06-19,Pro,Germany,Paid Search,Startup,15,6,0,3,0,0,,79,101.81,1027
U08110,2025-09-26,Free,US,Organic,Startup,6,2,0,3,0,1,2026-06-19,0,32.86,0
U08111,2025-01-29,Free,India,Paid Search,SMB,12,3,1,2,0,0,,0,96.4,0
U08112,2025-04-04,Pro,India,Partner,Enterprise,12,11,3,4,0,1,2025-10-15,79,58.71,474
U08113,2025-08-23,Free,US,Organic,Mid-Market,6,6,1,2,0,0,,0,49.78,0
U08114,2025-05-15,Pro,India,Content,SMB,11,5,0,3,1,0,,79,38.91,1106
U08115,2025-08-19,Free,India,Partner,Startup,13,3,2,1,0,1,2026-02-01,0,58.56,0
U08116,2025-05-26,Business,US,Partner,Startup,18,10,1,10,1,0,,249,58.62,3486
U08117,2025-09-20,Business,US,Partner,SMB,12,9,1,6,0,0,,249,78.46,2988
U08118,2025-03-13,Pro,Canada,Organic,Enterprise,13,4,1,3,1,0,,79,31.77,869
U08119,2025-06-26,Pro,Australia,Organic,SMB,11,3,1,4,0,0,,79,40.33,1106
U08120,2025-09-19,Pro,US,Partner,Mid-Market,10,7,0,7,1,0,,79,59.79,1106
U08121,2025-10-17,Free,US,Organic,Startup,10,1,2,4,0,0,,0,37.61,0
U08122,2025-07-05,Pro,UK,Content,Startup,15,8,1,4,0,1,2026-05-18,79,32.62,869
U08123,2025-02-20,Pro,India,Content,Enterprise,15,5,2,6,1,0,,79,38.42,948
U08124,2025-08-17,Pro,India,Organic,SMB,16,8,0,6,0,0,,79,29.48,948
U08125,2025-03-03,Free,US,Content,SMB,10,5,5,2,0,0,,0,27.03,0
U08126,2025-06-21,Pro,Australia,Organic,Startup,9,4,1,4,1,0,,79,29.63,869
U08127,2025-02-23,Free,Germany,Content,SMB,14,7,1,2,0,1,2025-05-15,0,24.79,0
U08128,2025-06-27,Pro,India,Organic,Mid-Market,8,7,1,6,0,0,,79,5.0,869
U08129,2025-08-03,Pro,India,Partner,SMB,11,7,2,5,0,0,,79,59.16,1106
U08130,2025-07-31,Free,US,Paid Search,Mid-Market,6,3,0,3,0,1,2026-02-02,0,126.37,0
U08131,2025-07-10,Free,US,Paid Search,Startup,5,3,1,2,0,1,2025-11-26,0,97.52,0
U08132,2025-10-17,Pro,India,Organic,Mid-Market,10,7,1,3,0,0,,79,30.54,711
U08133,2025-10-10,Free,India,Referral,Startup,11,2,2,1,0,1,2025-12-10,0,28.49,0
U08134,2025-08-29,Business,India,Organic,Mid-Market,14,8,1,6,0,0,,249,29.21,2739
U08135,2025-06-26,Free,Australia,Organic,Mid-Market,11,2,1,1,0,0,,0,34.6,0
U08136,2025-07-20,Business,US,Organic,Startup,12,8,0,3,1,0,,249,37.74,3237
U08137,2025-02-12,Free,Canada,Organic,SMB,16,3,1,2,1,0,,0,44.67,0
U08138,2025-08-26,Pro,UK,Partner,Mid-Market,9,6,1,6,0,0,,79,55.28,711
U08139,2025-03-18,Free,US,Organic,Startup,9,4,0,2,0,0,,0,29.27,0
U08140,2025-05-17,Free,India,Paid Search,Startup,12,6,2,3,0,0,,0,100.15,0
U08141,2025-07-17,Free,Germany,Content,SMB,7,2,1,1,0,1,2026-01-12,0,36.26,0
U08142,2025-10-05,Free,US,Referral,Startup,10,1,3,3,1,0,,0,23.68,0
U08143,2025-02-09,Pro,US,Organic,SMB,10,6,0,3,0,0,,79,51.21,948
U08144,2025-03-03,Pro,India,Referral,Startup,16,7,0,6,0,0,,79,34.52,948
U08145,2025-10-21,Pro,UK,Referral,Startup,10,8,1,3,1,0,,79,30.64,948
U08146,2025-06-20,Pro,India,Referral,Startup,6,7,2,5,0,0,,79,28.08,711
U08147,2025-10-16,Pro,India,Paid Search,SMB,21,5,1,5,0,0,,79,52.47,1027
U08148,2025-10-02,Free,US,Partner,Startup,4,1,2,3,0,1,2026-08-01,0,55.69,0
U08149,2025-07-27,Pro,Australia,Paid Search,Mid-Market,14,5,1,2,1,0,,79,56.21,790
U08150,2025-02-02,Pro,India,Partner,Mid-Market,14,9,3,3,0,0,,79,67.4,948
U08151,2025-02-12,Pro,India,Content,SMB,17,6,2,8,0,0,,79,37.21,790
U08152,2025-03-05,Pro,Canada,Organic,SMB,15,5,0,3,0,0,,79,35.25,1106
U08153,2025-10-25,Free,Australia,Organic,Mid-Market,7,1,0,5,0,0,,0,32.1,0
U08154,2025-05-15,Free,US,Content,Enterprise,11,1,0,4,0,0,,0,41.33,0
U08155,2025-07-27,Free,India,Paid Search,SMB,13,2,4,3,0,1,2026-05-24,0,64.19,0
U08156,2025-09-30,Free,UK,Paid Search,SMB,8,4,0,4,1,0,,0,102.47,0
U08157,2025-01-24,Pro,India,Referral,Mid-Market,22,8,0,3,0,0,,79,22.26,1106
U08158,2025-04-25,Business,UK,Paid Search,SMB,15,7,1,9,1,1,2025-11-10,249,100.97,1743
U08159,2025-01-17,Free,Australia,Content,SMB,7,1,4,3,0,0,,0,52.26,0
U08160,2025-05-14,Pro,US,Partner,Startup,12,8,1,3,0,1,2025-09-12,79,64.52,316
U08161,2025-03-19,Free,Germany,Referral,SMB,9,3,1,3,0,0,,0,45.34,0
U08162,2025-01-31,Free,India,Referral,Mid-Market,12,2,1,2,0,0,,0,41.56,0
U08163,2025-03-08,Free,US,Organic,SMB,13,4,1,2,0,0,,0,37.68,0
U08164,2025-10-20,Free,UK,Paid Search,SMB,8,3,2,2,0,1,2025-12-29,0,89.76,0
U08165,2025-02-27,Free,Germany,Content,Startup,10,3,1,3,0,0,,0,39.12,0
U08166,2025-08-20,Free,US,Content,Startup,5,4,2,2,0,1,2026-05-22,0,42.38,0
U08167,2025-03-29,Business,India,Organic,Startup,14,11,1,10,1,0,,249,30.91,2241
U08168,2025-07-05,Free,India,Organic,SMB,10,3,2,5,0,0,,0,28.93,0
U08169,2025-03-18,Free,India,Paid Search,SMB,12,4,3,2,0,1,2026-01-11,0,111.71,0
U08170,2025-07-18,Pro,Australia,Paid Search,Enterprise,14,6,0,3,0,0,,79,79.9,711
U08171,2025-02-19,Pro,Canada,Referral,SMB,13,5,1,4,1,1,2025-04-26,79,48.66,158
U08172,2025-07-11,Free,India,Paid Search,Startup,7,6,0,2,0,0,,0,89.75,0
U08173,2025-10-06,Free,UK,Paid Search,Mid-Market,8,4,2,2,0,1,2026-03-12,0,74.06,0
U08174,2025-09-04,Pro,India,Paid Search,SMB,8,7,0,2,0,0,,79,100.09,632
U08175,2025-07-30,Pro,US,Paid Search,Startup,8,8,0,3,0,0,,79,81.54,948
U08176,2025-05-15,Free,US,Organic,Enterprise,7,1,0,2,0,1,2025-09-04,0,61.75,0
U08177,2025-01-14,Pro,US,Content,SMB,7,5,2,4,0,0,,79,42.36,1027
U08178,2025-10-04,Free,US,Organic,SMB,10,4,3,2,0,0,,0,31.74,0
U08179,2025-02-05,Free,US,Referral,Mid-Market,7,4,3,2,0,0,,0,52.12,0
U08180,2025-03-16,Business,India,Referral,Startup,14,7,1,8,0,1,2025-09-23,249,25.27,1494
U08181,2025-03-08,Pro,UK,Content,SMB,16,6,0,4,0,0,,79,35.85,948
U08182,2025-03-03,Free,US,Paid Search,SMB,13,6,4,4,0,0,,0,61.32,0
U08183,2025-01-15,Free,India,Referral,Mid-Market,6,3,0,3,1,0,,0,37.37,0
U08184,2025-09-13,Free,India,Referral,SMB,4,3,2,4,1,1,2026-03-15,0,23.23,0
U08185,2025-07-11,Free,Canada,Paid Search,Startup,10,4,3,1,0,1,2026-01-11,0,89.09,0
U08186,2025-04-21,Free,India,Organic,SMB,12,3,3,2,0,1,2025-10-10,0,63.81,0
U08187,2025-10-14,Free,US,Paid Search,Startup,10,5,1,2,0,1,2026-05-23,0,108.32,0
U08188,2025-03-31,Pro,India,Partner,Startup,14,7,0,5,0,0,,79,77.22,948
U08189,2025-07-27,Pro,UK,Content,SMB,14,9,1,6,0,1,2025-08-29,79,40.42,79
U08190,2025-02-11,Free,Germany,Paid Search,Startup,4,1,2,3,0,0,,0,112.75,0
U08191,2025-04-02,Free,Canada,Content,Enterprise,5,4,0,2,0,0,,0,34.83,0
U08192,2025-09-05,Business,US,Paid Search,SMB,19,4,1,5,0,0,,249,92.82,2241
U08193,2025-06-16,Free,India,Content,Startup,12,3,2,2,0,0,,0,28.58,0
U08194,2025-09-11,Business,India,Organic,Startup,13,7,1,12,1,0,,249,47.11,3237
U08195,2025-10-11,Pro,India,Partner,SMB,11,6,1,4,1,0,,79,81.39,948
U08196,2025-07-24,Free,India,Organic,SMB,11,2,1,1,0,0,,0,22.07,0
U08197,2025-06-11,Pro,UK,Content,Mid-Market,20,6,0,3,0,1,2026-04-09,79,54.96,790
U08198,2025-09-02,Business,UK,Organic,Mid-Market,13,7,1,7,1,0,,249,43.13,3237
U08199,2025-03-05,Free,US,Organic,Startup,5,2,1,4,0,0,,0,31.34,0
U08200,2025-09-14,Free,Canada,Content,Startup,13,2,0,2,0,0,,0,34.51,0
U08201,2025-09-08,Free,Australia,Organic,Startup,3,5,1,1,0,0,,0,35.87,0
U08202,2025-01-12,Free,US,Content,Mid-Market,7,5,2,4,0,1,2025-10-24,0,28.9,0
U08203,2025-05-03,Free,Canada,Paid Search,Startup,14,6,1,5,0,0,,0,132.19,0
U08204,2025-06-15,Free,US,Organic,SMB,13,1,2,2,0,1,2026-03-03,0,43.15,0
U08205,2025-03-02,Business,US,Paid Search,Startup,17,7,1,5,1,0,,249,84.39,2988
U08206,2025-08-27,Free,Germany,Referral,Startup,6,3,0,5,0,0,,0,45.64,0
U08207,2025-02-15,Free,UK,Content,Startup,4,2,1,4,0,1,2025-06-26,0,33.03,0
U08208,2025-09-14,Business,India,Referral,Startup,18,9,0,14,1,0,,249,31.39,3237
U08209,2025-07-20,Free,US,Organic,Mid-Market,12,1,0,4,0,1,2025-10-27,0,16.6,0
U08210,2025-07-16,Free,Canada,Paid Search,SMB,5,2,3,2,0,0,,0,105.16,0
U08211,2025-07-17,Business,Australia,Referral,Startup,20,10,2,8,1,0,,249,38.29,3237
U08212,2025-04-27,Business,Australia,Content,Mid-Market,11,9,0,10,0,0,,249,26.99,2739
U08213,2025-03-26,Free,US,Content,Startup,9,4,0,3,0,0,,0,33.36,0
U08214,2025-08-05,Free,US,Referral,SMB,10,1,3,2,0,1,2025-12-20,0,53.77,0
U08215,2025-06-08,Pro,Australia,Organic,Mid-Market,11,7,0,8,0,1,2026-04-28,79,40.3,869
U08216,2025-08-02,Free,US,Paid Search,Mid-Market,4,3,2,3,0,0,,0,111.69,0
U08217,2025-10-16,Pro,US,Paid Search,Startup,12,4,1,5,0,0,,79,106.08,632
U08218,2025-02-21,Free,US,Paid Search,Startup,8,3,2,2,0,1,2025-04-21,0,117.47,0
U08219,2025-09-17,Free,US,Content,Mid-Market,11,5,3,3,0,1,2026-02-15,0,42.71,0
U08220,2025-03-17,Business,US,Organic,Enterprise,12,10,2,10,1,1,2025-06-25,249,45.86,747
U08221,2025-03-02,Free,Canada,Organic,Mid-Market,7,1,2,4,0,1,2025-04-08,0,31.9,0
U08222,2025-05-16,Pro,Germany,Organic,SMB,13,6,1,6,0,0,,79,32.38,869
U08223,2025-07-25,Free,Canada,Content,SMB,4,3,1,1,0,1,2026-03-20,0,45.49,0
U08224,2025-09-27,Pro,Australia,Referral,Startup,12,3,1,10,0,0,,79,21.43,869
U08225,2025-02-28,Pro,India,Organic,SMB,17,10,1,5,1,1,2025-09-13,79,38.91,553
U08226,2025-04-15,Free,India,Content,SMB,4,2,1,2,0,1,2025-07-31,0,25.49,0
U08227,2025-01-01,Pro,Germany,Organic,Startup,10,6,2,6,0,0,,79,39.34,790
U08228,2025-05-17,Free,UK,Partner,Startup,7,6,2,1,0,0,,0,82.11,0
U08229,2025-05-23,Free,India,Organic,Startup,5,2,1,2,0,1,2025-09-25,0,33.69,0
U08230,2025-07-10,Pro,Germany,Partner,Startup,12,7,1,6,1,0,,79,96.02,1106
U08231,2025-05-06,Free,US,Organic,SMB,8,2,3,1,0,1,2025-12-05,0,38.43,0
U08232,2025-07-26,Free,India,Paid Search,SMB,11,2,5,2,0,1,2026-02-26,0,106.15,0
U08233,2025-08-19,Pro,India,Organic,Enterprise,18,7,3,3,0,0,,79,28.74,1106
U08234,2025-03-28,Free,Germany,Organic,SMB,9,4,1,4,0,0,,0,43.45,0
U08235,2025-03-01,Free,India,Organic,SMB,5,3,2,3,0,0,,0,33.9,0
U08236,2025-01-23,Free,US,Partner,Startup,3,3,2,3,0,1,2025-04-25,0,59.87,0
U08237,2025-04-27,Free,India,Partner,Enterprise,5,3,0,1,0,1,2025-06-17,0,61.18,0
U08238,2025-09-19,Free,Canada,Paid Search,Mid-Market,7,3,1,4,0,1,2025-12-14,0,105.71,0
U08239,2025-05-02,Pro,Germany,Organic,SMB,7,8,2,1,0,0,,79,34.75,948
U08240,2025-01-19,Free,US,Content,SMB,14,4,0,2,0,0,,0,36.46,0
U08241,2025-01-08,Free,US,Paid Search,Enterprise,8,4,2,2,0,1,2025-03-27,0,75.63,0
U08242,2025-10-12,Business,Germany,Referral,Startup,16,10,0,12,0,0,,249,46.55,3237
U08243,2025-08-12,Free,Canada,Referral,SMB,3,2,4,2,0,1,2026-03-21,0,32.66,0
U08244,2025-04-03,Free,US,Organic,SMB,4,3,4,1,1,0,,0,37.36,0
U08245,2025-10-19,Business,India,Paid Search,SMB,9,9,2,13,1,0,,249,52.73,2988
U08246,2025-03-30,Pro,US,Organic,Startup,10,4,1,3,0,0,,79,22.24,1027
U08247,2025-01-19,Free,India,Partner,Startup,5,1,4,2,0,1,2025-09-06,0,49.77,0
U08248,2025-04-17,Free,US,Partner,SMB,8,4,5,2,0,0,,0,65.68,0
U08249,2025-02-16,Free,US,Referral,SMB,7,1,1,2,0,1,2025-12-08,0,40.21,0
U08250,2025-01-19,Pro,India,Partner,SMB,16,8,1,4,0,0,,79,81.63,711
U08251,2025-03-02,Free,UK,Organic,Mid-Market,12,7,1,2,0,1,2025-06-30,0,34.38,0
U08252,2025-08-06,Free,UK,Partner,Startup,6,5,1,3,0,1,2026-03-21,0,73.6,0
U08253,2025-08-08,Pro,Canada,Content,SMB,13,5,3,4,1,0,,79,38.16,1106
U08254,2025-07-16,Pro,India,Paid Search,Mid-Market,13,9,2,3,1,0,,79,79.84,869
U08255,2025-05-01,Free,UK,Organic,Startup,11,3,3,4,0,1,2025-12-12,0,21.88,0
U08256,2025-02-18,Free,Germany,Referral,SMB,9,6,1,4,0,0,,0,32.74,0
U08257,2025-08-21,Free,US,Partner,SMB,11,4,1,4,0,1,2026-01-05,0,50.46,0
U08258,2025-02-15,Free,US,Referral,Mid-Market,10,5,1,3,1,0,,0,43.09,0
U08259,2025-03-23,Pro,India,Referral,SMB,19,5,1,2,1,0,,79,39.48,1027
U08260,2025-07-26,Pro,Canada,Organic,Startup,17,7,1,7,1,0,,79,37.34,711
U08261,2025-09-23,Free,Germany,Organic,SMB,8,2,1,2,0,1,2026-04-13,0,30.25,0
U08262,2025-10-07,Pro,India,Content,SMB,19,3,2,1,0,0,,79,57.05,869
U08263,2025-03-30,Free,US,Paid Search,Startup,10,1,0,4,0,0,,0,88.83,0
U08264,2025-04-12,Pro,Germany,Paid Search,Enterprise,14,9,1,3,0,0,,79,108.02,1027
U08265,2025-09-11,Free,Germany,Content,Startup,8,1,1,3,0,0,,0,43.19,0
U08266,2025-08-28,Pro,US,Organic,SMB,10,9,1,5,0,1,2026-03-19,79,49.59,553
U08267,2025-09-11,Pro,Germany,Referral,Startup,11,5,2,6,0,0,,79,25.26,948
U08268,2025-06-09,Pro,US,Referral,SMB,11,4,0,4,0,0,,79,43.11,1106
U08269,2025-04-23,Pro,India,Referral,SMB,17,6,1,4,0,1,2025-06-13,79,40.48,158
U08270,2025-01-27,Free,US,Partner,Mid-Market,6,2,2,4,0,0,,0,59.48,0
U08271,2025-04-29,Pro,UK,Paid Search,Startup,14,7,2,2,0,0,,79,106.71,869
U08272,2025-01-06,Free,UK,Content,Startup,12,4,1,2,0,0,,0,48.84,0
U08273,2025-08-20,Free,India,Content,SMB,13,3,0,6,0,0,,0,35.23,0
U08274,2025-08-22,Pro,Germany,Organic,Enterprise,12,8,0,7,1,0,,79,26.06,948
U08275,2025-09-19,Business,India,Organic,Startup,13,7,0,6,1,0,,249,32.18,2988
U08276,2025-09-10,Free,US,Organic,Startup,9,3,1,3,0,0,,0,39.58,0
U08277,2025-06-05,Pro,India,Content,SMB,6,9,1,8,0,0,,79,27.46,711
U08278,2025-06-07,Free,Canada,Organic,Mid-Market,11,1,1,2,0,0,,0,47.6,0
U08279,2025-02-04,Pro,US,Organic,Startup,13,5,2,4,0,0,,79,30.37,711
U08280,2025-06-22,Business,India,Referral,SMB,12,9,0,9,0,0,,249,31.39,2739
U08281,2025-08-30,Pro,US,Content,Startup,20,7,0,2,1,0,,79,41.99,711
U08282,2025-05-23,Pro,India,Paid Search,SMB,14,6,3,5,1,0,,79,90.54,1027
U08283,2025-08-12,Pro,US,Partner,Startup,9,5,1,6,0,0,,79,92.5,632
U08284,2025-03-06,Free,Canada,Partner,Startup,14,3,3,3,0,1,2025-12-10,0,76.04,0
U08285,2025-07-06,Business,India,Organic,Startup,19,7,0,5,0,1,2025-08-06,249,22.95,249
U08286,2025-07-10,Free,Australia,Partner,SMB,11,7,1,1,0,0,,0,79.15,0
U08287,2025-07-17,Business,US,Partner,Mid-Market,15,7,1,8,0,0,,249,73.35,2988
U08288,2025-04-25,Free,India,Partner,Mid-Market,7,5,1,2,0,0,,0,76.88,0
U08289,2025-07-01,Free,US,Referral,Startup,12,1,0,4,0,1,2025-12-11,0,37.85,0
U08290,2025-02-23,Free,Germany,Organic,SMB,5,4,2,1,0,0,,0,25.94,0
U08291,2025-05-31,Free,India,Partner,SMB,5,4,2,3,0,0,,0,54.72,0
U08292,2025-04-24,Free,Australia,Organic,Mid-Market,8,2,5,1,0,1,2025-09-24,0,28.26,0
U08293,2025-06-02,Business,US,Organic,Startup,13,12,1,6,1,0,,249,20.72,2739
U08294,2025-06-30,Free,Germany,Paid Search,Mid-Market,5,4,0,2,0,0,,0,73.53,0
U08295,2025-05-31,Free,India,Referral,Startup,4,3,2,2,0,1,2025-09-27,0,31.43,0
U08296,2025-01-10,Free,UK,Referral,Startup,8,3,2,1,0,1,2025-05-30,0,48.48,0
U08297,2025-03-06,Business,US,Paid Search,Startup,10,8,0,7,1,0,,249,106.02,2739
U08298,2025-10-16,Free,US,Content,SMB,10,2,0,2,0,0,,0,41.04,0
U08299,2025-10-13,Pro,India,Organic,Startup,24,4,1,4,0,0,,79,38.44,1106
U08300,2025-05-08,Free,US,Paid Search,SMB,7,5,1,2,0,1,2025-11-20,0,65.13,0
U08301,2025-01-17,Free,Germany,Content,Enterprise,5,5,4,3,0,0,,0,49.31,0
U08302,2025-05-27,Pro,UK,Organic,SMB,17,6,2,2,0,0,,79,32.94,632
U08303,2025-07-15,Free,Canada,Organic,Mid-Market,5,3,5,3,0,1,2025-12-25,0,28.42,0
U08304,2025-05-27,Free,Australia,Organic,Startup,13,3,0,2,0,1,2026-02-24,0,25.86,0
U08305,2025-07-23,Pro,Canada,Paid Search,SMB,16,7,0,6,1,0,,79,109.64,1106
U08306,2025-03-07,Pro,Australia,Organic,Startup,10,6,2,2,0,0,,79,47.27,1027
U08307,2025-01-12,Free,India,Organic,Mid-Market,13,1,1,2,1,0,,0,34.95,0
U08308,2025-05-25,Free,India,Paid Search,Startup,7,1,1,2,0,1,2026-01-22,0,77.85,0
U08309,2025-08-17,Free,India,Organic,Enterprise,8,1,0,3,1,1,2025-12-28,0,27.67,0
U08310,2025-04-26,Free,Canada,Referral,SMB,3,3,2,1,0,0,,0,47.87,0
U08311,2025-04-23,Free,India,Organic,Mid-Market,14,2,2,2,0,1,2026-02-10,0,42.31,0
U08312,2025-04-08,Free,US,Content,Enterprise,9,3,3,2,0,1,2025-10-01,0,38.36,0
U08313,2025-08-23,Pro,Canada,Organic,SMB,17,7,1,8,0,0,,79,40.39,1027
U08314,2025-07-07,Free,Germany,Content,SMB,11,6,0,3,0,0,,0,28.55,0
U08315,2025-03-26,Free,Australia,Referral,Mid-Market,9,1,2,2,0,1,2025-08-04,0,47.83,0
U08316,2025-07-09,Pro,US,Paid Search,Enterprise,16,5,1,4,1,0,,79,94.74,948
U08317,2025-10-27,Free,India,Organic,SMB,12,4,1,5,0,0,,0,28.36,0
U08318,2025-05-21,Free,Germany,Organic,Startup,9,4,2,2,0,1,2026-03-22,0,33.02,0
U08319,2025-01-22,Pro,Canada,Organic,Mid-Market,12,7,1,4,0,0,,79,29.76,948
U08320,2025-09-15,Free,US,Content,SMB,9,6,0,3,0,0,,0,54.06,0
U08321,2025-10-27,Pro,US,Paid Search,SMB,12,1,3,2,0,0,,79,81.54,948
U08322,2025-06-08,Free,US,Referral,Startup,12,1,2,4,0,1,2025-12-17,0,19.54,0
U08323,2025-03-06,Pro,UK,Organic,Mid-Market,10,5,0,7,0,0,,79,28.05,1027
U08324,2025-08-28,Pro,India,Content,Startup,10,4,0,6,0,0,,79,44.87,1106
U08325,2025-02-23,Free,India,Referral,SMB,10,5,3,3,0,0,,0,34.15,0
U08326,2025-06-09,Free,Canada,Referral,Mid-Market,9,4,3,4,0,0,,0,41.03,0
U08327,2025-01-24,Business,Germany,Content,Enterprise,15,7,0,12,0,0,,249,34.59,2490
U08328,2025-05-16,Free,US,Partner,SMB,6,1,0,1,0,0,,0,56.95,0
U08329,2025-01-19,Pro,Canada,Paid Search,SMB,14,6,3,5,0,1,2025-11-02,79,120.1,790
U08330,2025-08-25,Pro,India,Referral,Enterprise,9,8,4,5,0,1,2026-03-24,79,35.87,553
U08331,2025-03-07,Free,Canada,Organic,Mid-Market,9,3,0,2,0,0,,0,31.35,0
U08332,2025-06-13,Pro,India,Organic,Startup,13,3,2,5,1,0,,79,37.37,1027
U08333,2025-09-28,Free,Germany,Content,SMB,10,7,1,3,0,0,,0,32.6,0
U08334,2025-10-08,Business,UK,Content,Mid-Market,11,8,1,5,1,1,2026-07-31,249,39.02,2490
U08335,2025-09-23,Free,US,Paid Search,Startup,11,4,1,3,1,0,,0,71.06,0
U08336,2025-08-07,Free,India,Organic,Mid-Market,3,6,0,2,0,0,,0,42.91,0
U08337,2025-06-16,Free,UK,Paid Search,Mid-Market,11,3,2,5,0,0,,0,94.05,0
U08338,2025-09-19,Free,US,Organic,Mid-Market,8,1,3,3,0,0,,0,42.33,0
U08339,2025-03-05,Free,Australia,Organic,SMB,14,4,1,4,0,1,2026-01-11,0,41.7,0
U08340,2025-07-23,Free,Australia,Organic,Enterprise,8,2,1,1,0,0,,0,29.35,0
U08341,2025-04-06,Free,UK,Partner,SMB,11,1,0,2,0,1,2026-01-12,0,69.53,0
U08342,2025-07-22,Pro,UK,Content,Enterprise,15,10,0,3,0,0,,79,44.07,1027
U08343,2025-08-21,Free,US,Content,SMB,13,3,0,2,0,1,2025-10-17,0,35.76,0
U08344,2025-04-28,Free,India,Organic,Mid-Market,8,1,0,1,0,0,,0,33.52,0
U08345,2025-08-17,Pro,UK,Organic,SMB,6,7,0,4,0,0,,79,18.82,790
U08346,2025-08-31,Pro,India,Paid Search,Mid-Market,14,7,1,4,0,0,,79,106.46,1106
U08347,2025-04-23,Free,Canada,Organic,Startup,9,1,1,4,1,0,,0,50.49,0
U08348,2025-09-26,Pro,Australia,Content,Startup,11,9,0,6,0,0,,79,30.42,790
U08349,2025-09-20,Pro,Canada,Referral,Startup,12,7,0,4,0,0,,79,23.09,1027
U08350,2025-04-09,Pro,US,Content,Startup,14,6,1,3,1,1,2025-12-13,79,44.34,632
U08351,2025-09-14,Free,US,Organic,Startup,11,2,1,1,0,0,,0,33.97,0
U08352,2025-02-04,Free,Germany,Content,SMB,8,3,1,4,0,1,2025-10-20,0,28.02,0
U08353,2025-09-25,Free,US,Paid Search,Startup,10,1,3,1,0,0,,0,92.9,0
U08354,2025-01-07,Free,India,Organic,Mid-Market,8,3,2,3,0,1,2025-10-28,0,35.88,0
U08355,2025-01-14,Pro,India,Paid Search,Mid-Market,22,7,0,4,0,1,2025-03-23,79,96.16,158
U08356,2025-02-19,Pro,Canada,Content,SMB,5,4,1,2,0,0,,79,46.37,1106
U08357,2025-04-11,Pro,UK,Referral,Mid-Market,16,6,2,7,0,0,,79,35.82,632
U08358,2025-04-19,Free,UK,Partner,Mid-Market,5,5,3,2,0,1,2025-12-26,0,75.5,0
U08359,2025-02-14,Pro,India,Content,Startup,15,7,0,3,1,0,,79,32.7,1027
U08360,2025-02-11,Free,Germany,Paid Search,SMB,10,7,2,5,0,0,,0,87.81,0
U08361,2025-03-02,Free,Canada,Paid Search,Startup,9,4,0,5,0,0,,0,127.45,0
U08362,2025-03-28,Free,Australia,Paid Search,Startup,7,1,3,3,0,0,,0,78.76,0
U08363,2025-10-15,Free,Germany,Paid Search,Startup,9,2,2,2,0,0,,0,79.99,0
U08364,2025-07-07,Pro,India,Paid Search,Startup,12,7,1,9,0,0,,79,114.52,790
U08365,2025-08-06,Free,India,Referral,SMB,7,4,1,3,0,0,,0,49.97,0
U08366,2025-02-06,Free,Germany,Referral,Mid-Market,7,2,0,2,0,1,2025-03-22,0,31.65,0
U08367,2025-07-26,Free,US,Partner,Enterprise,9,2,2,2,0,0,,0,52.25,0
U08368,2025-06-08,Pro,US,Paid Search,Mid-Market,16,7,1,7,0,0,,79,98.2,948
U08369,2025-08-14,Free,US,Paid Search,Enterprise,8,4,3,2,0,0,,0,88.14,0
U08370,2025-09-19,Pro,UK,Organic,SMB,17,6,0,6,1,0,,79,36.15,711
U08371,2025-07-26,Free,India,Organic,SMB,9,2,2,7,0,1,2026-04-29,0,43.11,0
U08372,2025-02-19,Free,India,Paid Search,Mid-Market,8,1,1,3,0,0,,0,97.09,0
U08373,2025-04-10,Business,UK,Organic,SMB,15,6,0,10,0,1,2025-10-28,249,8.37,1743
U08374,2025-01-04,Pro,US,Paid Search,Mid-Market,11,8,2,6,1,0,,79,124.11,790
U08375,2025-09-03,Free,India,Partner,SMB,3,1,1,1,0,0,,0,53.68,0
U08376,2025-07-23,Free,Germany,Paid Search,Startup,5,2,1,3,0,1,2026-03-16,0,101.47,0
U08377,2025-07-17,Pro,US,Organic,Mid-Market,19,7,3,6,1,0,,79,45.64,1106
U08378,2025-01-11,Free,Germany,Partner,SMB,11,6,2,2,0,0,,0,65.87,0
U08379,2025-07-10,Free,US,Partner,Startup,16,6,0,2,0,1,2026-05-07,0,73.77,0
U08380,2025-07-31,Free,India,Partner,Startup,11,3,2,3,0,0,,0,51.28,0
U08381,2025-10-07,Free,Canada,Organic,Startup,12,6,1,2,1,0,,0,28.7,0
U08382,2025-07-09,Free,Canada,Paid Search,Startup,4,2,0,4,0,1,2025-08-08,0,79.68,0
U08383,2025-04-06,Free,US,Content,SMB,7,1,3,1,0,1,2025-08-10,0,33.2,0
U08384,2025-01-19,Free,India,Paid Search,Startup,5,4,0,4,0,0,,0,109.7,0
U08385,2025-09-09,Pro,Germany,Referral,Startup,9,5,1,5,1,1,2026-02-16,79,35.93,395
U08386,2025-07-31,Pro,UK,Organic,Startup,16,7,1,6,1,0,,79,35.3,711
U08387,2025-03-11,Pro,India,Content,Mid-Market,11,5,1,3,1,1,2025-06-21,79,47.06,237
U08388,2025-08-07,Free,India,Organic,Mid-Market,15,4,3,4,0,1,2026-04-26,0,21.6,0
U08389,2025-04-20,Free,Australia,Paid Search,Startup,11,3,1,3,0,1,2025-10-04,0,62.72,0
U08390,2025-06-05,Free,Australia,Partner,Startup,8,7,2,2,0,1,2026-02-02,0,64.09,0
U08391,2025-03-17,Free,Canada,Organic,Enterprise,6,6,1,3,0,0,,0,28.89,0
U08392,2025-10-27,Free,US,Organic,Mid-Market,11,2,3,1,1,1,2026-06-29,0,20.65,0
U08393,2025-07-04,Free,India,Referral,Startup,8,4,1,2,0,1,2026-05-25,0,41.66,0
U08394,2025-02-27,Free,India,Paid Search,Startup,8,6,1,1,0,1,2025-07-16,0,121.56,0
U08395,2025-07-13,Free,UK,Referral,Mid-Market,12,1,0,2,0,0,,0,26.82,0
U08396,2025-09-02,Pro,UK,Content,SMB,11,3,0,4,0,0,,79,42.79,869
U08397,2025-05-15,Free,Canada,Referral,Startup,8,3,2,2,0,1,2025-07-24,0,53.84,0
U08398,2025-07-15,Pro,UK,Paid Search,Startup,6,5,3,4,1,0,,79,110.88,1027
U08399,2025-01-20,Free,India,Organic,SMB,9,3,3,1,0,0,,0,46.74,0
U08400,2025-01-18,Pro,Germany,Referral,SMB,8,6,1,3,0,1,2025-07-30,79,28.11,474
U08401,2025-02-26,Free,Australia,Paid Search,SMB,6,7,3,5,0,1,2025-06-11,0,111.08,0
U08402,2025-08-31,Free,US,Organic,Enterprise,6,4,2,3,0,0,,0,38.88,0
U08403,2025-09-11,Free,India,Organic,Mid-Market,7,2,2,1,0,1,2026-01-28,0,47.47,0
U08404,2025-06-17,Pro,US,Organic,SMB,10,8,2,5,1,0,,79,37.72,711
U08405,2025-09-04,Free,US,Referral,Enterprise,10,5,1,4,0,0,,0,29.39,0
U08406,2025-03-17,Free,Germany,Organic,Startup,9,1,2,4,0,1,2025-12-05,0,46.88,0
U08407,2025-02-07,Pro,India,Referral,Startup,10,5,1,5,0,0,,79,21.35,948
U08408,2025-10-09,Free,Australia,Referral,Startup,7,3,1,6,0,0,,0,41.36,0
U08409,2025-01-18,Pro,Australia,Referral,Startup,19,4,2,6,0,0,,79,38.43,790
U08410,2025-07-11,Pro,UK,Partner,Startup,18,7,1,4,0,0,,79,52.54,869
U08411,2025-01-22,Free,US,Organic,Startup,12,6,1,3,1,0,,0,45.77,0
U08412,2025-05-01,Pro,Australia,Organic,SMB,12,7,0,3,0,1,2025-09-14,79,33.6,395
U08413,2025-10-12,Pro,India,Content,Startup,15,5,0,6,0,0,,79,37.74,1027
U08414,2025-08-26,Pro,UK,Referral,Startup,13,7,1,3,1,0,,79,38.48,1027
U08415,2025-04-09,Business,India,Content,Enterprise,15,12,1,6,1,0,,249,34.69,2490
U08416,2025-06-15,Free,UK,Organic,Enterprise,6,5,1,2,0,1,2025-08-01,0,47.41,0
U08417,2025-04-14,Pro,India,Paid Search,SMB,11,7,1,6,0,0,,79,113.06,790
U08418,2025-07-29,Pro,Canada,Content,Mid-Market,16,4,0,3,1,0,,79,35.47,948
U08419,2025-05-14,Free,US,Organic,Startup,8,4,3,4,0,0,,0,26.87,0
U08420,2025-09-28,Free,India,Partner,Mid-Market,10,2,1,3,0,0,,0,57.44,0
U08421,2025-01-09,Pro,Germany,Partner,Startup,12,3,0,5,0,0,,79,54.07,711
U08422,2025-10-07,Free,Canada,Organic,SMB,10,1,1,3,0,1,2026-08-31,0,35.28,0
U08423,2025-05-18,Pro,US,Paid Search,Startup,13,6,0,9,0,0,,79,110.92,790
U08424,2025-02-11,Business,US,Referral,SMB,12,11,2,3,1,0,,249,23.69,2988
U08425,2025-05-10,Free,India,Referral,Startup,9,2,3,1,0,1,2025-08-08,0,31.73,0
U08426,2025-06-25,Free,India,Organic,Mid-Market,8,5,0,5,0,0,,0,38.41,0
U08427,2025-06-01,Business,Canada,Organic,Mid-Market,16,12,1,8,0,1,2025-08-29,249,42.2,747
U08428,2025-04-26,Pro,UK,Paid Search,Startup,10,7,1,6,0,1,2025-10-05,79,95.87,395
U08429,2025-07-04,Pro,US,Organic,SMB,13,6,3,4,1,0,,79,6.12,948
U08430,2025-05-19,Pro,India,Content,Startup,18,8,0,4,0,0,,79,41.62,1106
U08431,2025-04-10,Pro,Australia,Referral,SMB,13,8,1,3,0,1,2026-01-06,79,34.45,711
U08432,2025-01-14,Business,UK,Referral,SMB,19,6,1,10,1,0,,249,38.5,2739
U08433,2025-07-05,Free,India,Organic,SMB,2,2,3,1,0,1,2025-10-06,0,36.14,0
U08434,2025-02-09,Free,Canada,Content,Mid-Market,7,2,3,1,0,0,,0,34.03,0
U08435,2025-01-17,Pro,India,Paid Search,SMB,7,7,2,3,1,0,,79,82.65,948
U08436,2025-09-06,Pro,Canada,Organic,Mid-Market,11,8,0,8,0,0,,79,36.43,632
U08437,2025-02-15,Pro,Germany,Partner,SMB,10,6,3,5,0,0,,79,38.98,869
U08438,2025-08-22,Pro,US,Content,SMB,20,6,0,6,0,0,,79,40.58,711
U08439,2025-10-19,Free,India,Referral,SMB,7,6,0,3,0,0,,0,39.19,0
U08440,2025-02-19,Pro,US,Organic,Startup,10,5,3,4,1,1,2025-05-28,79,34.79,237
U08441,2025-09-12,Pro,India,Content,SMB,6,5,2,6,1,0,,79,33.88,1027
U08442,2025-08-01,Free,Germany,Organic,SMB,10,5,0,2,0,0,,0,48.15,0
U08443,2025-06-25,Free,Canada,Organic,SMB,7,1,0,1,0,0,,0,46.14,0
U08444,2025-05-31,Free,Germany,Organic,SMB,10,1,7,2,0,1,2025-09-07,0,41.7,0
U08445,2025-05-14,Free,India,Organic,Startup,8,3,0,4,0,0,,0,42.36,0
U08446,2025-09-27,Free,US,Paid Search,Mid-Market,9,4,1,2,0,0,,0,91.04,0
U08447,2025-04-28,Pro,India,Organic,Startup,15,7,2,3,0,0,,79,48.32,711
U08448,2025-04-28,Pro,UK,Content,SMB,15,5,0,3,0,0,,79,36.13,1106
U08449,2025-05-12,Pro,US,Referral,Mid-Market,15,6,2,4,0,0,,79,42.46,1106
U08450,2025-04-03,Pro,India,Content,Startup,14,6,1,2,0,0,,79,27.16,1027
U08451,2025-05-07,Free,US,Paid Search,Enterprise,5,3,2,2,0,1,2025-12-01,0,77.98,0
U08452,2025-01-08,Free,Germany,Paid Search,SMB,7,4,0,3,1,0,,0,73.08,0
U08453,2025-03-22,Pro,India,Content,Startup,13,6,0,4,0,0,,79,35.33,790
U08454,2025-03-15,Free,UK,Organic,Startup,7,4,0,3,0,0,,0,36.07,0
U08455,2025-03-03,Free,US,Paid Search,Mid-Market,5,3,4,3,0,1,2025-08-17,0,84.32,0
U08456,2025-01-03,Free,Germany,Partner,Startup,9,4,0,1,0,0,,0,60.29,0
U08457,2025-04-05,Free,India,Content,Startup,4,2,3,4,0,1,2025-09-11,0,41.9,0
U08458,2025-05-23,Free,Australia,Referral,SMB,10,1,1,2,0,0,,0,33.3,0
U08459,2025-03-14,Free,US,Paid Search,Enterprise,6,2,5,2,0,1,2025-11-03,0,92.26,0
U08460,2025-03-31,Free,US,Paid Search,SMB,10,1,1,1,0,0,,0,74.88,0
U08461,2025-09-12,Free,US,Organic,Startup,5,1,0,2,0,0,,0,34.32,0
U08462,2025-05-05,Free,Germany,Paid Search,Startup,7,3,0,2,0,0,,0,120.37,0
U08463,2025-06-20,Business,US,Organic,Mid-Market,20,9,2,4,1,0,,249,34.49,2241
U08464,2025-02-21,Business,US,Content,Startup,16,12,0,9,0,0,,249,17.23,2739
U08465,2025-08-25,Business,US,Paid Search,SMB,13,9,1,12,0,0,,249,109.56,3237
U08466,2025-06-08,Pro,India,Content,Mid-Market,14,10,3,7,1,0,,79,46.36,790
U08467,2025-05-17,Free,India,Referral,Mid-Market,1,5,0,2,0,0,,0,29.55,0
U08468,2025-07-14,Pro,Australia,Organic,SMB,14,6,1,5,0,0,,79,57.44,1106
U08469,2025-07-23,Free,UK,Paid Search,SMB,8,3,3,1,0,1,2025-12-18,0,80.07,0
U08470,2025-04-16,Free,US,Referral,Mid-Market,12,7,2,1,0,0,,0,30.79,0
U08471,2025-02-11,Free,India,Organic,Startup,10,5,3,2,0,1,2025-03-22,0,30.85,0
U08472,2025-03-18,Free,Canada,Organic,SMB,5,2,2,3,0,1,2025-09-04,0,23.43,0
U08473,2025-04-20,Free,Australia,Organic,Mid-Market,4,3,1,6,0,0,,0,28.6,0
U08474,2025-07-29,Pro,India,Paid Search,Mid-Market,10,8,1,7,0,0,,79,56.74,1027
U08475,2025-07-25,Business,India,Organic,SMB,11,10,0,4,0,0,,249,38.09,2739
U08476,2025-08-31,Pro,Canada,Paid Search,Startup,14,4,2,3,1,0,,79,89.45,711
U08477,2025-08-14,Pro,India,Organic,Startup,16,8,0,3,0,0,,79,30.66,948
U08478,2025-04-26,Pro,Germany,Content,SMB,7,6,1,5,1,0,,79,33.1,1027
U08479,2025-06-13,Pro,US,Paid Search,SMB,12,6,2,2,0,0,,79,131.17,869
U08480,2025-08-01,Pro,US,Referral,SMB,14,6,0,3,1,0,,79,29.54,948
U08481,2025-03-05,Pro,India,Referral,SMB,14,6,3,5,0,0,,79,53.18,948
U08482,2025-10-13,Pro,Australia,Referral,SMB,9,6,0,4,0,0,,79,37.22,1027
U08483,2025-08-08,Free,US,Partner,Mid-Market,6,1,1,3,0,0,,0,66.52,0
U08484,2025-07-15,Pro,Canada,Paid Search,Mid-Market,14,4,1,3,0,0,,79,137.86,1027
U08485,2025-04-12,Free,US,Organic,SMB,9,1,1,1,0,0,,0,23.75,0
U08486,2025-09-06,Free,UK,Organic,Startup,7,2,0,4,0,0,,0,47.76,0
U08487,2025-02-22,Free,US,Organic,Startup,10,6,1,2,0,0,,0,44.2,0
U08488,2025-10-23,Business,US,Organic,Mid-Market,12,7,0,13,1,0,,249,30.6,2490
U08489,2025-05-30,Pro,Germany,Partner,SMB,13,5,1,5,0,0,,79,85.57,1027
U08490,2025-05-30,Free,UK,Referral,SMB,5,2,2,5,0,0,,0,25.0,0
U08491,2025-09-14,Free,US,Partner,Startup,8,6,1,3,0,0,,0,71.9,0
U08492,2025-10-20,Pro,Australia,Paid Search,Mid-Market,16,3,1,4,1,0,,79,83.72,948
U08493,2025-07-02,Free,UK,Referral,Mid-Market,6,1,1,1,1,0,,0,50.77,0
U08494,2025-02-18,Free,India,Content,Enterprise,8,5,2,3,0,0,,0,50.54,0
U08495,2025-09-09,Free,UK,Organic,Enterprise,10,5,0,4,0,1,2026-03-19,0,27.73,0
U08496,2025-06-17,Free,India,Referral,Mid-Market,10,4,2,4,1,0,,0,32.07,0
U08497,2025-07-14,Free,US,Content,Enterprise,7,5,1,3,0,0,,0,33.94,0
U08498,2025-05-24,Pro,US,Content,SMB,14,4,0,3,1,0,,79,29.05,711
U08499,2025-05-20,Business,India,Partner,Mid-Market,14,8,1,9,1,0,,249,60.8,3237
U08500,2025-05-29,Free,India,Content,Startup,7,6,0,2,1,0,,0,29.92,0
U08501,2025-04-20,Business,India,Organic,Mid-Market,16,7,0,8,1,0,,249,19.73,2988
U08502,2025-01-08,Pro,Germany,Partner,Startup,15,6,0,7,0,0,,79,58.84,869
U08503,2025-03-03,Free,Canada,Paid Search,Mid-Market,9,1,4,4,0,1,2025-07-19,0,81.83,0
U08504,2025-10-22,Free,Canada,Organic,Enterprise,10,1,0,3,0,0,,0,25.61,0
U08505,2025-08-04,Free,Australia,Organic,SMB,10,7,1,2,1,0,,0,38.7,0
U08506,2025-02-08,Free,UK,Partner,Startup,8,2,0,3,0,0,,0,73.51,0
U08507,2025-02-16,Free,India,Paid Search,Startup,9,5,1,2,0,0,,0,112.73,0
U08508,2025-02-03,Business,US,Paid Search,Startup,19,7,2,14,0,0,,249,111.4,2739
U08509,2025-03-29,Pro,Canada,Paid Search,Startup,18,8,0,4,0,0,,79,107.3,1027
U08510,2025-08-27,Free,India,Paid Search,Mid-Market,4,2,2,2,0,1,2026-03-12,0,52.35,0
U08511,2025-03-24,Pro,Germany,Organic,Enterprise,6,7,2,3,0,0,,79,37.85,632
U08512,2025-09-09,Business,Australia,Organic,Startup,14,10,1,8,1,0,,249,37.07,2490
U08513,2025-03-12,Pro,US,Paid Search,Mid-Market,8,6,3,10,0,0,,79,89.79,711
U08514,2025-04-29,Free,US,Paid Search,SMB,3,3,4,3,0,1,2025-10-28,0,134.15,0
U08515,2025-04-28,Pro,India,Content,Startup,12,6,1,3,0,0,,79,34.47,1106
U08516,2025-06-26,Free,US,Referral,Startup,10,5,0,1,0,0,,0,22.72,0
U08517,2025-09-04,Free,UK,Referral,Mid-Market,8,5,0,5,0,1,2025-11-27,0,30.42,0
U08518,2025-08-28,Free,Australia,Organic,Startup,8,2,5,5,0,1,2026-07-20,0,35.15,0
U08519,2025-04-20,Business,India,Content,Startup,11,5,0,8,0,0,,249,49.48,3237
U08520,2025-10-07,Free,UK,Organic,Enterprise,7,6,2,5,1,0,,0,22.03,0
U08521,2025-04-28,Pro,US,Organic,SMB,14,3,1,4,1,0,,79,24.97,948
U08522,2025-02-14,Pro,India,Organic,SMB,14,6,2,6,1,0,,79,41.19,948
U08523,2025-07-08,Pro,Germany,Organic,Startup,11,12,1,5,0,0,,79,48.54,1027
U08524,2025-08-03,Pro,India,Organic,Startup,12,5,0,7,0,0,,79,42.62,1027
U08525,2025-06-28,Pro,Canada,Organic,SMB,10,8,2,4,0,0,,79,44.29,948
U08526,2025-05-28,Pro,India,Partner,Mid-Market,12,8,2,5,1,1,2025-07-19,79,55.43,158
U08527,2025-02-03,Free,India,Partner,Startup,14,1,1,3,1,0,,0,73.08,0
U08528,2025-10-05,Business,UK,Paid Search,SMB,16,7,0,8,1,0,,249,81.49,2241
U08529,2025-08-02,Pro,India,Organic,SMB,16,7,0,4,0,0,,79,39.68,869
U08530,2025-06-08,Pro,UK,Organic,SMB,15,7,0,7,1,0,,79,37.44,632
U08531,2025-10-05,Free,Australia,Organic,Mid-Market,1,5,1,3,0,0,,0,55.73,0
U08532,2025-01-21,Free,US,Content,Mid-Market,9,5,4,1,1,0,,0,37.42,0
U08533,2025-07-20,Pro,US,Content,Mid-Market,18,4,0,3,0,0,,79,45.59,790
U08534,2025-10-18,Free,India,Organic,Mid-Market,7,7,0,1,0,0,,0,27.54,0
U08535,2025-05-12,Pro,Canada,Organic,SMB,13,7,2,2,0,0,,79,36.16,790
U08536,2025-10-11,Free,UK,Organic,SMB,3,1,1,5,0,1,2026-08-08,0,35.81,0
U08537,2025-01-03,Free,Australia,Paid Search,Mid-Market,8,3,4,2,0,1,2025-10-23,0,63.94,0
U08538,2025-01-30,Free,Germany,Partner,Mid-Market,12,2,1,2,1,0,,0,78.34,0
U08539,2025-05-04,Free,US,Organic,Mid-Market,3,4,1,3,0,0,,0,22.23,0
U08540,2025-02-26,Free,India,Referral,SMB,6,3,2,2,0,1,2025-06-05,0,40.71,0
U08541,2025-04-23,Free,UK,Paid Search,Enterprise,5,4,1,2,0,0,,0,66.42,0
U08542,2025-01-28,Business,US,Paid Search,Startup,12,9,0,8,0,0,,249,105.58,3237
U08543,2025-08-16,Free,India,Organic,Mid-Market,11,6,2,3,0,0,,0,38.73,0
U08544,2025-05-27,Pro,US,Partner,Mid-Market,9,6,0,5,1,0,,79,60.46,1027
U08545,2025-06-22,Free,India,Content,Mid-Market,12,2,0,1,1,0,,0,5.0,0
U08546,2025-02-06,Free,Canada,Referral,Startup,13,1,2,3,0,0,,0,32.72,0
U08547,2025-08-23,Business,UK,Organic,Startup,7,11,1,12,1,1,2026-02-23,249,39.54,1494
U08548,2025-09-14,Free,Canada,Content,SMB,13,3,1,3,0,0,,0,29.75,0
U08549,2025-10-01,Free,India,Content,Mid-Market,12,5,0,1,0,0,,0,46.27,0
U08550,2025-04-19,Free,India,Partner,Enterprise,11,1,2,3,0,1,2025-05-24,0,50.02,0
U08551,2025-04-19,Free,US,Organic,Startup,4,6,1,2,0,0,,0,28.66,0
U08552,2025-07-17,Free,India,Partner,Mid-Market,4,2,1,3,1,0,,0,73.61,0
U08553,2025-10-09,Pro,India,Content,SMB,11,7,1,3,0,0,,79,41.96,711
U08554,2025-06-21,Pro,India,Content,SMB,20,5,0,4,0,1,2025-09-04,79,27.72,158
U08555,2025-07-09,Free,India,Partner,SMB,9,2,1,1,0,0,,0,55.26,0
U08556,2025-10-11,Pro,US,Partner,SMB,14,10,0,4,0,1,2025-11-12,79,75.19,79
U08557,2025-09-04,Pro,US,Organic,Startup,8,4,1,5,0,1,2026-07-05,79,37.95,790
U08558,2025-09-12,Free,Germany,Paid Search,SMB,9,6,0,3,0,0,,0,98.32,0
U08559,2025-03-30,Free,Canada,Paid Search,Mid-Market,8,3,1,2,0,1,2025-08-18,0,67.93,0
U08560,2025-08-22,Free,India,Organic,Startup,6,3,1,1,0,1,2026-06-07,0,39.51,0
U08561,2025-05-25,Pro,US,Paid Search,SMB,4,5,1,4,0,0,,79,124.34,790
U08562,2025-01-05,Free,India,Content,Startup,5,5,2,2,0,0,,0,41.76,0
U08563,2025-02-18,Pro,US,Content,SMB,13,7,1,3,1,0,,79,40.64,790
U08564,2025-05-05,Free,US,Content,SMB,9,5,1,2,1,0,,0,34.96,0
U08565,2025-04-10,Pro,Germany,Organic,SMB,9,6,3,5,0,1,2025-11-05,79,48.87,553
U08566,2025-07-18,Free,India,Content,SMB,8,2,1,2,0,0,,0,66.13,0
U08567,2025-09-21,Free,UK,Content,Startup,9,1,2,4,0,1,2026-02-13,0,34.22,0
U08568,2025-05-12,Free,Germany,Referral,Mid-Market,10,2,2,1,0,0,,0,20.75,0
U08569,2025-05-06,Pro,Australia,Partner,Startup,8,7,1,6,0,1,2025-08-24,79,58.1,316
U08570,2025-02-01,Free,US,Organic,SMB,11,4,1,4,1,0,,0,36.0,0
U08571,2025-09-04,Pro,US,Paid Search,SMB,12,5,1,3,0,0,,79,95.92,1027
U08572,2025-03-01,Free,Australia,Partner,SMB,8,6,3,3,0,1,2025-09-03,0,82.71,0
U08573,2025-05-17,Free,Germany,Organic,SMB,8,4,1,2,0,1,2026-03-16,0,40.84,0
U08574,2025-07-16,Pro,India,Organic,SMB,15,5,1,4,0,1,2026-05-15,79,29.38,790
U08575,2025-10-23,Free,India,Referral,SMB,12,2,1,3,0,0,,0,39.45,0
U08576,2025-01-07,Business,US,Content,Mid-Market,7,9,0,12,0,0,,249,38.99,2739
U08577,2025-04-14,Free,Germany,Content,SMB,7,4,2,1,0,0,,0,34.39,0
U08578,2025-06-05,Free,India,Content,Enterprise,9,4,0,1,0,0,,0,33.06,0
U08579,2025-03-28,Pro,India,Referral,Mid-Market,12,5,0,1,1,0,,79,40.79,869
U08580,2025-04-29,Free,US,Content,SMB,11,1,2,3,0,0,,0,36.12,0
U08581,2025-03-11,Free,Australia,Paid Search,Mid-Market,11,5,5,3,0,0,,0,77.3,0
U08582,2025-02-01,Free,Australia,Partner,SMB,8,5,0,2,0,0,,0,63.81,0
U08583,2025-04-04,Free,Canada,Content,SMB,6,2,0,2,0,1,2026-02-21,0,27.85,0
U08584,2025-08-25,Pro,India,Organic,Startup,14,8,2,9,0,0,,79,37.67,1106
U08585,2025-06-26,Pro,US,Content,SMB,12,4,1,3,1,0,,79,39.09,1027
U08586,2025-07-15,Free,India,Organic,Enterprise,12,1,1,3,0,1,2026-04-16,0,15.76,0
U08587,2025-01-26,Free,India,Organic,Startup,10,2,1,2,1,1,2025-10-31,0,42.01,0
U08588,2025-10-01,Free,India,Organic,Startup,8,3,3,4,0,0,,0,54.69,0
U08589,2025-08-20,Free,Australia,Partner,SMB,7,7,3,3,0,0,,0,82.48,0
U08590,2025-08-03,Free,India,Organic,Startup,9,3,0,4,1,0,,0,41.59,0
U08591,2025-09-12,Pro,Germany,Paid Search,Mid-Market,7,3,0,4,0,0,,79,137.07,1027
U08592,2025-09-12,Pro,India,Organic,SMB,12,9,0,4,0,0,,79,39.94,711
U08593,2025-09-18,Free,UK,Content,Mid-Market,7,2,4,1,0,1,2026-07-15,0,27.8,0
U08594,2025-08-15,Free,US,Content,Mid-Market,8,5,1,2,0,0,,0,32.31,0
U08595,2025-05-30,Free,UK,Organic,SMB,12,1,2,1,0,0,,0,45.16,0
U08596,2025-04-01,Free,Germany,Referral,SMB,11,4,3,2,0,0,,0,16.33,0
U08597,2025-10-19,Free,Canada,Content,SMB,9,1,1,2,1,1,2026-01-11,0,13.65,0
U08598,2025-07-06,Pro,Germany,Organic,SMB,14,6,1,8,0,0,,79,48.84,711
U08599,2025-01-09,Free,US,Paid Search,SMB,10,5,2,2,0,0,,0,115.24,0
U08600,2025-08-18,Pro,US,Referral,Startup,11,6,0,8,0,0,,79,39.95,790
U08601,2025-06-25,Free,Germany,Paid Search,Enterprise,14,3,1,3,0,1,2025-12-08,0,103.42,0
U08602,2025-07-21,Pro,Australia,Content,Startup,10,2,2,5,0,1,2025-11-22,79,34.81,316
U08603,2025-04-16,Pro,US,Referral,Mid-Market,9,5,0,1,0,1,2025-08-07,79,30.49,316
U08604,2025-02-08,Business,US,Paid Search,Mid-Market,17,11,0,7,1,1,2025-08-28,249,120.72,1743
U08605,2025-02-17,Business,India,Paid Search,SMB,11,9,0,10,0,0,,249,83.97,2490
U08606,2025-08-05,Free,India,Organic,Mid-Market,4,5,1,1,0,1,2026-05-06,0,40.47,0
U08607,2025-01-20,Business,UK,Partner,SMB,13,7,2,10,1,0,,249,88.73,2988
U08608,2025-10-23,Free,US,Content,Startup,5,3,0,2,0,1,2026-04-10,0,31.39,0
U08609,2025-03-26,Pro,Canada,Organic,Startup,15,2,1,7,1,1,2025-10-30,79,51.01,553
U08610,2025-05-24,Pro,India,Paid Search,SMB,19,4,1,4,0,0,,79,95.97,1027
U08611,2025-03-14,Pro,UK,Organic,Mid-Market,21,2,3,3,0,1,2025-07-03,79,34.68,316
U08612,2025-07-29,Pro,US,Organic,SMB,16,6,0,4,0,0,,79,19.0,1106
U08613,2025-10-10,Business,Germany,Content,Enterprise,13,7,0,7,0,0,,249,17.27,2490
U08614,2025-02-27,Free,Germany,Referral,SMB,12,5,0,1,0,0,,0,41.33,0
U08615,2025-07-04,Pro,UK,Paid Search,SMB,12,8,1,3,1,0,,79,119.2,711
U08616,2025-03-25,Free,Canada,Organic,SMB,7,4,5,2,0,0,,0,45.72,0
U08617,2025-02-11,Free,India,Content,Startup,9,4,3,2,0,0,,0,35.81,0
U08618,2025-09-05,Pro,India,Organic,Mid-Market,21,7,1,4,1,0,,79,30.55,1027
U08619,2025-09-04,Pro,India,Paid Search,Startup,12,6,1,4,1,0,,79,58.54,1106
U08620,2025-03-28,Free,Australia,Referral,Startup,15,5,1,3,0,0,,0,51.9,0
U08621,2025-04-24,Free,UK,Partner,Startup,14,2,3,2,0,1,2025-07-23,0,67.21,0
U08622,2025-05-18,Pro,US,Paid Search,SMB,9,6,0,6,0,0,,79,72.68,869
U08623,2025-10-01,Pro,US,Partner,Mid-Market,14,7,1,8,0,0,,79,60.11,790
U08624,2025-02-09,Pro,US,Paid Search,Startup,10,4,3,4,0,0,,79,76.14,632
U08625,2025-01-22,Free,UK,Partner,Startup,9,2,1,2,0,1,2025-03-23,0,31.61,0
U08626,2025-06-24,Free,India,Organic,Mid-Market,8,3,2,2,0,1,2025-09-12,0,32.73,0
U08627,2025-01-03,Free,US,Organic,SMB,6,2,1,3,0,0,,0,39.53,0
U08628,2025-06-08,Free,Australia,Content,SMB,9,3,1,1,0,0,,0,24.53,0
U08629,2025-02-11,Pro,India,Referral,Startup,14,7,1,6,0,0,,79,36.28,711
U08630,2025-07-06,Pro,India,Paid Search,Mid-Market,18,4,2,4,1,0,,79,98.4,1106
U08631,2025-09-20,Business,India,Referral,SMB,12,7,0,7,1,0,,249,35.91,2490
U08632,2025-04-06,Pro,Canada,Paid Search,SMB,9,5,1,5,0,0,,79,111.69,948
U08633,2025-09-19,Free,India,Referral,Startup,7,1,3,2,0,1,2026-01-01,0,37.28,0
U08634,2025-05-27,Free,UK,Partner,SMB,6,4,1,4,0,0,,0,107.36,0
U08635,2025-10-14,Business,Canada,Referral,SMB,6,7,2,6,0,1,2026-06-07,249,36.96,1992
U08636,2025-02-04,Business,US,Organic,SMB,14,9,0,3,1,0,,249,44.93,2490
U08637,2025-06-24,Free,India,Paid Search,SMB,7,3,1,1,0,0,,0,32.58,0
U08638,2025-09-20,Free,India,Paid Search,Startup,5,1,0,4,0,1,2026-04-17,0,88.72,0
U08639,2025-07-19,Pro,India,Referral,Startup,9,7,0,3,1,0,,79,37.31,790
U08640,2025-05-14,Pro,Germany,Paid Search,Startup,12,7,2,2,0,0,,79,62.66,711
U08641,2025-06-11,Pro,Canada,Paid Search,SMB,10,2,0,5,0,0,,79,69.96,1106
U08642,2025-02-11,Free,Germany,Organic,Enterprise,9,5,0,1,0,0,,0,38.86,0
U08643,2025-05-30,Free,UK,Paid Search,Mid-Market,12,2,0,1,0,1,2025-10-27,0,85.57,0
U08644,2025-07-04,Free,UK,Paid Search,SMB,5,3,0,4,0,1,2025-12-19,0,84.61,0
U08645,2025-08-11,Free,Canada,Paid Search,SMB,7,3,2,2,0,1,2025-12-10,0,140.34,0
U08646,2025-08-21,Free,UK,Referral,Startup,9,3,1,3,0,0,,0,44.84,0
U08647,2025-09-11,Free,India,Partner,Mid-Market,7,4,0,1,0,0,,0,82.78,0
U08648,2025-06-07,Free,Germany,Organic,Startup,10,3,1,4,0,1,2026-03-30,0,34.34,0
U08649,2025-09-19,Free,India,Partner,SMB,4,3,1,2,0,0,,0,50.93,0
U08650,2025-08-29,Business,India,Organic,SMB,9,13,1,3,1,1,2026-07-18,249,31.52,2739
U08651,2025-07-12,Pro,Canada,Paid Search,Mid-Market,8,7,2,2,0,0,,79,146.3,711
U08652,2025-02-05,Free,India,Organic,Startup,8,2,0,3,0,1,2025-08-21,0,47.7,0
U08653,2025-09-06,Pro,US,Organic,Startup,8,5,1,4,0,0,,79,6.53,790
U08654,2025-10-10,Pro,Canada,Partner,Mid-Market,12,6,3,3,1,0,,79,83.87,1106
U08655,2025-04-18,Business,US,Partner,SMB,17,8,2,9,0,0,,249,34.87,2241
U08656,2025-02-09,Free,India,Referral,Startup,3,3,0,2,0,1,2025-05-19,0,54.42,0
U08657,2025-06-04,Pro,US,Referral,Mid-Market,12,5,1,5,0,0,,79,40.49,1027
U08658,2025-05-25,Free,US,Organic,Mid-Market,9,4,2,5,0,0,,0,37.59,0
U08659,2025-10-05,Pro,Germany,Referral,Mid-Market,10,7,0,4,0,0,,79,37.84,711
U08660,2025-08-02,Free,US,Content,SMB,8,2,5,2,0,1,2026-04-24,0,43.35,0
U08661,2025-01-26,Business,Canada,Content,Mid-Market,12,7,1,9,1,0,,249,36.21,2241
U08662,2025-06-18,Free,US,Paid Search,Startup,12,5,2,4,0,0,,0,117.2,0
U08663,2025-08-03,Free,India,Organic,Mid-Market,10,3,1,4,1,0,,0,44.84,0
U08664,2025-05-01,Free,US,Partner,Startup,8,4,0,2,0,0,,0,61.36,0
U08665,2025-04-15,Free,US,Referral,SMB,9,5,2,4,0,0,,0,45.9,0
U08666,2025-09-25,Pro,UK,Referral,Mid-Market,6,7,1,5,0,1,2026-05-09,79,44.15,632
U08667,2025-06-24,Pro,Canada,Partner,SMB,15,5,1,4,1,0,,79,75.53,948
U08668,2025-02-08,Pro,US,Content,Startup,17,6,0,4,0,0,,79,34.3,1106
U08669,2025-03-06,Free,US,Referral,Enterprise,9,3,0,2,0,1,2025-05-27,0,30.8,0
U08670,2025-08-13,Free,UK,Organic,SMB,10,4,1,4,0,1,2025-09-13,0,37.87,0
U08671,2025-07-16,Pro,India,Paid Search,Startup,12,5,1,3,0,0,,79,111.69,1106
U08672,2025-02-22,Free,India,Paid Search,Mid-Market,12,4,3,1,0,0,,0,95.26,0
U08673,2025-10-20,Pro,India,Paid Search,SMB,15,6,0,6,0,0,,79,84.6,1106
U08674,2025-02-01,Business,US,Organic,SMB,22,8,2,8,0,0,,249,33.07,2241
U08675,2025-10-22,Pro,India,Organic,SMB,13,3,3,9,0,1,2026-08-13,79,38.01,790
U08676,2025-02-19,Free,India,Content,SMB,5,3,2,3,0,0,,0,22.32,0
U08677,2025-04-02,Free,US,Referral,SMB,7,2,2,1,1,0,,0,27.03,0
U08678,2025-07-26,Free,US,Organic,Mid-Market,12,2,1,2,0,1,2026-02-09,0,47.8,0
U08679,2025-05-29,Pro,US,Content,Enterprise,10,7,0,4,0,0,,79,25.99,948
U08680,2025-01-15,Free,US,Paid Search,SMB,12,3,3,2,0,1,2025-02-20,0,146.08,0
U08681,2025-06-06,Free,India,Organic,Startup,8,2,2,3,0,0,,0,39.55,0
U08682,2025-06-25,Free,India,Paid Search,SMB,9,3,3,3,0,0,,0,72.55,0
U08683,2025-07-14,Pro,Australia,Organic,Startup,12,7,0,6,0,0,,79,26.11,869
U08684,2025-07-17,Free,Germany,Paid Search,Enterprise,16,4,0,1,0,0,,0,88.8,0
U08685,2025-10-06,Free,India,Organic,Mid-Market,11,3,0,1,0,1,2026-02-01,0,39.29,0
U08686,2025-06-24,Free,US,Paid Search,Enterprise,10,1,2,1,0,0,,0,111.65,0
U08687,2025-07-02,Free,UK,Organic,Enterprise,7,2,1,1,0,0,,0,41.28,0
U08688,2025-03-30,Pro,Canada,Paid Search,SMB,12,7,0,1,1,0,,79,86.36,790
U08689,2025-06-26,Business,US,Organic,SMB,13,14,0,7,0,0,,249,6.58,2490
U08690,2025-02-21,Free,India,Paid Search,Mid-Market,13,3,1,1,0,1,2025-12-16,0,118.81,0
U08691,2025-01-22,Pro,Canada,Paid Search,Startup,20,9,3,7,0,1,2025-11-05,79,71.56,790
U08692,2025-04-28,Free,Canada,Organic,SMB,14,2,3,1,0,0,,0,31.08,0
U08693,2025-02-10,Pro,Germany,Referral,Mid-Market,10,4,1,5,1,0,,79,20.73,790
U08694,2025-10-22,Free,US,Content,Mid-Market,7,2,2,3,0,1,2026-01-13,0,23.58,0
U08695,2025-09-05,Pro,India,Paid Search,Startup,8,8,3,4,1,0,,79,91.85,869
U08696,2025-03-19,Pro,India,Organic,Enterprise,14,3,1,5,0,0,,79,50.36,711
U08697,2025-01-22,Free,Germany,Organic,Startup,6,6,0,2,0,0,,0,33.06,0
U08698,2025-07-02,Free,US,Partner,Startup,10,5,0,2,0,0,,0,96.1,0
U08699,2025-08-08,Pro,India,Referral,Startup,10,3,2,3,1,0,,79,23.82,1106
U08700,2025-02-17,Business,US,Organic,Startup,10,8,0,8,0,0,,249,30.9,2241
U08701,2025-09-26,Pro,UK,Organic,Mid-Market,17,7,0,8,0,0,,79,23.11,948
U08702,2025-01-31,Free,UK,Partner,Startup,12,2,3,4,1,1,2025-07-02,0,65.22,0
U08703,2025-10-07,Free,India,Paid Search,Startup,13,5,1,1,0,1,2026-07-27,0,89.1,0
U08704,2025-05-20,Business,India,Paid Search,SMB,7,8,1,7,1,1,2025-08-23,249,80.01,747
U08705,2025-03-02,Free,Australia,Referral,Mid-Market,4,2,3,1,0,1,2025-09-12,0,39.38,0
U08706,2025-07-04,Pro,US,Content,Mid-Market,17,7,1,3,1,0,,79,32.06,790
U08707,2025-03-03,Free,Germany,Content,Mid-Market,6,3,0,5,0,0,,0,31.06,0
U08708,2025-03-27,Business,India,Organic,Startup,15,8,0,4,1,0,,249,39.95,2490
U08709,2025-07-24,Business,India,Paid Search,SMB,9,10,0,7,1,0,,249,69.31,3237
U08710,2025-10-03,Business,US,Content,SMB,10,11,2,8,1,0,,249,32.46,2241
U08711,2025-07-14,Pro,US,Organic,SMB,15,6,1,7,0,1,2025-09-23,79,25.5,158
U08712,2025-10-03,Pro,India,Organic,Startup,11,6,0,6,0,0,,79,31.48,869
U08713,2025-02-10,Business,Canada,Referral,Mid-Market,11,10,1,8,1,0,,249,38.02,2739
U08714,2025-01-27,Free,India,Paid Search,SMB,5,1,0,3,0,0,,0,98.96,0
U08715,2025-02-14,Pro,Canada,Partner,Startup,14,8,1,4,0,0,,79,71.34,790
U08716,2025-09-02,Pro,India,Organic,Startup,14,6,2,3,1,0,,79,54.32,948
U08717,2025-09-25,Free,India,Organic,SMB,8,4,0,3,0,1,2026-04-04,0,19.76,0
U08718,2025-02-15,Free,Germany,Referral,Enterprise,9,4,0,4,0,0,,0,50.59,0
U08719,2025-08-28,Free,US,Partner,SMB,7,3,3,4,0,0,,0,58.6,0
U08720,2025-04-22,Free,US,Organic,SMB,10,8,1,1,0,0,,0,32.18,0
U08721,2025-10-19,Business,Germany,Content,Mid-Market,22,6,1,8,1,0,,249,28.04,2739
U08722,2025-08-07,Pro,Canada,Organic,Startup,11,8,0,6,0,0,,79,56.99,1027
U08723,2025-09-26,Pro,US,Organic,SMB,9,6,1,4,0,0,,79,30.5,869
U08724,2025-04-29,Pro,Germany,Organic,SMB,7,8,2,4,0,0,,79,48.3,711
U08725,2025-08-03,Free,Australia,Content,SMB,5,6,2,4,0,0,,0,36.76,0
U08726,2025-08-11,Free,Australia,Partner,SMB,9,6,3,2,0,0,,0,45.4,0
U08727,2025-05-18,Pro,US,Referral,SMB,13,5,3,2,0,0,,79,26.94,1106
U08728,2025-06-29,Free,India,Organic,SMB,11,3,0,5,0,0,,0,43.07,0
U08729,2025-03-18,Free,US,Content,SMB,11,4,1,4,0,0,,0,38.36,0
U08730,2025-09-23,Free,UK,Organic,SMB,9,3,1,4,1,1,2025-11-14,0,22.42,0
U08731,2025-10-17,Free,India,Referral,Mid-Market,6,1,1,3,0,1,2026-01-10,0,24.24,0
U08732,2025-02-03,Pro,UK,Referral,Startup,17,6,0,1,1,0,,79,22.75,1106
U08733,2025-09-08,Pro,US,Organic,Startup,14,6,0,5,0,0,,79,26.29,790
U08734,2025-10-04,Free,US,Paid Search,Enterprise,7,5,1,2,0,0,,0,115.81,0
U08735,2025-01-09,Free,Canada,Organic,SMB,10,4,1,6,0,0,,0,35.87,0
U08736,2025-09-04,Pro,India,Content,Enterprise,14,4,1,3,0,0,,79,25.81,790
U08737,2025-04-03,Free,UK,Paid Search,SMB,6,5,3,1,0,0,,0,81.85,0
U08738,2025-07-22,Pro,UK,Paid Search,Mid-Market,17,8,1,4,1,0,,79,91.98,1027
U08739,2025-09-27,Free,Canada,Partner,SMB,6,1,3,1,0,0,,0,67.46,0
U08740,2025-08-16,Free,US,Content,SMB,14,4,0,1,0,0,,0,30.6,0
U08741,2025-07-24,Free,US,Referral,Mid-Market,5,5,0,4,0,1,2026-02-08,0,22.04,0
U08742,2025-07-13,Pro,Canada,Partner,SMB,21,8,1,7,0,1,2025-08-17,79,78.29,79
U08743,2025-06-04,Business,US,Content,Startup,21,7,0,7,0,0,,249,30.83,3486
U08744,2025-01-02,Free,Canada,Content,SMB,11,4,1,1,0,0,,0,37.27,0
U08745,2025-02-06,Free,US,Organic,SMB,7,7,2,2,0,0,,0,25.88,0
U08746,2025-02-28,Free,US,Partner,Startup,9,1,1,3,0,0,,0,70.24,0
U08747,2025-07-28,Pro,Germany,Paid Search,SMB,12,5,2,3,1,0,,79,106.88,711
U08748,2025-05-26,Free,US,Organic,Mid-Market,10,5,0,5,0,1,2025-12-06,0,53.55,0
U08749,2025-05-28,Free,India,Organic,SMB,6,4,1,1,0,0,,0,24.53,0
U08750,2025-03-06,Free,India,Paid Search,SMB,6,1,0,2,1,0,,0,88.04,0
U08751,2025-01-10,Pro,Germany,Organic,SMB,11,8,1,4,1,0,,79,13.19,1106
U08752,2025-04-12,Free,Canada,Organic,SMB,12,3,2,3,0,1,2026-02-23,0,25.53,0
U08753,2025-07-30,Pro,India,Content,SMB,9,6,2,5,1,0,,79,24.21,869
U08754,2025-02-03,Pro,India,Referral,SMB,9,7,0,3,1,0,,79,27.24,790
U08755,2025-09-02,Free,Germany,Paid Search,SMB,6,2,1,1,0,1,2026-04-06,0,93.3,0
U08756,2025-06-13,Free,India,Paid Search,Startup,11,6,1,4,0,1,2025-12-21,0,89.52,0
U08757,2025-04-17,Pro,India,Organic,Startup,24,8,1,2,1,0,,79,42.71,711
U08758,2025-05-08,Business,India,Content,Enterprise,14,6,0,8,1,0,,249,29.91,3486
U08759,2025-09-03,Free,US,Organic,Mid-Market,11,5,0,5,1,1,2025-10-20,0,42.76,0
U08760,2025-08-04,Free,India,Organic,Startup,8,4,0,3,0,0,,0,37.14,0
U08761,2025-01-10,Free,Germany,Organic,Startup,7,6,1,2,0,0,,0,48.76,0
U08762,2025-02-22,Pro,US,Organic,Startup,15,3,0,11,0,1,2025-06-28,79,48.58,316
U08763,2025-06-14,Free,US,Content,Mid-Market,5,2,1,5,1,1,2026-03-05,0,18.3,0
U08764,2025-02-16,Free,India,Paid Search,SMB,5,4,2,2,1,1,2025-09-21,0,88.55,0
U08765,2025-07-18,Free,India,Referral,Mid-Market,7,4,1,4,0,0,,0,48.02,0
U08766,2025-02-04,Pro,Australia,Referral,Mid-Market,7,9,2,2,0,0,,79,36.05,869
U08767,2025-07-05,Business,India,Paid Search,Enterprise,13,8,2,15,0,0,,249,115.08,3486
U08768,2025-09-27,Free,Australia,Paid Search,SMB,10,4,0,2,0,0,,0,89.74,0
U08769,2025-02-19,Free,UK,Partner,SMB,9,3,0,1,0,0,,0,55.8,0
U08770,2025-07-30,Pro,India,Referral,Startup,14,6,0,3,0,0,,79,35.85,711
U08771,2025-07-21,Pro,Australia,Organic,Startup,9,8,4,5,0,1,2026-03-25,79,28.29,632
U08772,2025-09-20,Free,UK,Referral,Startup,8,4,2,3,0,0,,0,5.65,0
U08773,2025-10-10,Pro,India,Organic,SMB,13,7,2,2,1,0,,79,33.13,1106
U08774,2025-02-22,Free,India,Content,Startup,8,2,0,2,0,0,,0,56.28,0
U08775,2025-01-26,Free,UK,Organic,SMB,3,1,1,2,0,0,,0,37.19,0
U08776,2025-03-30,Business,India,Partner,Startup,20,10,2,8,1,0,,249,80.1,2739
U08777,2025-06-28,Pro,India,Referral,Mid-Market,11,7,1,5,0,0,,79,39.43,711
U08778,2025-08-12,Business,UK,Paid Search,Startup,24,10,3,5,1,0,,249,75.61,2490
U08779,2025-01-18,Business,India,Organic,Mid-Market,21,8,1,8,0,0,,249,44.77,2241
U08780,2025-03-25,Free,India,Referral,Startup,7,5,1,3,0,0,,0,28.03,0
U08781,2025-05-14,Pro,Germany,Paid Search,Mid-Market,12,5,0,2,1,0,,79,56.02,1106
U08782,2025-04-12,Pro,India,Organic,SMB,17,4,0,5,1,0,,79,31.32,869
U08783,2025-07-13,Pro,US,Referral,Startup,13,4,1,4,0,0,,79,36.49,1027
U08784,2025-05-05,Business,UK,Partner,Startup,14,8,4,9,1,0,,249,72.98,1992
U08785,2025-05-09,Pro,Australia,Organic,SMB,13,6,4,1,1,1,2025-12-02,79,30.19,553
U08786,2025-05-23,Pro,US,Partner,SMB,12,7,0,4,0,0,,79,72.74,948
U08787,2025-07-14,Pro,Germany,Content,Startup,11,8,2,1,1,0,,79,38.66,948
U08788,2025-02-11,Free,India,Content,Enterprise,10,7,3,2,1,0,,0,33.23,0
U08789,2025-04-03,Free,US,Referral,SMB,11,2,1,2,0,1,2025-07-20,0,46.55,0
U08790,2025-10-10,Business,UK,Content,SMB,10,8,1,7,1,0,,249,41.57,2988
U08791,2025-10-04,Free,India,Referral,SMB,9,2,0,2,0,1,2026-06-24,0,41.0,0
U08792,2025-07-01,Pro,Australia,Content,SMB,15,6,1,5,0,1,2026-02-07,79,33.18,553
U08793,2025-05-06,Free,India,Content,Startup,2,4,0,1,0,0,,0,26.47,0
U08794,2025-09-27,Business,UK,Referral,Mid-Market,8,10,0,8,1,0,,249,50.94,3486
U08795,2025-09-30,Pro,India,Referral,Mid-Market,15,5,2,6,0,0,,79,22.09,948
U08796,2025-06-30,Business,US,Paid Search,Mid-Market,17,9,0,9,1,0,,249,85.69,3486
U08797,2025-06-09,Free,India,Organic,Mid-Market,10,1,0,5,0,1,2026-04-11,0,20.48,0
U08798,2025-02-12,Free,UK,Paid Search,Startup,3,2,0,3,0,1,2025-11-15,0,81.59,0
U08799,2025-02-08,Pro,India,Content,SMB,10,4,0,4,0,0,,79,33.5,711
U08800,2025-10-22,Free,India,Referral,Startup,8,4,2,4,0,0,,0,27.3,0
U08801,2025-08-07,Free,India,Organic,Startup,2,2,0,3,1,0,,0,39.37,0
U08802,2025-08-13,Pro,India,Partner,Mid-Market,7,5,0,5,0,0,,79,72.61,948
U08803,2025-02-09,Business,US,Referral,SMB,16,9,2,9,0,1,2025-03-19,249,23.29,249
U08804,2025-09-14,Business,India,Paid Search,SMB,9,8,0,9,0,1,2025-10-14,249,107.53,249
U08805,2025-03-03,Free,Australia,Organic,Startup,11,6,1,2,0,1,2025-08-08,0,27.83,0
U08806,2025-07-24,Free,Canada,Organic,Startup,15,4,1,3,0,1,2026-04-26,0,43.35,0
U08807,2025-08-15,Pro,US,Referral,Startup,13,9,0,5,1,0,,79,20.5,869
U08808,2025-01-07,Free,India,Content,SMB,7,5,2,4,0,1,2025-07-29,0,43.33,0
U08809,2025-04-29,Free,US,Referral,Startup,7,7,1,3,0,1,2026-02-26,0,35.56,0
U08810,2025-10-14,Free,US,Referral,Enterprise,9,4,0,2,1,0,,0,45.68,0
U08811,2025-07-12,Free,India,Content,Mid-Market,6,6,3,2,1,0,,0,52.57,0
U08812,2025-01-17,Pro,Germany,Paid Search,Startup,7,9,1,6,1,0,,79,84.54,1027
U08813,2025-01-24,Free,India,Referral,SMB,7,4,4,1,0,1,2025-04-28,0,64.0,0
U08814,2025-01-18,Free,India,Referral,Mid-Market,7,1,2,2,0,1,2025-06-07,0,33.05,0
U08815,2025-10-20,Free,US,Organic,Enterprise,6,6,0,2,0,1,2026-09-05,0,29.59,0
U08816,2025-04-19,Free,Canada,Content,Startup,9,5,1,2,0,0,,0,29.0,0
U08817,2025-07-25,Free,US,Organic,SMB,9,5,2,1,0,0,,0,32.45,0
U08818,2025-04-13,Free,Australia,Paid Search,Mid-Market,8,4,1,4,0,0,,0,113.47,0
U08819,2025-03-14,Free,Canada,Referral,SMB,10,8,1,1,0,0,,0,32.42,0
U08820,2025-06-08,Free,India,Organic,Startup,6,3,3,4,0,0,,0,21.06,0
U08821,2025-03-31,Free,US,Paid Search,SMB,9,3,4,2,0,0,,0,135.76,0
U08822,2025-07-03,Pro,US,Paid Search,Enterprise,10,6,3,6,0,0,,79,91.14,1027
U08823,2025-09-14,Pro,Canada,Paid Search,Mid-Market,9,9,2,4,1,1,2025-11-12,79,89.41,158
U08824,2025-09-04,Pro,India,Organic,Enterprise,14,7,1,6,0,0,,79,32.55,1027
U08825,2025-07-21,Free,Germany,Referral,Mid-Market,18,3,1,4,0,0,,0,23.31,0
U08826,2025-10-22,Pro,UK,Partner,SMB,9,6,2,7,1,0,,79,76.76,1106
U08827,2025-08-18,Pro,India,Referral,Enterprise,8,3,0,3,0,0,,79,36.46,1027
U08828,2025-08-24,Pro,India,Paid Search,Startup,12,8,0,4,0,0,,79,99.9,711
U08829,2025-07-20,Pro,India,Organic,SMB,11,7,3,5,1,0,,79,38.73,869
U08830,2025-10-03,Pro,Canada,Paid Search,Enterprise,15,4,0,7,1,1,2025-11-05,79,91.23,79
U08831,2025-01-01,Free,India,Organic,Mid-Market,6,4,1,3,0,1,2025-05-14,0,45.61,0
U08832,2025-10-13,Business,India,Paid Search,Startup,17,13,2,9,1,0,,249,98.69,2490
U08833,2025-08-18,Free,Australia,Content,Startup,11,4,0,3,0,0,,0,44.77,0
U08834,2025-07-09,Free,Germany,Organic,Startup,18,3,1,4,0,1,2025-09-06,0,35.27,0
U08835,2025-01-07,Free,UK,Organic,Mid-Market,7,5,5,1,0,1,2025-06-13,0,27.1,0
U08836,2025-03-29,Free,UK,Paid Search,Enterprise,13,1,3,3,0,1,2026-01-28,0,73.08,0
U08837,2025-01-20,Free,Germany,Referral,Startup,13,4,2,2,0,0,,0,25.56,0
U08838,2025-02-18,Pro,India,Paid Search,Startup,16,5,1,4,0,0,,79,116.24,948
U08839,2025-07-19,Free,US,Referral,SMB,9,4,1,3,1,1,2025-09-05,0,31.91,0
U08840,2025-01-24,Pro,US,Paid Search,SMB,11,7,0,9,1,0,,79,104.97,1106
U08841,2025-10-16,Free,Canada,Organic,Startup,6,5,1,4,0,1,2026-04-12,0,29.6,0
U08842,2025-07-14,Pro,US,Referral,Mid-Market,12,6,0,6,1,0,,79,22.88,948
U08843,2025-10-16,Pro,India,Organic,SMB,12,7,1,6,0,0,,79,53.1,948
U08844,2025-10-04,Free,UK,Referral,Startup,10,4,3,1,0,0,,0,51.1,0
U08845,2025-05-06,Business,US,Organic,SMB,18,9,2,13,0,0,,249,36.19,3237
U08846,2025-08-01,Pro,Germany,Partner,SMB,18,3,1,4,1,0,,79,89.29,869
U08847,2025-02-17,Free,India,Paid Search,Mid-Market,7,7,2,3,0,1,2025-09-08,0,78.84,0
U08848,2025-06-23,Free,US,Paid Search,SMB,7,1,1,2,0,0,,0,93.73,0
U08849,2025-07-20,Pro,US,Paid Search,Startup,7,5,2,4,0,0,,79,102.63,711
U08850,2025-09-26,Business,India,Partner,Enterprise,19,10,2,6,1,0,,249,35.86,2739
U08851,2025-05-07,Free,Germany,Referral,Enterprise,10,2,0,2,0,0,,0,21.21,0
U08852,2025-07-21,Free,Germany,Referral,Enterprise,9,2,1,4,0,0,,0,39.58,0
U08853,2025-08-02,Free,India,Paid Search,Mid-Market,13,3,2,2,0,1,2025-11-17,0,112.14,0
U08854,2025-05-24,Free,India,Referral,Startup,11,5,2,3,0,1,2026-04-01,0,25.19,0
U08855,2025-09-18,Business,US,Partner,SMB,10,8,1,7,1,0,,249,85.46,2490
U08856,2025-09-05,Free,India,Content,Mid-Market,6,3,0,1,0,1,2025-10-15,0,22.75,0
U08857,2025-06-19,Pro,US,Organic,SMB,13,8,0,3,1,1,2026-03-22,79,36.74,711
U08858,2025-08-21,Free,US,Partner,SMB,4,3,3,5,1,1,2025-11-10,0,60.86,0
U08859,2025-03-13,Pro,India,Referral,SMB,11,8,0,5,0,1,2025-05-12,79,47.19,158
U08860,2025-10-06,Pro,Germany,Content,Startup,13,7,5,4,1,0,,79,25.46,1106
U08861,2025-03-20,Pro,Australia,Organic,Startup,13,4,2,7,0,0,,79,26.06,632
U08862,2025-08-31,Free,India,Referral,SMB,5,7,1,1,0,0,,0,49.27,0
U08863,2025-07-31,Free,Australia,Paid Search,Startup,7,3,1,3,0,0,,0,111.49,0
U08864,2025-04-08,Business,Canada,Paid Search,Enterprise,17,7,1,11,1,0,,249,63.54,2490
U08865,2025-02-15,Free,India,Referral,Mid-Market,6,5,2,2,0,1,2025-12-12,0,46.72,0
U08866,2025-10-11,Free,US,Organic,SMB,8,3,1,3,0,1,2026-02-05,0,48.06,0
U08867,2025-07-24,Business,UK,Content,Startup,15,6,1,5,0,1,2026-06-04,249,45.29,2490
U08868,2025-05-31,Free,India,Content,Mid-Market,9,2,1,1,0,1,2025-07-13,0,28.08,0
U08869,2025-01-13,Pro,US,Content,Startup,12,3,2,4,0,0,,79,57.15,711
U08870,2025-01-10,Free,Australia,Organic,SMB,7,4,1,2,0,0,,0,36.56,0
U08871,2025-05-31,Free,US,Organic,Startup,6,4,2,2,0,0,,0,37.82,0
U08872,2025-08-02,Free,UK,Paid Search,SMB,8,4,2,1,1,0,,0,66.31,0
U08873,2025-02-17,Free,US,Content,SMB,10,2,1,2,0,0,,0,46.02,0
U08874,2025-05-15,Free,India,Organic,Startup,8,4,3,2,0,0,,0,53.96,0
U08875,2025-10-20,Pro,Australia,Organic,Enterprise,5,5,3,5,1,0,,79,36.79,1106
U08876,2025-05-30,Free,India,Paid Search,SMB,8,2,0,1,0,0,,0,109.82,0
U08877,2025-02-21,Pro,India,Partner,Startup,13,6,1,4,0,0,,79,84.95,948
U08878,2025-08-25,Pro,India,Partner,Startup,13,6,1,3,0,0,,79,76.1,711
U08879,2025-06-13,Business,India,Referral,Startup,19,11,0,9,0,0,,249,34.47,2739
U08880,2025-06-21,Pro,UK,Content,SMB,8,6,3,3,1,1,2026-01-01,79,37.65,474
U08881,2025-06-30,Pro,UK,Organic,Startup,12,7,1,4,0,0,,79,38.77,711
U08882,2025-04-22,Pro,US,Organic,Startup,15,8,0,5,1,0,,79,43.67,869
U08883,2025-09-30,Free,US,Paid Search,Startup,6,4,0,1,0,1,2026-05-02,0,73.34,0
U08884,2025-02-25,Pro,US,Partner,Startup,12,4,2,8,0,1,2025-10-04,79,78.88,553
U08885,2025-04-13,Free,US,Paid Search,Mid-Market,5,3,0,1,1,0,,0,83.89,0
U08886,2025-07-10,Free,India,Partner,Mid-Market,11,4,2,2,0,0,,0,61.39,0
U08887,2025-10-22,Free,Australia,Organic,Startup,4,3,4,3,0,0,,0,18.97,0
U08888,2025-06-29,Pro,Australia,Organic,SMB,7,10,0,4,0,0,,79,26.51,1106
U08889,2025-10-16,Pro,Canada,Referral,Mid-Market,12,4,1,5,1,0,,79,41.78,790
U08890,2025-01-07,Business,Australia,Paid Search,Startup,18,7,0,5,0,0,,249,85.84,2988
U08891,2025-09-18,Free,India,Paid Search,SMB,8,3,2,3,0,1,2025-10-18,0,58.39,0
U08892,2025-04-12,Free,India,Paid Search,Startup,6,4,1,3,0,0,,0,94.5,0
U08893,2025-06-03,Free,India,Paid Search,Mid-Market,5,6,0,2,0,0,,0,101.63,0
U08894,2025-08-24,Free,Germany,Partner,SMB,15,3,0,1,0,1,2026-02-02,0,65.49,0
U08895,2025-09-17,Free,Australia,Partner,SMB,11,4,1,4,0,0,,0,74.16,0
U08896,2025-09-30,Free,US,Content,Startup,6,3,1,3,0,1,2025-11-04,0,29.45,0
U08897,2025-04-25,Free,UK,Organic,Mid-Market,3,7,0,1,1,0,,0,27.51,0
U08898,2025-07-24,Pro,India,Referral,Startup,13,9,0,7,0,0,,79,43.49,1027
U08899,2025-04-17,Pro,UK,Paid Search,SMB,11,3,0,1,0,0,,79,89.47,711
U08900,2025-08-24,Free,US,Partner,Mid-Market,11,2,2,1,0,0,,0,41.74,0
U08901,2025-08-14,Pro,UK,Organic,Mid-Market,11,6,1,6,1,0,,79,28.22,711
U08902,2025-05-17,Pro,UK,Organic,Startup,14,8,1,2,0,0,,79,49.25,869
U08903,2025-07-23,Free,US,Organic,Mid-Market,4,3,3,5,0,1,2026-03-25,0,38.36,0
U08904,2025-03-10,Free,India,Organic,SMB,14,4,0,2,0,1,2025-08-03,0,24.36,0
U08905,2025-10-10,Business,Canada,Organic,Enterprise,14,8,1,6,0,0,,249,34.47,3486
U08906,2025-04-29,Pro,US,Organic,SMB,20,5,4,4,0,0,,79,44.47,711
U08907,2025-06-28,Business,India,Paid Search,SMB,13,8,0,7,0,0,,249,108.17,2739
U08908,2025-04-16,Business,Canada,Paid Search,Mid-Market,16,10,3,10,1,0,,249,113.45,2988
U08909,2025-03-03,Free,US,Partner,Mid-Market,7,5,1,5,0,0,,0,81.83,0
U08910,2025-08-04,Business,Canada,Content,Startup,14,8,0,9,1,0,,249,43.11,2988
U08911,2025-01-26,Free,Canada,Paid Search,Startup,13,9,1,4,0,0,,0,132.46,0
U08912,2025-05-31,Pro,UK,Partner,SMB,14,7,1,6,0,0,,79,69.44,790
U08913,2025-07-22,Free,US,Paid Search,Mid-Market,12,2,0,5,0,0,,0,111.27,0
U08914,2025-07-25,Free,US,Organic,Enterprise,14,6,2,2,0,0,,0,29.67,0
U08915,2025-10-02,Free,UK,Organic,Mid-Market,12,5,4,2,0,1,2026-01-30,0,45.38,0
U08916,2025-08-18,Pro,India,Organic,SMB,12,6,0,4,0,0,,79,36.53,948
U08917,2025-04-28,Free,India,Partner,SMB,7,3,0,3,0,1,2025-11-22,0,50.99,0
U08918,2025-05-08,Free,UK,Organic,SMB,11,1,0,3,0,1,2025-07-17,0,35.62,0
U08919,2025-03-23,Business,US,Organic,Mid-Market,14,9,1,10,1,0,,249,21.01,2490
U08920,2025-02-03,Pro,US,Paid Search,SMB,8,5,3,5,1,1,2025-06-05,79,58.02,316
U08921,2025-06-11,Free,India,Referral,SMB,9,4,0,3,0,0,,0,28.18,0
U08922,2025-09-08,Business,US,Referral,SMB,11,10,0,9,1,0,,249,32.57,2739
U08923,2025-09-11,Free,Australia,Paid Search,SMB,7,5,0,3,0,0,,0,94.75,0
U08924,2025-09-17,Free,US,Referral,Startup,12,3,2,4,1,0,,0,19.54,0
U08925,2025-01-04,Pro,UK,Content,SMB,14,6,5,5,0,0,,79,34.66,948
U08926,2025-03-30,Free,India,Referral,SMB,8,5,2,4,0,0,,0,30.66,0
U08927,2025-02-08,Business,India,Referral,SMB,16,8,0,7,0,0,,249,33.23,2988
U08928,2025-05-05,Pro,India,Content,SMB,11,6,0,3,1,0,,79,23.54,711
U08929,2025-08-02,Free,US,Referral,Startup,6,4,1,1,0,0,,0,45.68,0
U08930,2025-06-26,Pro,UK,Paid Search,SMB,14,5,0,4,1,0,,79,149.08,869
U08931,2025-07-14,Business,US,Content,Startup,12,11,1,8,1,0,,249,41.03,2988
U08932,2025-01-18,Free,India,Content,Enterprise,9,3,2,2,1,1,2025-08-10,0,26.93,0
U08933,2025-05-08,Pro,Germany,Partner,Mid-Market,15,5,0,4,0,1,2025-09-29,79,80.83,395
U08934,2025-04-07,Free,UK,Organic,Startup,3,5,1,5,0,0,,0,40.79,0
U08935,2025-03-14,Free,Germany,Referral,Startup,10,5,2,2,0,0,,0,38.73,0
U08936,2025-09-16,Free,India,Organic,SMB,4,4,1,1,0,0,,0,37.87,0
U08937,2025-10-09,Pro,Canada,Paid Search,Mid-Market,10,4,1,8,0,0,,79,121.8,711
U08938,2025-05-13,Pro,Germany,Organic,SMB,17,7,2,1,0,1,2025-09-22,79,50.34,316
U08939,2025-05-12,Free,US,Referral,Startup,8,4,2,1,0,0,,0,26.53,0
U08940,2025-08-05,Free,India,Paid Search,SMB,12,4,1,5,0,0,,0,100.65,0
U08941,2025-07-05,Free,Germany,Referral,Enterprise,8,3,1,2,0,1,2026-03-01,0,22.18,0
U08942,2025-03-08,Free,Germany,Referral,SMB,6,4,3,2,0,1,2025-04-13,0,41.46,0
U08943,2025-01-27,Free,Germany,Organic,Enterprise,11,2,0,1,0,1,2025-07-22,0,26.69,0
U08944,2025-10-25,Free,India,Organic,SMB,13,1,1,3,0,1,2026-05-01,0,30.61,0
U08945,2025-04-09,Free,US,Content,Mid-Market,8,4,2,2,0,1,2025-09-25,0,20.58,0
U08946,2025-09-13,Business,US,Content,SMB,10,8,3,7,1,0,,249,41.78,2241
U08947,2025-02-01,Free,UK,Organic,Mid-Market,10,3,2,2,0,0,,0,37.84,0
U08948,2025-06-29,Pro,Germany,Content,SMB,16,5,0,3,0,0,,79,37.89,869
U08949,2025-08-05,Free,India,Paid Search,SMB,5,6,0,3,0,0,,0,94.42,0
U08950,2025-10-05,Free,US,Partner,Mid-Market,4,7,3,3,0,0,,0,51.64,0
U08951,2025-03-16,Free,US,Content,SMB,7,4,0,5,0,1,2025-10-28,0,58.15,0
U08952,2025-10-04,Pro,Canada,Organic,Startup,10,9,1,8,0,0,,79,28.87,948
U08953,2025-05-22,Free,India,Organic,Enterprise,4,1,0,2,0,0,,0,27.77,0
U08954,2025-07-11,Free,India,Paid Search,SMB,8,3,0,1,0,0,,0,124.77,0
U08955,2025-10-15,Free,Australia,Paid Search,SMB,13,1,0,3,0,1,2026-05-18,0,106.57,0
U08956,2025-08-22,Business,UK,Referral,SMB,19,8,1,6,0,0,,249,34.74,2988
U08957,2025-06-16,Free,Australia,Organic,Enterprise,8,4,4,2,0,1,2026-02-08,0,32.2,0
U08958,2025-09-20,Business,US,Referral,Startup,13,7,0,5,0,0,,249,34.9,2739
U08959,2025-01-11,Free,UK,Organic,Mid-Market,7,4,2,3,0,0,,0,15.95,0
U08960,2025-08-25,Free,Germany,Organic,SMB,12,5,3,4,0,1,2025-11-21,0,32.75,0
U08961,2025-07-30,Free,UK,Organic,Startup,5,4,1,4,0,1,2026-03-16,0,42.82,0
U08962,2025-08-15,Free,India,Organic,Startup,10,1,0,1,0,1,2026-06-22,0,36.6,0
U08963,2025-09-24,Free,US,Organic,SMB,8,2,1,5,0,1,2025-11-07,0,37.88,0
U08964,2025-06-04,Pro,US,Referral,Startup,19,8,2,3,1,0,,79,30.39,1027
U08965,2025-03-02,Pro,India,Content,Startup,19,6,0,6,0,0,,79,42.64,1027
U08966,2025-07-07,Free,India,Paid Search,Startup,7,1,1,1,0,0,,0,130.76,0
U08967,2025-02-24,Free,Canada,Content,SMB,5,5,4,2,0,0,,0,43.33,0
U08968,2025-05-18,Pro,Australia,Partner,Startup,13,2,3,4,0,1,2025-08-02,79,41.68,237
U08969,2025-06-12,Business,US,Referral,Startup,9,6,2,7,1,1,2025-08-01,249,40.99,498
U08970,2025-05-03,Free,US,Content,Enterprise,12,4,0,1,0,0,,0,39.49,0
U08971,2025-06-14,Business,UK,Paid Search,SMB,15,7,0,7,0,0,,249,104.26,2988
U08972,2025-05-23,Free,Australia,Content,Mid-Market,5,6,1,1,0,0,,0,36.11,0
U08973,2025-01-30,Pro,India,Paid Search,Mid-Market,6,4,0,7,0,0,,79,90.8,632
U08974,2025-03-11,Free,US,Content,Startup,7,4,3,5,0,0,,0,56.35,0
U08975,2025-02-19,Pro,Australia,Organic,Startup,19,6,1,3,1,0,,79,47.61,632
U08976,2025-01-11,Pro,India,Content,SMB,10,4,0,5,1,1,2025-06-13,79,47.57,395
U08977,2025-10-16,Pro,US,Paid Search,Mid-Market,12,6,1,3,0,0,,79,114.53,711
U08978,2025-06-12,Free,India,Content,SMB,10,1,4,1,0,1,2026-01-22,0,45.92,0
U08979,2025-10-15,Free,India,Content,SMB,16,4,2,4,0,1,2026-02-26,0,44.99,0
U08980,2025-07-01,Pro,India,Organic,Mid-Market,11,7,2,4,0,0,,79,40.01,1106
U08981,2025-08-06,Free,Australia,Content,SMB,11,5,4,3,0,0,,0,23.95,0
U08982,2025-08-30,Pro,US,Organic,SMB,10,7,1,4,0,0,,79,23.3,869
U08983,2025-03-25,Free,US,Paid Search,SMB,6,4,1,2,0,0,,0,112.41,0
U08984,2025-08-07,Pro,India,Organic,Startup,14,10,2,4,0,0,,79,38.46,711
U08985,2025-04-13,Free,India,Content,Mid-Market,7,3,3,3,1,1,2025-05-29,0,53.74,0
U08986,2025-04-13,Business,Germany,Partner,SMB,17,10,1,9,0,0,,249,74.91,2490
U08987,2025-07-24,Business,US,Content,SMB,15,7,0,8,1,0,,249,31.03,3237
U08988,2025-06-26,Free,UK,Referral,Mid-Market,8,1,2,1,0,1,2025-08-10,0,22.27,0
U08989,2025-02-24,Pro,Australia,Referral,Startup,14,5,0,2,0,0,,79,22.27,632
U08990,2025-03-04,Pro,US,Referral,SMB,15,4,1,8,1,0,,79,51.22,790
U08991,2025-03-20,Free,India,Paid Search,Startup,3,4,1,2,0,0,,0,112.57,0
U08992,2025-03-01,Free,Australia,Organic,SMB,10,3,1,2,0,0,,0,46.77,0
U08993,2025-10-22,Pro,Australia,Paid Search,Startup,10,5,2,6,0,0,,79,74.09,869
U08994,2025-05-30,Pro,Australia,Organic,SMB,16,7,3,3,1,0,,79,35.46,790
U08995,2025-09-17,Free,US,Organic,Startup,12,4,0,4,0,1,2026-05-19,0,38.51,0
U08996,2025-09-18,Free,India,Organic,SMB,11,5,2,2,0,0,,0,30.45,0
U08997,2025-09-20,Pro,US,Organic,Startup,14,8,0,5,0,0,,79,23.9,869
U08998,2025-06-12,Pro,India,Partner,Mid-Market,11,8,0,3,1,1,2025-11-02,79,48.64,395
U08999,2025-05-17,Business,India,Partner,SMB,11,9,0,14,0,0,,249,29.55,2490
U09000,2025-01-09,Pro,US,Paid Search,SMB,12,4,1,3,0,0,,79,121.54,790
U09001,2025-05-03,Free,India,Organic,SMB,14,6,3,3,1,0,,0,24.22,0
U09002,2025-09-24,Pro,UK,Organic,Mid-Market,17,6,1,3,1,0,,79,28.55,948
U09003,2025-10-22,Pro,US,Paid Search,SMB,13,5,0,3,0,0,,79,151.06,869
U09004,2025-04-17,Free,Canada,Partner,SMB,11,3,4,3,0,1,2026-03-12,0,101.77,0
U09005,2025-01-24,Free,Canada,Paid Search,SMB,12,4,1,1,0,1,2025-06-11,0,112.44,0
U09006,2025-03-31,Pro,India,Paid Search,Mid-Market,15,10,1,3,1,0,,79,142.29,790
U09007,2025-07-20,Pro,Germany,Content,SMB,15,7,1,7,0,0,,79,33.54,790
U09008,2025-08-27,Free,India,Paid Search,Startup,6,5,3,2,0,0,,0,109.87,0
U09009,2025-09-11,Pro,US,Paid Search,Startup,13,3,2,3,1,1,2025-12-10,79,127.13,237
U09010,2025-08-12,Pro,Australia,Organic,SMB,17,4,1,5,1,0,,79,38.06,869
U09011,2025-08-16,Free,US,Paid Search,Mid-Market,12,3,3,1,0,0,,0,112.06,0
U09012,2025-02-01,Pro,US,Content,SMB,12,9,1,3,1,1,2025-04-30,79,21.19,237
U09013,2025-03-08,Free,India,Referral,SMB,13,4,2,4,0,0,,0,61.24,0
U09014,2025-06-30,Pro,India,Content,SMB,18,7,1,4,1,0,,79,22.95,632
U09015,2025-03-26,Pro,Germany,Paid Search,Startup,13,7,1,4,0,0,,79,100.26,1027
U09016,2025-07-22,Pro,UK,Paid Search,SMB,14,9,1,5,0,1,2025-09-15,79,81.46,158
U09017,2025-02-19,Business,India,Organic,SMB,16,10,2,10,0,1,2025-11-24,249,29.52,2241
U09018,2025-10-02,Pro,Australia,Partner,SMB,11,9,0,6,1,1,2026-05-10,79,72.76,553
U09019,2025-07-30,Free,India,Content,Startup,6,1,1,1,0,0,,0,56.44,0
U09020,2025-06-16,Free,Canada,Partner,SMB,13,2,0,1,0,0,,0,71.78,0
U09021,2025-02-19,Pro,US,Referral,SMB,17,8,0,4,0,0,,79,30.13,869
U09022,2025-04-10,Pro,UK,Partner,SMB,8,7,2,4,1,0,,79,73.61,948
U09023,2025-01-18,Free,US,Partner,Startup,11,2,0,3,0,0,,0,66.16,0
U09024,2025-04-19,Pro,UK,Paid Search,SMB,6,3,0,8,0,0,,79,106.4,948
U09025,2025-04-07,Pro,India,Organic,Startup,10,9,2,3,0,0,,79,42.32,711
U09026,2025-04-06,Free,India,Content,Startup,9,4,0,1,0,0,,0,34.83,0
U09027,2025-03-07,Pro,India,Organic,Startup,11,9,1,6,0,0,,79,11.39,1106
U09028,2025-01-27,Pro,Australia,Partner,SMB,12,3,2,3,0,0,,79,81.19,869
U09029,2025-09-02,Free,Canada,Paid Search,Startup,11,6,2,4,1,0,,0,98.69,0
U09030,2025-03-30,Free,US,Partner,Mid-Market,8,2,0,1,0,1,2025-12-11,0,63.4,0
U09031,2025-05-11,Pro,India,Referral,Mid-Market,14,6,1,4,0,0,,79,30.95,711
U09032,2025-03-18,Free,US,Partner,Startup,7,5,2,1,0,0,,0,72.35,0
U09033,2025-05-07,Business,US,Referral,Mid-Market,17,7,2,7,0,0,,249,24.47,3486
U09034,2025-08-13,Free,India,Content,Mid-Market,8,3,0,4,0,0,,0,27.73,0
U09035,2025-09-23,Free,India,Organic,Startup,11,2,0,3,0,1,2026-01-29,0,29.0,0
U09036,2025-09-16,Pro,Australia,Organic,Startup,13,3,1,2,0,0,,79,29.18,711
U09037,2025-08-16,Free,Australia,Organic,Mid-Market,14,3,0,2,0,0,,0,21.18,0
U09038,2025-09-27,Free,India,Paid Search,Startup,15,3,1,4,0,0,,0,73.07,0
U09039,2025-06-08,Pro,US,Organic,Startup,15,8,1,3,0,0,,79,45.63,1027
U09040,2025-04-07,Business,Australia,Content,Mid-Market,9,12,0,7,1,0,,249,37.5,2739
U09041,2025-06-11,Pro,UK,Paid Search,Startup,4,7,1,6,1,1,2025-11-16,79,97.06,395
U09042,2025-05-12,Pro,US,Content,SMB,11,4,2,3,1,0,,79,36.25,948
U09043,2025-06-11,Business,Australia,Organic,Startup,12,9,1,2,1,0,,249,24.04,2490
U09044,2025-02-28,Free,US,Content,Startup,8,1,2,3,0,0,,0,39.55,0
U09045,2025-04-21,Free,Canada,Paid Search,Startup,8,5,0,1,0,0,,0,70.24,0
U09046,2025-10-27,Free,US,Referral,SMB,15,7,1,3,0,0,,0,57.78,0
U09047,2025-07-08,Free,US,Organic,Startup,8,2,3,1,0,1,2026-02-27,0,36.93,0
U09048,2025-07-25,Pro,US,Content,Enterprise,6,3,0,7,0,0,,79,16.7,790
U09049,2025-07-15,Free,US,Paid Search,SMB,7,3,0,1,1,0,,0,101.41,0
U09050,2025-09-12,Business,India,Content,Mid-Market,13,8,0,4,1,0,,249,51.93,2490
U09051,2025-04-20,Free,Australia,Paid Search,Startup,5,5,2,1,0,0,,0,71.15,0
U09052,2025-10-05,Free,UK,Content,Startup,9,4,2,6,0,1,2025-12-05,0,37.96,0
U09053,2025-09-26,Pro,India,Organic,SMB,16,6,2,4,1,0,,79,19.19,790
U09054,2025-05-19,Free,US,Referral,Startup,8,3,3,6,0,0,,0,28.93,0
U09055,2025-01-16,Business,India,Content,SMB,19,9,2,6,1,0,,249,32.46,2241
U09056,2025-06-10,Free,Australia,Referral,SMB,9,2,0,2,0,1,2025-11-14,0,34.75,0
U09057,2025-05-02,Pro,Canada,Partner,SMB,11,10,3,3,0,0,,79,56.51,948
U09058,2025-05-09,Pro,India,Paid Search,Startup,14,7,0,7,1,1,2026-01-05,79,118.82,632
U09059,2025-07-13,Free,Canada,Organic,Enterprise,9,5,1,2,1,0,,0,43.53,0
U09060,2025-10-08,Pro,US,Referral,SMB,14,5,2,3,0,0,,79,37.88,790
U09061,2025-06-15,Pro,India,Paid Search,Mid-Market,12,9,2,3,1,1,2025-09-25,79,91.04,237
U09062,2025-07-26,Pro,Australia,Paid Search,Mid-Market,16,4,1,7,1,0,,79,112.95,1027
U09063,2025-08-12,Pro,India,Content,Mid-Market,11,7,0,4,0,0,,79,46.97,1027
U09064,2025-02-10,Free,Germany,Content,Startup,8,3,0,2,0,0,,0,26.22,0
U09065,2025-08-17,Free,India,Organic,Mid-Market,7,2,4,2,0,1,2025-12-24,0,35.72,0
U09066,2025-07-05,Free,India,Paid Search,Startup,17,1,0,1,0,0,,0,149.99,0
U09067,2025-06-05,Pro,India,Organic,Startup,12,4,1,2,0,0,,79,26.42,711
U09068,2025-01-30,Free,UK,Paid Search,Startup,10,7,2,3,0,1,2025-10-30,0,101.13,0
U09069,2025-01-22,Pro,US,Organic,Startup,11,5,1,6,0,0,,79,34.44,711
U09070,2025-03-20,Free,India,Partner,SMB,7,4,1,1,0,1,2025-10-27,0,80.19,0
U09071,2025-03-31,Pro,Australia,Referral,Startup,11,10,0,5,0,0,,79,43.12,869
U09072,2025-09-14,Free,Australia,Organic,Startup,13,2,0,3,0,0,,0,40.8,0
U09073,2025-06-23,Business,Canada,Paid Search,Enterprise,12,6,1,6,1,0,,249,89.59,3486
U09074,2025-07-18,Business,US,Paid Search,Enterprise,11,9,3,8,1,0,,249,118.03,3237
U09075,2025-09-24,Pro,Australia,Organic,SMB,11,7,1,3,1,1,2026-07-22,79,24.93,790
U09076,2025-09-23,Business,US,Organic,Mid-Market,13,8,0,9,0,0,,249,14.86,2739
U09077,2025-09-12,Pro,US,Content,Mid-Market,6,7,0,4,1,0,,79,21.81,1027
U09078,2025-02-03,Free,Canada,Paid Search,SMB,9,1,0,4,0,1,2025-05-21,0,105.11,0
U09079,2025-04-26,Free,Australia,Content,Startup,6,4,3,2,0,1,2025-11-21,0,46.7,0
U09080,2025-10-07,Pro,Australia,Organic,Startup,13,2,0,3,1,0,,79,11.72,711
U09081,2025-07-28,Business,India,Paid Search,Startup,18,9,2,11,0,0,,249,72.73,3237
U09082,2025-05-09,Free,US,Content,SMB,6,3,2,2,1,1,2025-09-10,0,21.62,0
U09083,2025-07-23,Pro,India,Content,SMB,11,6,2,5,0,0,,79,50.93,948
U09084,2025-04-02,Free,US,Paid Search,SMB,12,7,0,2,0,1,2025-11-29,0,143.34,0
U09085,2025-09-14,Pro,Australia,Referral,Startup,20,5,0,4,1,0,,79,32.55,869
U09086,2025-10-23,Business,US,Partner,Startup,12,9,0,4,1,0,,249,49.56,2739
U09087,2025-05-20,Pro,US,Organic,SMB,14,7,1,4,0,0,,79,20.84,1027
U09088,2025-01-31,Pro,Canada,Organic,Mid-Market,6,5,1,2,0,1,2025-12-06,79,25.29,790
U09089,2025-09-15,Free,US,Organic,SMB,4,5,0,1,0,0,,0,28.14,0
U09090,2025-01-12,Business,Canada,Partner,Startup,11,8,1,4,1,0,,249,66.36,2241
U09091,2025-03-09,Free,US,Referral,Mid-Market,9,6,4,2,0,0,,0,29.45,0
U09092,2025-03-09,Free,Germany,Organic,SMB,9,6,0,2,0,0,,0,36.13,0
U09093,2025-01-29,Pro,India,Organic,SMB,15,6,2,5,0,0,,79,18.99,869
U09094,2025-09-03,Free,US,Partner,SMB,4,4,2,4,0,0,,0,63.81,0
U09095,2025-07-14,Business,Canada,Content,Startup,16,7,1,11,0,0,,249,44.68,3237
U09096,2025-07-12,Business,Canada,Organic,Startup,11,6,2,6,1,0,,249,33.6,2490
U09097,2025-06-09,Free,UK,Paid Search,SMB,8,2,2,3,0,0,,0,79.57,0
U09098,2025-09-19,Free,US,Referral,Enterprise,9,3,2,3,0,0,,0,43.24,0
U09099,2025-03-28,Pro,India,Referral,Startup,19,3,2,1,1,0,,79,44.2,1027
U09100,2025-08-02,Free,Germany,Paid Search,SMB,3,3,1,2,0,0,,0,83.38,0
U09101,2025-06-23,Free,US,Organic,SMB,7,2,0,3,0,1,2026-03-23,0,41.44,0
U09102,2025-10-18,Pro,US,Paid Search,SMB,15,5,0,4,0,0,,79,106.56,1027
U09103,2025-07-25,Free,US,Paid Search,Startup,8,6,0,2,0,0,,0,92.15,0
U09104,2025-09-26,Free,UK,Referral,Startup,9,2,1,5,0,0,,0,28.53,0
U09105,2025-03-29,Pro,US,Content,SMB,10,7,0,9,0,0,,79,50.56,1027
U09106,2025-06-05,Pro,India,Referral,Enterprise,15,5,1,4,1,1,2025-07-23,79,28.48,158
U09107,2025-06-07,Free,UK,Organic,Mid-Market,6,3,1,5,0,1,2025-09-30,0,24.35,0
U09108,2025-08-30,Free,Germany,Referral,Startup,6,4,1,3,0,1,2026-02-11,0,29.86,0
U09109,2025-09-23,Pro,UK,Partner,SMB,23,6,1,7,0,0,,79,96.39,1027
U09110,2025-09-02,Free,India,Paid Search,Enterprise,8,2,1,2,0,1,2026-02-26,0,80.56,0
U09111,2025-01-25,Business,US,Organic,SMB,10,7,0,10,0,1,2025-11-24,249,33.93,2490
U09112,2025-02-08,Pro,Canada,Referral,SMB,16,6,2,4,0,0,,79,27.92,1027
U09113,2025-04-23,Pro,India,Referral,Enterprise,8,4,0,7,1,1,2025-10-29,79,19.72,474
U09114,2025-07-31,Pro,Australia,Organic,SMB,6,5,0,6,1,1,2025-11-01,79,48.32,237
U09115,2025-02-10,Free,US,Organic,Enterprise,4,2,1,4,0,0,,0,34.05,0
U09116,2025-05-23,Business,US,Referral,SMB,16,9,1,11,1,0,,249,47.01,2241
U09117,2025-02-11,Pro,India,Paid Search,SMB,10,5,2,7,0,0,,79,94.44,711
U09118,2025-02-03,Free,India,Content,SMB,7,4,2,5,1,0,,0,29.08,0
U09119,2025-09-01,Pro,India,Referral,SMB,7,2,0,6,0,1,2026-04-08,79,26.61,553
U09120,2025-05-10,Free,UK,Organic,SMB,10,4,3,4,0,1,2026-02-17,0,39.14,0
U09121,2025-07-27,Free,US,Referral,Mid-Market,7,1,0,4,0,0,,0,27.38,0
U09122,2025-01-06,Free,India,Paid Search,SMB,7,1,3,2,0,1,2025-09-14,0,61.58,0
U09123,2025-04-29,Pro,US,Paid Search,SMB,13,7,2,4,1,0,,79,89.42,948
U09124,2025-05-20,Pro,US,Referral,SMB,10,10,0,1,0,0,,79,23.53,790
U09125,2025-10-18,Pro,US,Referral,Startup,20,6,1,6,1,0,,79,42.72,948
U09126,2025-01-03,Pro,US,Paid Search,Mid-Market,12,4,1,5,1,1,2025-09-15,79,50.9,632
U09127,2025-05-23,Pro,US,Paid Search,Mid-Market,12,8,0,2,0,0,,79,58.49,711
U09128,2025-08-31,Pro,India,Content,Mid-Market,14,6,1,7,0,1,2026-01-09,79,40.58,316
U09129,2025-01-29,Pro,US,Referral,Mid-Market,10,7,0,3,0,0,,79,48.6,869
U09130,2025-03-01,Free,Canada,Paid Search,SMB,6,2,0,3,0,1,2025-12-28,0,85.86,0
U09131,2025-07-31,Free,India,Partner,Startup,4,5,4,1,0,0,,0,85.18,0
U09132,2025-03-14,Free,US,Content,Mid-Market,6,3,3,2,0,0,,0,45.42,0
U09133,2025-06-05,Free,Germany,Paid Search,SMB,6,6,0,3,0,0,,0,107.27,0
U09134,2025-09-24,Free,India,Content,Startup,8,2,0,1,0,0,,0,49.03,0
U09135,2025-10-12,Free,Canada,Content,Startup,7,7,0,5,0,0,,0,19.23,0
U09136,2025-05-11,Business,UK,Referral,SMB,10,8,0,10,0,0,,249,47.35,3237
U09137,2025-05-28,Business,India,Paid Search,SMB,10,8,1,6,1,1,2026-02-14,249,112.68,2241
U09138,2025-04-02,Pro,India,Partner,SMB,13,5,0,5,0,0,,79,96.31,790
U09139,2025-05-26,Pro,India,Referral,Startup,12,7,1,3,0,1,2025-09-03,79,28.0,237
U09140,2025-01-20,Free,US,Referral,Mid-Market,8,6,0,1,0,0,,0,57.0,0
U09141,2025-09-21,Pro,US,Referral,SMB,11,5,1,7,0,0,,79,31.66,948
U09142,2025-07-01,Free,UK,Paid Search,Mid-Market,6,4,0,4,0,0,,0,124.53,0
U09143,2025-05-30,Free,US,Partner,Mid-Market,15,1,1,1,0,0,,0,46.97,0
U09144,2025-08-20,Free,US,Organic,Startup,13,3,1,3,0,1,2025-09-28,0,43.73,0
U09145,2025-02-08,Pro,Canada,Organic,SMB,15,7,2,4,0,0,,79,23.92,790
U09146,2025-01-09,Pro,US,Organic,Mid-Market,9,9,1,5,0,0,,79,36.62,948
U09147,2025-10-24,Free,US,Content,Mid-Market,13,1,1,2,0,0,,0,24.81,0
U09148,2025-09-27,Free,Canada,Paid Search,SMB,5,4,3,2,0,0,,0,55.87,0
U09149,2025-04-25,Pro,Australia,Content,Enterprise,8,6,2,7,0,0,,79,32.76,1106
U09150,2025-02-23,Free,Germany,Organic,Startup,7,5,1,4,0,0,,0,13.05,0
U09151,2025-10-16,Free,US,Referral,Startup,12,3,0,2,0,0,,0,36.58,0
U09152,2025-06-06,Free,Germany,Organic,Startup,10,6,1,2,0,1,2025-10-07,0,47.36,0
U09153,2025-01-07,Pro,India,Referral,Mid-Market,10,5,2,5,0,0,,79,29.48,711
U09154,2025-01-20,Free,US,Partner,Startup,9,1,3,2,0,0,,0,89.7,0
U09155,2025-06-09,Free,UK,Referral,Startup,8,3,0,3,0,0,,0,20.5,0
U09156,2025-08-12,Free,India,Referral,Startup,11,4,0,2,0,0,,0,40.41,0
U09157,2025-03-22,Pro,India,Organic,Startup,11,4,2,9,0,0,,79,33.34,869
U09158,2025-09-16,Free,US,Paid Search,Mid-Market,8,2,5,3,0,1,2026-07-18,0,120.85,0
U09159,2025-09-07,Pro,US,Paid Search,SMB,8,6,1,5,1,1,2025-11-19,79,67.88,158
U09160,2025-03-08,Free,Germany,Paid Search,Startup,9,3,2,3,0,0,,0,87.95,0
U09161,2025-01-04,Free,Canada,Content,SMB,11,3,2,1,0,0,,0,42.53,0
U09162,2025-07-24,Pro,Germany,Organic,Startup,14,8,3,5,0,1,2026-05-26,79,32.32,790
U09163,2025-04-25,Business,India,Content,Startup,18,8,4,9,1,0,,249,34.63,2739
U09164,2025-07-16,Free,Australia,Paid Search,SMB,8,1,2,2,0,0,,0,78.09,0
U09165,2025-04-17,Business,US,Partner,Startup,17,8,1,13,0,0,,249,51.72,2988
U09166,2025-10-11,Free,US,Referral,Startup,4,6,1,1,0,0,,0,27.38,0
U09167,2025-08-05,Free,US,Organic,Mid-Market,8,4,2,5,0,1,2026-01-24,0,20.84,0
U09168,2025-06-25,Pro,India,Paid Search,SMB,15,8,3,4,1,0,,79,109.05,948
U09169,2025-01-22,Free,Germany,Paid Search,Mid-Market,4,4,0,2,0,1,2025-10-30,0,95.84,0
U09170,2025-05-22,Pro,India,Partner,Startup,14,5,2,4,1,0,,79,69.16,869
U09171,2025-08-16,Free,US,Organic,Startup,8,3,0,3,0,1,2025-12-15,0,15.17,0
U09172,2025-02-23,Free,US,Paid Search,SMB,4,1,1,4,0,1,2025-07-19,0,116.33,0
U09173,2025-08-29,Free,India,Referral,Startup,9,2,1,3,1,0,,0,37.12,0
U09174,2025-02-21,Business,Canada,Partner,Startup,14,8,2,14,1,0,,249,63.78,2241
U09175,2025-06-14,Pro,Australia,Organic,SMB,11,4,0,4,1,0,,79,22.3,869
U09176,2025-02-19,Free,Germany,Content,Enterprise,12,5,2,2,0,0,,0,45.84,0
U09177,2025-01-11,Free,US,Partner,Startup,12,4,0,2,0,0,,0,59.67,0
U09178,2025-01-07,Pro,UK,Paid Search,SMB,9,4,0,5,0,0,,79,105.82,1027
U09179,2025-03-15,Business,India,Paid Search,SMB,17,9,2,11,1,0,,249,77.94,3486
U09180,2025-06-19,Pro,Canada,Organic,Startup,10,7,1,6,0,0,,79,28.68,711
U09181,2025-03-01,Business,India,Content,SMB,19,11,1,7,0,0,,249,45.37,2739
U09182,2025-09-15,Free,India,Content,SMB,9,3,2,1,0,1,2025-10-29,0,30.66,0
U09183,2025-09-12,Free,US,Referral,Startup,12,6,0,1,0,0,,0,14.13,0
U09184,2025-09-08,Free,India,Referral,Mid-Market,4,3,2,2,0,0,,0,30.69,0
U09185,2025-01-18,Free,Australia,Organic,SMB,5,4,1,4,0,0,,0,42.52,0
U09186,2025-03-22,Pro,US,Content,Enterprise,13,3,0,8,0,0,,79,35.51,790
U09187,2025-01-26,Pro,US,Referral,Mid-Market,14,8,0,4,0,1,2025-05-27,79,20.43,316
U09188,2025-05-24,Pro,India,Organic,Mid-Market,12,2,0,4,0,0,,79,40.62,869
U09189,2025-06-10,Business,UK,Paid Search,Startup,14,11,0,8,0,1,2025-12-13,249,79.51,1494
U09190,2025-09-17,Free,US,Organic,SMB,5,2,1,1,0,1,2026-03-31,0,46.47,0
U09191,2025-10-03,Free,Germany,Paid Search,Enterprise,14,1,4,2,0,1,2026-02-12,0,94.5,0
U09192,2025-02-19,Free,US,Referral,SMB,7,1,0,2,0,1,2025-11-11,0,28.23,0
U09193,2025-09-29,Free,Canada,Paid Search,Startup,7,5,0,2,0,0,,0,97.23,0
U09194,2025-05-18,Free,Australia,Content,SMB,7,4,2,3,0,0,,0,23.22,0
U09195,2025-04-23,Pro,India,Referral,Mid-Market,17,6,0,6,0,0,,79,38.2,711
U09196,2025-05-04,Free,US,Paid Search,SMB,14,1,1,3,0,0,,0,121.14,0
U09197,2025-10-15,Pro,India,Referral,SMB,14,5,0,6,0,0,,79,40.56,1027
U09198,2025-10-08,Business,UK,Referral,Mid-Market,16,7,0,6,1,0,,249,44.11,2490
U09199,2025-06-09,Pro,India,Paid Search,Mid-Market,14,4,0,1,1,0,,79,91.28,1106
U09200,2025-07-13,Pro,US,Organic,Startup,17,7,2,6,0,0,,79,37.91,711
U09201,2025-06-05,Free,US,Paid Search,Startup,9,1,0,2,0,0,,0,91.06,0
U09202,2025-08-14,Business,Australia,Paid Search,SMB,13,10,2,11,0,0,,249,75.97,2490
U09203,2025-06-09,Pro,US,Paid Search,Mid-Market,11,4,3,4,0,0,,79,91.69,711
U09204,2025-09-30,Free,India,Content,Startup,9,1,5,2,0,0,,0,47.62,0
U09205,2025-02-07,Pro,UK,Paid Search,Mid-Market,18,4,0,6,1,0,,79,102.11,948
U09206,2025-03-26,Pro,US,Organic,SMB,12,7,0,4,0,0,,79,48.22,790
U09207,2025-09-21,Free,US,Organic,SMB,6,4,1,3,0,0,,0,30.05,0
U09208,2025-01-26,Pro,UK,Organic,Mid-Market,15,5,0,4,0,0,,79,21.99,1027
U09209,2025-08-16,Free,India,Organic,SMB,11,1,2,2,1,0,,0,42.21,0
U09210,2025-09-18,Free,Canada,Organic,Startup,6,2,2,5,0,1,2026-08-03,0,39.59,0
U09211,2025-10-03,Pro,Germany,Referral,Mid-Market,13,5,2,5,0,0,,79,22.26,711
U09212,2025-07-02,Pro,US,Organic,SMB,9,7,2,3,1,0,,79,48.13,948
U09213,2025-08-21,Free,India,Paid Search,SMB,7,3,2,3,0,1,2026-07-04,0,109.14,0
U09214,2025-07-14,Pro,UK,Organic,SMB,7,7,0,7,0,0,,79,39.45,632
U09215,2025-08-30,Free,US,Organic,Startup,6,4,2,2,0,0,,0,20.91,0
U09216,2025-04-18,Pro,Germany,Paid Search,SMB,16,4,0,6,0,0,,79,93.48,1027
U09217,2025-02-09,Pro,Australia,Content,SMB,16,5,0,4,0,1,2025-10-06,79,31.8,632
U09218,2025-09-08,Business,UK,Content,SMB,10,6,0,8,1,0,,249,42.5,3486
U09219,2025-03-19,Pro,India,Content,Mid-Market,13,6,4,2,0,1,2025-12-01,79,39.33,711
U09220,2025-09-15,Pro,US,Paid Search,SMB,12,3,1,5,0,0,,79,97.97,1106
U09221,2025-07-26,Pro,UK,Partner,Startup,11,10,0,3,0,0,,79,74.4,869
U09222,2025-07-23,Free,India,Referral,SMB,13,2,4,2,0,1,2025-10-05,0,31.92,0
U09223,2025-09-17,Free,US,Referral,SMB,8,3,1,3,0,1,2026-01-16,0,23.52,0
U09224,2025-05-02,Pro,India,Paid Search,Startup,15,6,2,4,0,1,2025-11-07,79,68.37,474
U09225,2025-06-08,Free,India,Paid Search,Enterprise,9,5,1,1,1,0,,0,110.34,0
U09226,2025-03-09,Free,India,Content,SMB,6,5,2,1,0,0,,0,57.43,0
U09227,2025-05-23,Pro,India,Organic,SMB,16,5,1,6,0,0,,79,48.93,790
U09228,2025-09-10,Free,India,Organic,Mid-Market,10,6,1,1,0,0,,0,27.49,0
U09229,2025-02-15,Free,Canada,Organic,Startup,11,4,1,4,0,1,2025-04-08,0,51.48,0
U09230,2025-01-27,Pro,US,Content,Mid-Market,10,7,0,4,0,0,,79,50.16,711
U09231,2025-03-27,Pro,India,Referral,Mid-Market,22,5,1,6,0,1,2025-11-14,79,50.91,632
U09232,2025-06-04,Pro,India,Referral,Mid-Market,10,8,1,6,0,0,,79,28.1,948
U09233,2025-07-09,Pro,India,Paid Search,Startup,11,8,4,4,0,0,,79,71.41,1106
U09234,2025-05-18,Business,US,Content,Mid-Market,8,8,1,7,1,0,,249,36.0,3237
U09235,2025-03-09,Pro,Australia,Referral,Startup,12,7,2,6,1,0,,79,18.38,711
U09236,2025-01-09,Pro,India,Paid Search,SMB,12,6,1,3,0,0,,79,106.04,948
U09237,2025-10-11,Business,India,Paid Search,Startup,13,7,3,2,0,0,,249,90.76,2241
U09238,2025-02-22,Free,US,Organic,SMB,6,5,2,3,0,1,2025-09-11,0,16.49,0
U09239,2025-05-15,Business,India,Paid Search,SMB,15,8,0,8,1,1,2025-09-29,249,65.78,1245
U09240,2025-07-13,Pro,US,Referral,Mid-Market,13,6,1,6,0,0,,79,23.6,711
U09241,2025-08-23,Pro,Canada,Paid Search,Enterprise,6,5,0,5,1,0,,79,84.09,1027
U09242,2025-08-16,Pro,Canada,Content,SMB,14,7,2,6,0,0,,79,34.62,711
U09243,2025-06-22,Free,UK,Paid Search,Startup,8,4,2,5,0,0,,0,80.08,0
U09244,2025-06-27,Pro,Australia,Paid Search,SMB,13,5,0,4,0,1,2026-03-12,79,76.19,711
U09245,2025-06-28,Free,US,Content,SMB,13,2,5,5,0,1,2026-04-17,0,32.24,0
U09246,2025-08-27,Business,UK,Content,Mid-Market,16,11,1,7,0,1,2026-04-19,249,54.44,1992
U09247,2025-04-13,Pro,US,Organic,Startup,7,10,0,7,0,1,2026-01-29,79,29.01,790
U09248,2025-02-22,Free,India,Paid Search,Mid-Market,6,3,1,2,0,0,,0,50.78,0
U09249,2025-05-31,Pro,US,Referral,Startup,4,7,1,5,0,1,2025-12-09,79,28.39,474
U09250,2025-01-02,Pro,India,Referral,Startup,17,6,3,3,1,1,2025-09-04,79,39.08,632
U09251,2025-06-26,Free,India,Organic,Startup,8,3,3,2,0,0,,0,31.74,0
U09252,2025-03-01,Pro,India,Referral,Mid-Market,11,4,1,5,0,0,,79,48.07,790
U09253,2025-10-18,Free,US,Paid Search,Mid-Market,9,6,5,1,0,0,,0,94.05,0
U09254,2025-02-03,Business,UK,Partner,SMB,15,7,2,7,1,0,,249,66.07,2241
U09255,2025-09-07,Pro,US,Organic,SMB,8,4,0,2,0,0,,79,37.61,1106
U09256,2025-05-01,Pro,Australia,Partner,Startup,12,8,0,4,0,0,,79,77.32,1106
U09257,2025-02-13,Free,US,Paid Search,Mid-Market,6,4,2,1,0,0,,0,84.55,0
U09258,2025-03-27,Free,India,Referral,Startup,13,5,0,2,0,0,,0,38.97,0
U09259,2025-07-16,Pro,India,Content,Startup,12,4,1,7,1,0,,79,43.45,869
U09260,2025-10-19,Free,UK,Paid Search,SMB,7,2,0,5,0,0,,0,149.95,0
U09261,2025-06-05,Pro,US,Organic,SMB,6,5,0,7,0,0,,79,29.59,711
U09262,2025-01-28,Pro,Germany,Partner,SMB,10,4,0,6,1,1,2025-11-03,79,62.35,711
U09263,2025-09-13,Pro,US,Organic,Mid-Market,14,5,0,5,0,0,,79,52.29,1106
U09264,2025-01-07,Free,Canada,Organic,Startup,10,3,0,3,0,1,2025-02-12,0,44.55,0
U09265,2025-10-07,Free,Germany,Referral,SMB,3,5,1,1,0,0,,0,27.78,0
U09266,2025-09-16,Free,UK,Content,SMB,2,1,1,3,0,0,,0,33.63,0
U09267,2025-03-03,Free,US,Paid Search,SMB,10,4,0,1,0,0,,0,64.4,0
U09268,2025-02-21,Pro,US,Referral,Mid-Market,11,8,0,2,0,0,,79,27.02,1106
U09269,2025-09-19,Free,US,Content,Startup,8,4,3,2,0,0,,0,24.63,0
U09270,2025-02-03,Business,Australia,Organic,Startup,21,5,2,11,0,0,,249,48.08,3237
U09271,2025-08-10,Free,India,Referral,SMB,2,3,1,2,0,0,,0,48.22,0
U09272,2025-01-05,Pro,India,Content,SMB,17,8,2,6,1,1,2025-05-22,79,12.62,395
U09273,2025-07-24,Free,India,Referral,SMB,7,1,1,3,0,1,2025-12-19,0,13.97,0
U09274,2025-09-06,Free,UK,Content,Mid-Market,7,3,0,4,0,0,,0,21.94,0
U09275,2025-10-06,Pro,India,Referral,Enterprise,5,4,1,5,0,0,,79,30.12,869
U09276,2025-04-10,Free,Canada,Content,Startup,10,3,2,3,0,1,2026-01-21,0,37.39,0
U09277,2025-06-20,Pro,India,Organic,Startup,8,7,1,5,0,0,,79,23.05,1106
U09278,2025-02-02,Pro,US,Partner,SMB,9,4,3,7,0,0,,79,70.13,869
U09279,2025-01-17,Free,UK,Organic,Mid-Market,11,6,3,1,0,0,,0,62.13,0
U09280,2025-07-30,Free,India,Organic,SMB,7,1,1,2,0,1,2026-02-12,0,25.46,0
U09281,2025-10-11,Business,India,Paid Search,SMB,8,8,1,5,0,0,,249,67.04,3486
U09282,2025-07-17,Pro,India,Referral,Startup,19,6,2,5,0,1,2026-04-23,79,21.66,711
U09283,2025-02-11,Free,US,Content,Startup,10,6,4,2,0,0,,0,41.04,0
U09284,2025-04-29,Pro,India,Paid Search,Mid-Market,13,9,0,4,0,1,2025-10-19,79,100.79,474
U09285,2025-02-06,Business,Australia,Paid Search,Startup,18,8,1,6,0,1,2025-10-25,249,69.96,2241
U09286,2025-01-25,Free,US,Paid Search,SMB,5,4,2,3,0,1,2025-04-15,0,86.02,0
U09287,2025-09-01,Free,UK,Content,SMB,10,2,0,1,0,0,,0,29.15,0
U09288,2025-04-05,Free,Germany,Organic,SMB,4,1,1,3,0,1,2025-06-16,0,27.78,0
U09289,2025-10-23,Pro,India,Paid Search,SMB,6,5,0,6,0,0,,79,113.75,1106
U09290,2025-07-29,Free,India,Referral,Startup,6,3,0,3,0,0,,0,39.53,0
U09291,2025-09-15,Free,India,Partner,Enterprise,6,2,1,3,0,0,,0,49.03,0
U09292,2025-07-27,Free,India,Organic,Startup,17,3,1,1,0,0,,0,15.86,0
U09293,2025-03-09,Pro,UK,Organic,Startup,10,7,1,8,0,0,,79,22.8,1106
U09294,2025-07-11,Free,India,Organic,Mid-Market,9,4,2,1,1,0,,0,56.54,0
U09295,2025-02-19,Pro,India,Partner,SMB,13,7,1,1,0,0,,79,75.72,1027
U09296,2025-03-14,Free,India,Content,SMB,7,4,3,5,0,1,2025-10-11,0,34.17,0
U09297,2025-08-30,Business,Germany,Content,Startup,17,9,1,7,1,0,,249,32.02,2988
U09298,2025-04-14,Free,US,Organic,Startup,5,2,1,2,0,1,2026-01-02,0,34.45,0
U09299,2025-02-14,Free,Canada,Organic,SMB,12,5,3,2,0,1,2025-09-20,0,40.51,0
U09300,2025-08-01,Free,UK,Partner,Mid-Market,5,5,3,2,1,0,,0,77.46,0
U09301,2025-01-20,Free,India,Paid Search,Startup,13,1,2,2,0,1,2025-09-29,0,92.97,0
U09302,2025-09-02,Free,US,Referral,Startup,6,5,1,3,1,0,,0,11.35,0
U09303,2025-06-06,Pro,Canada,Organic,SMB,6,4,2,4,0,0,,79,28.66,711
U09304,2025-09-09,Business,India,Paid Search,SMB,17,8,0,8,0,0,,249,88.34,2241
U09305,2025-02-13,Free,India,Referral,Mid-Market,10,2,2,1,0,0,,0,40.43,0
U09306,2025-05-17,Free,India,Paid Search,SMB,11,3,3,2,0,1,2025-08-06,0,112.72,0
U09307,2025-01-17,Free,Canada,Referral,SMB,6,4,2,4,0,1,2025-08-13,0,32.89,0
U09308,2025-09-20,Pro,UK,Organic,Enterprise,19,7,1,2,1,0,,79,24.54,1106
U09309,2025-08-24,Pro,UK,Paid Search,Startup,11,8,0,8,0,0,,79,76.75,790
U09310,2025-09-09,Pro,Australia,Content,Startup,13,3,3,4,0,1,2025-10-31,79,51.64,158
U09311,2025-09-11,Free,India,Organic,Startup,4,4,0,4,0,0,,0,19.52,0
U09312,2025-10-19,Business,India,Content,SMB,18,8,2,5,0,0,,249,35.09,2490
U09313,2025-02-18,Free,India,Organic,Enterprise,5,7,0,4,0,1,2025-11-26,0,33.55,0
U09314,2025-01-25,Free,Germany,Organic,Startup,15,2,0,2,0,1,2025-03-06,0,16.25,0
U09315,2025-07-27,Pro,US,Organic,Mid-Market,12,4,1,3,1,0,,79,37.71,632
U09316,2025-04-06,Pro,US,Referral,Mid-Market,7,9,0,7,0,0,,79,24.66,711
U09317,2025-02-17,Free,US,Referral,Startup,9,3,1,4,0,1,2025-05-13,0,22.34,0
U09318,2025-07-13,Free,US,Organic,SMB,7,1,1,3,0,1,2026-04-23,0,29.51,0
U09319,2025-04-20,Pro,India,Referral,Startup,17,5,1,5,0,0,,79,56.52,1106
U09320,2025-07-19,Free,India,Organic,Startup,6,7,1,3,0,1,2025-12-26,0,30.9,0
U09321,2025-09-13,Free,Canada,Paid Search,SMB,8,3,2,3,0,0,,0,125.93,0
U09322,2025-05-18,Free,India,Content,Startup,6,6,1,5,0,0,,0,32.16,0
U09323,2025-09-11,Pro,US,Partner,SMB,10,6,0,7,0,0,,79,70.97,948
U09324,2025-02-01,Free,Canada,Paid Search,Mid-Market,9,3,1,1,1,1,2025-10-08,0,94.97,0
U09325,2025-01-26,Free,India,Partner,SMB,7,2,3,1,0,1,2025-08-27,0,66.79,0
U09326,2025-09-17,Free,US,Organic,SMB,12,2,0,3,0,1,2025-12-21,0,53.14,0
U09327,2025-09-12,Business,India,Organic,SMB,14,11,0,10,1,0,,249,21.15,2739
U09328,2025-04-30,Pro,India,Organic,Startup,8,6,3,5,0,1,2026-01-26,79,16.79,711
U09329,2025-07-30,Free,US,Referral,Startup,7,3,2,4,0,0,,0,40.19,0
U09330,2025-02-22,Free,India,Organic,Startup,4,2,1,1,1,0,,0,43.68,0
U09331,2025-06-15,Pro,US,Paid Search,Startup,13,7,1,2,0,0,,79,97.45,711
U09332,2025-01-29,Pro,Canada,Referral,Startup,15,6,0,4,0,1,2025-03-30,79,34.33,158
U09333,2025-06-12,Pro,Germany,Paid Search,SMB,16,8,0,3,0,0,,79,53.84,1027
U09334,2025-07-05,Pro,Canada,Paid Search,Startup,18,7,1,2,0,0,,79,119.66,948
U09335,2025-08-11,Free,Australia,Partner,SMB,5,3,2,3,0,0,,0,77.79,0
U09336,2025-03-26,Free,UK,Organic,Startup,9,1,1,1,0,1,2025-06-12,0,35.57,0
U09337,2025-03-21,Free,Australia,Content,SMB,12,3,1,1,0,0,,0,20.27,0
U09338,2025-08-07,Free,Germany,Organic,Startup,7,4,0,3,0,1,2025-11-27,0,37.36,0
U09339,2025-03-06,Free,Germany,Paid Search,SMB,11,4,0,2,0,0,,0,103.76,0
U09340,2025-02-19,Free,India,Organic,Startup,10,2,3,3,1,1,2025-09-30,0,39.63,0
U09341,2025-06-27,Free,US,Referral,SMB,7,3,1,3,1,1,2026-04-11,0,36.97,0
U09342,2025-03-17,Free,US,Organic,SMB,9,4,0,3,0,0,,0,47.58,0
U09343,2025-07-24,Pro,US,Referral,Startup,19,6,1,3,0,0,,79,50.43,790
U09344,2025-04-30,Pro,UK,Organic,Enterprise,9,7,3,5,0,0,,79,49.36,1106
U09345,2025-01-29,Free,India,Paid Search,Enterprise,6,4,0,1,0,0,,0,100.66,0
U09346,2025-04-27,Pro,India,Partner,SMB,16,6,1,3,0,0,,79,76.69,1027
U09347,2025-07-30,Free,India,Referral,Mid-Market,9,4,1,3,0,0,,0,36.58,0
U09348,2025-05-02,Free,Canada,Referral,SMB,9,3,0,2,0,1,2026-02-27,0,21.55,0
U09349,2025-05-19,Pro,US,Content,Mid-Market,11,7,0,2,0,0,,79,41.22,869
U09350,2025-06-03,Free,US,Content,Mid-Market,9,2,0,2,0,0,,0,36.06,0
U09351,2025-02-22,Free,India,Content,SMB,5,7,1,3,0,0,,0,20.04,0
U09352,2025-07-20,Free,US,Organic,SMB,10,3,3,2,0,0,,0,42.63,0
U09353,2025-05-17,Pro,UK,Referral,Startup,7,6,2,4,0,0,,79,47.56,869
U09354,2025-03-10,Free,Australia,Referral,Startup,12,3,1,1,0,0,,0,37.19,0
U09355,2025-10-09,Free,US,Organic,SMB,9,2,0,2,0,0,,0,47.21,0
U09356,2025-03-22,Free,US,Partner,Startup,5,6,1,1,0,1,2026-01-19,0,98.71,0
U09357,2025-04-28,Free,Canada,Referral,SMB,8,1,4,4,0,0,,0,20.14,0
U09358,2025-10-27,Free,UK,Organic,SMB,12,1,2,2,0,0,,0,38.15,0
U09359,2025-07-13,Free,US,Organic,SMB,10,1,2,2,0,1,2026-05-01,0,34.59,0
U09360,2025-07-12,Pro,US,Organic,Mid-Market,13,8,2,7,0,0,,79,39.5,1106
U09361,2025-01-11,Pro,India,Partner,SMB,10,4,2,9,0,1,2025-02-22,79,88.28,79
U09362,2025-02-16,Free,Germany,Content,Mid-Market,12,7,1,2,0,0,,0,19.43,0
U09363,2025-02-12,Pro,India,Organic,Startup,20,6,0,8,0,0,,79,27.89,1106
U09364,2025-06-07,Free,US,Partner,SMB,10,4,0,4,0,0,,0,82.32,0
U09365,2025-06-02,Free,Germany,Content,Startup,7,1,3,3,0,1,2025-11-10,0,28.15,0
U09366,2025-04-08,Free,India,Organic,SMB,8,1,1,2,0,0,,0,22.95,0
U09367,2025-06-11,Pro,US,Referral,Mid-Market,8,6,1,5,1,0,,79,25.71,711
U09368,2025-08-27,Free,India,Referral,SMB,2,2,0,2,0,0,,0,19.71,0
U09369,2025-02-26,Free,Germany,Referral,SMB,7,5,2,3,1,0,,0,46.23,0
U09370,2025-01-08,Free,US,Referral,Mid-Market,13,5,3,3,0,0,,0,40.21,0
U09371,2025-03-23,Pro,US,Partner,SMB,15,7,0,6,0,0,,79,65.42,790
U09372,2025-09-07,Pro,UK,Content,SMB,11,8,1,2,1,1,2025-12-29,79,35.62,316
U09373,2025-01-07,Free,US,Content,Mid-Market,9,4,1,1,0,0,,0,28.44,0
U09374,2025-03-16,Pro,Germany,Paid Search,Mid-Market,18,8,2,4,1,0,,79,76.51,948
U09375,2025-03-14,Free,India,Organic,SMB,9,3,2,2,0,1,2025-11-11,0,42.25,0
U09376,2025-03-25,Free,Germany,Referral,Startup,8,3,2,2,0,0,,0,23.51,0
U09377,2025-05-14,Pro,Australia,Organic,Mid-Market,8,5,2,6,0,0,,79,35.84,1027
U09378,2025-05-14,Free,India,Organic,Mid-Market,5,2,1,3,0,0,,0,34.71,0
U09379,2025-07-26,Business,Germany,Organic,Startup,12,11,0,7,0,1,2026-02-28,249,35.4,1743
U09380,2025-08-10,Free,Germany,Paid Search,Startup,12,4,0,1,1,1,2026-04-25,0,79.5,0
U09381,2025-06-19,Pro,US,Organic,SMB,9,5,0,6,0,0,,79,23.84,1027
U09382,2025-06-07,Pro,US,Organic,Mid-Market,15,6,0,3,0,0,,79,39.46,1027
U09383,2025-01-09,Business,Canada,Paid Search,Enterprise,16,8,0,9,0,0,,249,99.69,2739
U09384,2025-04-28,Free,UK,Content,Startup,12,4,2,3,0,1,2025-06-14,0,20.61,0
U09385,2025-04-16,Free,India,Referral,Startup,11,6,3,3,1,0,,0,38.77,0
U09386,2025-08-26,Pro,India,Content,Mid-Market,11,8,0,8,0,1,2025-11-15,79,19.35,237
U09387,2025-08-23,Free,US,Paid Search,SMB,8,2,1,3,0,0,,0,111.11,0
U09388,2025-08-03,Pro,India,Organic,SMB,14,6,2,2,0,0,,79,38.59,711
U09389,2025-09-18,Free,US,Organic,Enterprise,14,4,3,2,0,0,,0,34.41,0
U09390,2025-05-27,Pro,India,Referral,SMB,16,6,3,3,0,0,,79,42.72,790
U09391,2025-09-28,Free,Australia,Paid Search,Mid-Market,13,5,1,2,0,0,,0,103.05,0
U09392,2025-08-13,Pro,Germany,Content,Mid-Market,15,6,1,4,0,0,,79,39.1,790
U09393,2025-02-18,Free,Canada,Partner,Mid-Market,9,3,1,1,0,0,,0,77.86,0
U09394,2025-08-20,Free,Germany,Content,Startup,10,3,1,2,0,1,2026-05-02,0,23.14,0
U09395,2025-05-19,Business,US,Organic,SMB,15,8,2,11,0,0,,249,37.18,3486
U09396,2025-07-16,Free,UK,Referral,Startup,12,2,3,3,0,1,2025-10-08,0,36.29,0
U09397,2025-03-28,Pro,Australia,Organic,Startup,15,6,0,2,1,1,2025-05-19,79,32.64,158
U09398,2025-03-27,Business,India,Organic,SMB,20,8,0,6,0,1,2025-08-07,249,41.77,996
U09399,2025-01-28,Pro,Canada,Content,SMB,10,9,1,3,0,0,,79,45.33,790
U09400,2025-10-07,Pro,US,Organic,SMB,8,8,1,6,1,0,,79,6.29,711
U09401,2025-05-09,Free,US,Partner,Mid-Market,10,2,1,1,0,0,,0,61.71,0
U09402,2025-08-02,Free,India,Paid Search,Mid-Market,8,1,1,6,0,0,,0,126.32,0
U09403,2025-06-30,Free,India,Paid Search,Startup,7,1,2,3,0,1,2025-12-20,0,59.13,0
U09404,2025-01-05,Business,US,Content,Mid-Market,14,10,0,9,0,0,,249,37.31,2490
U09405,2025-07-06,Business,US,Content,SMB,17,8,0,9,1,1,2025-11-15,249,45.28,996
U09406,2025-07-25,Pro,US,Paid Search,Startup,10,3,2,5,0,1,2025-12-01,79,74.81,316
U09407,2025-10-11,Free,US,Organic,Mid-Market,5,3,2,3,0,1,2026-06-07,0,45.46,0
U09408,2025-07-24,Business,US,Referral,SMB,19,5,1,5,1,0,,249,35.98,2739
U09409,2025-04-25,Free,Germany,Content,SMB,9,4,2,1,0,0,,0,21.02,0
U09410,2025-08-27,Free,US,Referral,Startup,10,5,0,1,0,0,,0,43.93,0
U09411,2025-02-13,Free,Canada,Organic,SMB,13,4,1,4,0,1,2025-08-03,0,42.08,0
U09412,2025-02-28,Free,UK,Paid Search,SMB,13,4,3,1,0,0,,0,95.37,0
U09413,2025-02-23,Free,India,Content,Mid-Market,7,3,0,2,0,1,2025-04-24,0,25.95,0
U09414,2025-02-23,Business,India,Partner,Startup,15,5,3,8,1,0,,249,77.41,3237
U09415,2025-10-26,Pro,India,Referral,Startup,11,6,0,4,1,0,,79,45.85,1027
U09416,2025-07-28,Free,Canada,Organic,Startup,4,7,2,4,0,1,2025-10-20,0,71.3,0
U09417,2025-02-13,Free,Germany,Referral,SMB,6,1,2,1,0,1,2025-04-16,0,42.29,0
U09418,2025-05-12,Free,India,Partner,Enterprise,6,7,0,4,0,0,,0,89.03,0
U09419,2025-09-01,Free,India,Referral,Mid-Market,12,4,0,1,0,0,,0,37.07,0
U09420,2025-06-10,Pro,Germany,Paid Search,Mid-Market,14,4,1,3,0,0,,79,113.21,948
U09421,2025-05-16,Free,Germany,Paid Search,SMB,4,3,1,2,0,0,,0,84.84,0
U09422,2025-10-23,Pro,India,Organic,SMB,15,3,2,4,1,0,,79,39.72,948
U09423,2025-01-14,Free,Canada,Content,Startup,10,3,3,1,0,1,2025-11-18,0,36.43,0
U09424,2025-05-10,Pro,US,Content,Enterprise,14,6,1,2,1,0,,79,33.06,1027
U09425,2025-09-05,Free,India,Organic,Enterprise,9,1,3,1,1,1,2025-11-05,0,37.42,0
U09426,2025-02-10,Free,US,Referral,SMB,9,6,0,3,0,1,2025-11-18,0,33.31,0
U09427,2025-10-23,Free,Australia,Partner,Mid-Market,12,1,0,2,0,1,2026-01-28,0,62.46,0
U09428,2025-03-06,Free,India,Organic,Startup,5,2,3,3,0,1,2025-07-28,0,37.18,0
U09429,2025-06-26,Pro,Australia,Organic,SMB,17,6,0,4,1,0,,79,18.28,948
U09430,2025-10-23,Pro,Germany,Partner,Startup,7,6,0,2,0,1,2025-12-24,79,79.51,158
U09431,2025-02-10,Pro,India,Organic,SMB,15,5,1,5,0,0,,79,27.87,711
U09432,2025-01-09,Pro,India,Partner,Enterprise,12,6,0,6,0,0,,79,53.45,790
U09433,2025-01-02,Pro,US,Organic,Startup,10,9,0,3,0,1,2025-02-10,79,49.76,79
U09434,2025-09-20,Free,Germany,Organic,SMB,8,3,2,2,0,0,,0,45.96,0
U09435,2025-08-04,Business,UK,Organic,Startup,20,9,2,6,0,0,,249,33.41,2241
U09436,2025-03-28,Pro,US,Organic,SMB,12,5,2,4,0,1,2025-12-19,79,35.07,711
U09437,2025-03-19,Free,India,Paid Search,Startup,9,3,2,5,0,0,,0,108.29,0
U09438,2025-08-23,Pro,Canada,Organic,Startup,16,6,1,2,0,0,,79,31.36,790
U09439,2025-01-31,Free,UK,Organic,Startup,11,4,2,2,0,0,,0,29.84,0
U09440,2025-05-26,Free,UK,Organic,Mid-Market,4,3,1,2,0,1,2025-06-27,0,38.88,0
U09441,2025-09-06,Free,UK,Content,SMB,7,4,0,1,1,1,2026-07-31,0,42.78,0
U09442,2025-06-10,Free,US,Content,SMB,6,3,1,5,0,0,,0,45.93,0
U09443,2025-07-05,Pro,UK,Content,Startup,7,6,0,5,0,1,2025-12-15,79,41.81,395
U09444,2025-01-13,Free,US,Organic,SMB,10,4,0,2,0,0,,0,36.65,0
U09445,2025-02-20,Pro,India,Paid Search,SMB,13,4,0,3,0,0,,79,97.19,1106
U09446,2025-07-03,Pro,India,Paid Search,SMB,10,4,0,3,0,0,,79,125.06,711
U09447,2025-04-24,Free,US,Referral,SMB,12,2,2,3,0,1,2026-01-21,0,32.82,0
U09448,2025-07-31,Pro,US,Referral,Enterprise,13,7,0,5,1,1,2026-04-16,79,41.1,711
U09449,2025-01-19,Free,Canada,Referral,Mid-Market,15,3,0,3,0,1,2025-08-20,0,39.76,0
U09450,2025-04-07,Pro,UK,Paid Search,Mid-Market,12,5,2,5,1,0,,79,154.86,1027
U09451,2025-02-07,Free,India,Referral,SMB,7,2,2,3,0,0,,0,30.99,0
U09452,2025-03-03,Pro,US,Paid Search,SMB,12,5,2,5,0,0,,79,89.49,790
U09453,2025-09-14,Free,US,Paid Search,SMB,12,1,2,1,0,0,,0,115.34,0
U09454,2025-07-29,Free,US,Paid Search,Enterprise,3,4,1,2,0,0,,0,100.39,0
U09455,2025-04-05,Pro,US,Referral,SMB,9,6,0,7,1,1,2025-09-30,79,44.14,474
U09456,2025-03-10,Pro,India,Paid Search,SMB,19,1,3,5,1,1,2025-05-03,79,114.21,158
U09457,2025-03-13,Free,US,Organic,Startup,10,1,1,3,0,1,2025-12-03,0,14.98,0
U09458,2025-07-25,Business,India,Partner,Mid-Market,15,11,1,10,0,0,,249,82.96,2988
U09459,2025-08-29,Free,UK,Organic,Enterprise,15,4,2,2,0,1,2026-02-02,0,37.04,0
U09460,2025-05-16,Pro,Germany,Content,SMB,13,7,1,3,0,0,,79,27.3,790
U09461,2025-01-18,Free,UK,Paid Search,Mid-Market,10,4,0,3,0,0,,0,56.05,0
U09462,2025-06-03,Free,UK,Paid Search,Mid-Market,6,2,1,2,0,0,,0,95.11,0
U09463,2025-07-18,Business,India,Referral,Startup,18,9,0,10,1,1,2026-04-09,249,55.41,2241
U09464,2025-01-11,Pro,India,Content,SMB,9,7,0,6,0,0,,79,20.07,790
U09465,2025-05-27,Pro,US,Paid Search,SMB,11,5,1,4,1,0,,79,95.02,869
U09466,2025-05-03,Free,US,Paid Search,SMB,3,3,1,1,0,0,,0,98.54,0
U09467,2025-07-21,Free,India,Referral,Startup,14,5,1,2,1,1,2026-01-06,0,41.97,0
U09468,2025-03-10,Free,Germany,Organic,Mid-Market,5,2,1,3,0,1,2025-08-14,0,50.36,0
U09469,2025-06-20,Pro,Canada,Content,SMB,10,7,1,6,0,1,2026-05-15,79,47.09,869
U09470,2025-01-05,Pro,US,Organic,Mid-Market,15,8,1,2,0,0,,79,41.68,1027
U09471,2025-06-02,Free,US,Referral,SMB,7,5,1,2,0,1,2025-10-25,0,47.65,0
U09472,2025-06-01,Pro,US,Organic,SMB,14,7,2,7,1,1,2025-11-21,79,24.36,474
U09473,2025-04-21,Free,US,Partner,Mid-Market,3,1,3,2,0,0,,0,62.12,0
U09474,2025-01-08,Free,Germany,Referral,Startup,4,5,3,3,0,1,2025-02-10,0,16.19,0
U09475,2025-10-24,Free,Australia,Partner,SMB,3,2,2,3,0,1,2026-02-07,0,52.26,0
U09476,2025-04-01,Pro,Canada,Content,SMB,12,8,1,4,0,1,2025-05-26,79,38.61,158
U09477,2025-05-21,Pro,Australia,Organic,Mid-Market,13,5,0,6,1,0,,79,35.78,1027
U09478,2025-01-31,Free,India,Organic,Startup,10,4,1,2,0,0,,0,54.26,0
U09479,2025-05-03,Business,India,Content,SMB,18,8,1,10,0,0,,249,25.37,2490
U09480,2025-07-21,Pro,UK,Organic,Startup,15,6,0,4,0,0,,79,38.38,790
U09481,2025-10-14,Free,India,Organic,Mid-Market,7,6,2,3,0,1,2026-01-29,0,46.22,0
U09482,2025-01-26,Pro,India,Content,Mid-Market,13,6,1,5,1,0,,79,22.81,790
U09483,2025-09-16,Free,Canada,Referral,SMB,14,2,3,1,0,1,2026-08-05,0,44.13,0
U09484,2025-09-03,Free,US,Paid Search,Enterprise,13,3,0,1,0,1,2025-12-16,0,121.91,0
U09485,2025-08-27,Pro,US,Partner,Mid-Market,11,9,2,2,1,0,,79,81.18,948
U09486,2025-05-15,Free,India,Organic,SMB,5,5,0,2,0,0,,0,33.43,0
U09487,2025-06-06,Pro,UK,Content,SMB,12,7,0,6,0,0,,79,57.91,948
U09488,2025-05-20,Free,Australia,Partner,Startup,7,5,0,2,0,0,,0,61.93,0
U09489,2025-10-23,Free,US,Content,Mid-Market,8,5,0,2,0,1,2026-01-04,0,32.37,0
U09490,2025-08-27,Pro,India,Organic,Startup,12,6,0,4,1,1,2026-02-11,79,38.9,474
U09491,2025-07-06,Pro,US,Paid Search,Startup,12,5,2,6,0,0,,79,99.89,790
U09492,2025-01-22,Pro,India,Paid Search,SMB,14,8,0,6,0,0,,79,146.51,711
U09493,2025-03-06,Pro,US,Content,Startup,9,7,0,5,0,0,,79,36.21,948
U09494,2025-04-24,Business,US,Paid Search,SMB,13,7,0,4,1,0,,249,137.39,2241
U09495,2025-05-15,Free,Canada,Organic,Startup,5,3,3,1,0,1,2025-09-30,0,9.26,0
U09496,2025-03-16,Pro,Germany,Organic,Startup,10,6,2,9,0,1,2025-08-08,79,45.46,395
U09497,2025-08-01,Free,UK,Organic,Enterprise,7,1,0,3,0,1,2025-09-22,0,34.28,0
U09498,2025-05-26,Pro,US,Content,Startup,12,8,2,3,0,0,,79,27.5,948
U09499,2025-06-21,Pro,India,Content,Startup,14,7,0,2,1,0,,79,27.34,1027
U09500,2025-09-07,Pro,UK,Organic,Enterprise,13,5,1,8,0,1,2026-04-18,79,44.91,553
U09501,2025-08-10,Pro,Australia,Referral,Mid-Market,15,6,0,5,0,0,,79,33.79,790
U09502,2025-08-29,Free,India,Organic,Mid-Market,6,1,5,2,0,0,,0,49.18,0
U09503,2025-05-05,Free,India,Organic,Startup,11,5,0,1,0,0,,0,26.17,0
U09504,2025-03-15,Pro,India,Paid Search,SMB,14,6,0,7,0,1,2025-07-12,79,82.69,316
U09505,2025-06-23,Free,UK,Referral,Startup,8,4,1,2,0,0,,0,41.43,0
U09506,2025-06-09,Free,UK,Partner,SMB,3,4,0,3,0,0,,0,96.2,0
U09507,2025-03-24,Free,India,Paid Search,SMB,8,5,2,2,0,0,,0,88.72,0
U09508,2025-08-21,Pro,Australia,Paid Search,Startup,10,5,0,5,0,0,,79,116.62,948
U09509,2025-07-03,Free,Canada,Paid Search,Startup,7,6,3,4,0,0,,0,90.49,0
U09510,2025-06-09,Free,India,Paid Search,SMB,7,6,0,1,0,1,2026-01-09,0,104.85,0
U09511,2025-09-08,Pro,Germany,Organic,Mid-Market,14,5,1,7,0,0,,79,39.3,869
U09512,2025-07-30,Free,India,Organic,Startup,9,2,1,1,0,1,2026-03-15,0,40.39,0
U09513,2025-01-15,Pro,India,Referral,Mid-Market,12,8,0,3,1,0,,79,39.8,948
U09514,2025-02-19,Pro,Australia,Organic,Mid-Market,12,7,2,3,0,1,2025-12-19,79,18.68,790
U09515,2025-06-06,Pro,India,Organic,Mid-Market,6,4,1,3,0,1,2025-10-09,79,29.53,316
U09516,2025-07-05,Free,US,Organic,Startup,7,1,1,2,0,0,,0,31.26,0
U09517,2025-10-06,Free,US,Paid Search,Startup,9,2,1,1,0,1,2025-12-03,0,104.27,0
U09518,2025-02-27,Free,Canada,Organic,Mid-Market,8,5,1,2,0,1,2026-01-10,0,32.06,0
U09519,2025-08-31,Free,Australia,Referral,SMB,9,4,4,4,0,0,,0,30.18,0
U09520,2025-05-02,Free,India,Paid Search,SMB,9,1,3,4,0,1,2025-11-02,0,96.44,0
U09521,2025-03-05,Free,Germany,Referral,SMB,9,4,1,2,0,0,,0,37.34,0
U09522,2025-03-31,Pro,India,Referral,Mid-Market,10,7,2,4,1,0,,79,45.3,790
U09523,2025-10-26,Pro,Australia,Content,SMB,14,7,1,2,0,0,,79,36.07,790
U09524,2025-04-10,Pro,India,Referral,Mid-Market,7,3,0,6,0,1,2025-09-13,79,36.02,395
U09525,2025-05-28,Free,US,Referral,SMB,10,1,1,5,0,1,2025-10-10,0,26.03,0
U09526,2025-07-05,Free,US,Organic,SMB,8,4,1,3,0,0,,0,40.24,0
U09527,2025-03-31,Pro,US,Referral,SMB,15,9,0,3,0,0,,79,37.03,711
U09528,2025-10-14,Free,India,Organic,Startup,9,1,0,1,0,0,,0,39.55,0
U09529,2025-09-23,Pro,India,Content,Enterprise,19,9,2,2,1,0,,79,29.06,1027
U09530,2025-10-05,Pro,India,Referral,Mid-Market,12,11,0,4,0,0,,79,40.3,948
U09531,2025-07-29,Free,Germany,Paid Search,Startup,6,7,0,2,0,0,,0,86.9,0
U09532,2025-04-24,Pro,India,Referral,Startup,22,7,2,3,1,0,,79,38.49,869
U09533,2025-06-22,Free,US,Paid Search,Startup,14,1,1,4,0,0,,0,104.84,0
U09534,2025-03-08,Business,India,Paid Search,Mid-Market,11,10,0,9,1,0,,249,73.09,3237
U09535,2025-01-02,Business,US,Paid Search,SMB,17,9,1,7,1,1,2025-11-08,249,96.82,2490
U09536,2025-07-06,Free,Germany,Content,Startup,11,5,1,2,0,0,,0,37.99,0
U09537,2025-06-30,Pro,US,Content,SMB,14,9,2,6,0,0,,79,30.92,790
U09538,2025-08-09,Pro,US,Paid Search,SMB,9,6,1,5,0,0,,79,121.12,948
U09539,2025-01-25,Free,US,Content,SMB,6,6,1,2,0,1,2025-08-03,0,57.87,0
U09540,2025-07-20,Business,India,Paid Search,SMB,10,8,0,6,0,0,,249,69.68,3237
U09541,2025-05-28,Free,Germany,Organic,Mid-Market,6,5,3,3,0,1,2026-03-12,0,52.48,0
U09542,2025-05-15,Pro,Canada,Partner,Startup,10,3,1,7,0,0,,79,72.97,1027
U09543,2025-03-25,Pro,India,Referral,SMB,12,4,3,3,0,0,,79,27.62,869
U09544,2025-06-26,Pro,Australia,Organic,Mid-Market,15,9,1,3,0,1,2025-12-01,79,23.71,395
U09545,2025-06-08,Pro,US,Organic,SMB,14,5,1,1,1,0,,79,29.49,1106
U09546,2025-10-23,Pro,Australia,Partner,SMB,10,8,1,6,0,0,,79,79.29,869
U09547,2025-07-31,Free,Canada,Referral,SMB,6,2,2,2,0,1,2026-05-24,0,11.83,0
U09548,2025-01-23,Free,US,Partner,SMB,12,5,0,3,0,1,2025-03-24,0,85.02,0
U09549,2025-01-14,Pro,India,Referral,Enterprise,12,7,2,5,0,0,,79,30.68,790
U09550,2025-09-03,Free,India,Paid Search,Mid-Market,8,4,2,2,0,0,,0,105.62,0
U09551,2025-08-11,Free,Australia,Paid Search,Startup,13,5,2,2,0,1,2025-09-27,0,107.89,0
U09552,2025-03-18,Free,India,Partner,Startup,5,6,0,3,0,1,2025-05-29,0,67.44,0
U09553,2025-03-02,Free,India,Content,SMB,10,3,2,2,0,1,2025-04-09,0,47.91,0
U09554,2025-07-05,Free,India,Referral,Startup,11,3,2,3,1,0,,0,22.49,0
U09555,2025-08-20,Free,India,Content,Mid-Market,11,11,0,2,0,1,2025-10-05,0,23.62,0
U09556,2025-10-03,Business,Germany,Organic,SMB,19,6,1,9,1,0,,249,11.97,3486
U09557,2025-05-21,Business,India,Content,Mid-Market,18,6,2,5,0,0,,249,37.76,2241
U09558,2025-09-21,Free,US,Content,Mid-Market,6,5,0,3,0,1,2025-11-08,0,24.08,0
U09559,2025-05-01,Business,Canada,Referral,SMB,14,11,1,4,1,0,,249,42.04,2490
U09560,2025-01-14,Free,India,Organic,SMB,13,4,1,3,0,1,2025-10-21,0,34.03,0
U09561,2025-05-31,Pro,India,Referral,Mid-Market,14,6,1,5,1,0,,79,35.42,711
U09562,2025-10-02,Pro,US,Paid Search,Mid-Market,9,7,1,5,1,0,,79,100.91,1106
U09563,2025-05-26,Pro,India,Paid Search,Startup,9,7,2,8,0,1,2025-12-11,79,111.02,553
U09564,2025-05-25,Pro,US,Organic,Startup,13,5,2,2,1,1,2026-02-25,79,30.8,711
U09565,2025-05-13,Business,US,Paid Search,Startup,17,6,1,6,0,0,,249,78.88,2739
U09566,2025-01-14,Business,US,Paid Search,Startup,17,8,0,9,1,0,,249,71.31,2739
U09567,2025-08-25,Free,India,Content,SMB,8,1,1,1,0,1,2026-01-16,0,39.16,0
U09568,2025-03-01,Free,US,Paid Search,Startup,7,3,1,1,0,0,,0,70.67,0
U09569,2025-07-05,Free,Australia,Referral,Mid-Market,7,3,1,2,0,1,2025-11-30,0,31.94,0
U09570,2025-06-06,Pro,US,Referral,SMB,9,10,0,5,0,0,,79,31.25,948
U09571,2025-04-05,Free,UK,Paid Search,Mid-Market,7,2,4,3,0,1,2025-08-06,0,78.19,0
U09572,2025-02-11,Pro,Germany,Organic,SMB,22,5,0,3,1,0,,79,40.99,1106
U09573,2025-01-29,Pro,India,Content,Mid-Market,11,7,1,8,0,0,,79,27.26,790
U09574,2025-02-22,Free,US,Referral,SMB,12,6,1,2,1,0,,0,27.96,0
U09575,2025-04-13,Free,India,Partner,SMB,14,3,2,2,1,1,2025-08-08,0,80.48,0
U09576,2025-09-16,Free,Canada,Content,SMB,5,4,1,2,0,0,,0,25.43,0
U09577,2025-02-27,Pro,UK,Organic,SMB,11,6,2,4,0,0,,79,46.92,1027
U09578,2025-02-14,Free,US,Referral,SMB,11,1,1,4,0,1,2026-01-02,0,31.8,0
U09579,2025-04-25,Free,US,Paid Search,SMB,7,5,0,2,0,0,,0,116.99,0
U09580,2025-09-09,Pro,India,Paid Search,SMB,9,5,1,4,1,0,,79,103.89,1027
U09581,2025-10-13,Free,US,Organic,Mid-Market,10,4,2,2,0,0,,0,42.51,0
U09582,2025-06-07,Business,US,Partner,Mid-Market,21,9,1,8,0,0,,249,49.17,1992
U09583,2025-06-01,Free,Canada,Organic,Enterprise,12,3,1,1,0,1,2025-08-22,0,20.72,0
U09584,2025-02-17,Pro,India,Referral,SMB,12,3,2,8,1,0,,79,43.41,948
U09585,2025-05-10,Free,Canada,Organic,Startup,8,7,3,2,0,0,,0,30.98,0
U09586,2025-09-09,Pro,US,Referral,Startup,8,4,3,2,1,1,2026-02-03,79,47.53,395
U09587,2025-10-10,Free,India,Content,SMB,10,4,1,3,0,1,2026-08-14,0,40.15,0
U09588,2025-02-28,Free,India,Organic,SMB,7,2,2,1,0,0,,0,42.58,0
U09589,2025-05-08,Free,US,Referral,SMB,7,5,0,2,1,0,,0,30.8,0
U09590,2025-01-24,Pro,US,Paid Search,Startup,9,6,2,7,0,0,,79,108.21,869
U09591,2025-03-13,Business,UK,Paid Search,SMB,14,8,1,8,0,0,,249,91.73,2241
U09592,2025-10-17,Free,India,Content,SMB,8,5,2,5,0,0,,0,21.66,0
U09593,2025-02-24,Pro,India,Content,Startup,12,7,2,7,0,0,,79,54.08,1106
U09594,2025-05-08,Pro,UK,Referral,Startup,14,8,1,5,0,0,,79,40.2,1027
U09595,2025-03-26,Pro,India,Partner,SMB,9,3,1,4,0,0,,79,115.55,632
U09596,2025-08-21,Free,US,Referral,Startup,6,3,3,1,0,1,2025-10-07,0,34.97,0
U09597,2025-08-28,Pro,Australia,Organic,Startup,11,8,2,3,0,0,,79,34.54,1027
U09598,2025-07-16,Pro,Germany,Organic,Enterprise,14,3,1,4,0,0,,79,31.72,1027
U09599,2025-03-11,Pro,US,Referral,Startup,5,6,1,5,1,1,2026-01-14,79,36.35,790
U09600,2025-08-06,Free,India,Content,SMB,2,7,0,1,0,0,,0,36.48,0
U09601,2025-06-15,Free,India,Organic,SMB,7,4,1,3,0,0,,0,20.56,0
U09602,2025-04-15,Pro,US,Content,SMB,9,6,1,5,1,0,,79,36.14,869
U09603,2025-09-10,Pro,US,Paid Search,Startup,10,5,2,9,0,0,,79,108.47,1106
U09604,2025-03-07,Business,Germany,Referral,SMB,16,6,0,7,0,0,,249,33.42,2739
U09605,2025-06-02,Pro,Germany,Organic,SMB,8,6,2,12,0,0,,79,27.41,1027
U09606,2025-05-27,Free,US,Paid Search,Enterprise,14,6,2,1,0,0,,0,51.85,0
U09607,2025-07-05,Free,UK,Referral,SMB,4,2,1,1,0,1,2026-04-18,0,30.59,0
U09608,2025-06-26,Free,Canada,Paid Search,Enterprise,8,2,3,5,0,0,,0,105.4,0
U09609,2025-04-17,Free,India,Content,Mid-Market,4,1,2,1,0,1,2025-10-07,0,48.65,0
U09610,2025-08-14,Pro,UK,Referral,Mid-Market,14,4,1,7,1,1,2026-01-06,79,22.93,395
U09611,2025-06-30,Free,India,Referral,Mid-Market,8,1,1,3,0,0,,0,28.68,0
U09612,2025-07-11,Business,Canada,Partner,Mid-Market,18,10,1,8,0,1,2026-04-17,249,62.32,2241
U09613,2025-07-06,Pro,India,Organic,Mid-Market,16,9,2,7,1,0,,79,36.3,948
U09614,2025-06-02,Free,UK,Referral,Startup,10,7,0,2,1,0,,0,46.22,0
U09615,2025-07-10,Free,US,Partner,Enterprise,6,3,1,2,0,1,2025-11-28,0,80.51,0
U09616,2025-10-15,Free,Germany,Content,Startup,6,3,0,2,0,1,2026-01-21,0,38.2,0
U09617,2025-09-29,Free,Australia,Organic,Mid-Market,3,2,0,1,0,0,,0,15.57,0
U09618,2025-04-14,Free,India,Referral,Mid-Market,10,2,1,2,0,0,,0,35.0,0
U09619,2025-06-28,Pro,Canada,Paid Search,Startup,13,7,1,3,1,0,,79,108.9,1106
U09620,2025-01-29,Free,India,Paid Search,Startup,7,6,1,2,0,0,,0,78.24,0
U09621,2025-07-14,Pro,US,Organic,Mid-Market,16,7,1,3,0,0,,79,45.68,632
U09622,2025-10-23,Free,India,Paid Search,Mid-Market,6,4,4,1,0,0,,0,91.19,0
U09623,2025-03-08,Pro,Germany,Referral,SMB,12,5,1,6,0,0,,79,26.28,1027
U09624,2025-07-25,Free,Australia,Partner,Enterprise,11,1,2,4,0,0,,0,69.37,0
U09625,2025-02-25,Pro,Australia,Referral,Mid-Market,11,4,0,7,0,0,,79,14.48,1106
U09626,2025-07-12,Pro,UK,Partner,Mid-Market,14,5,1,3,0,0,,79,83.29,711
U09627,2025-02-17,Pro,US,Organic,SMB,13,7,2,3,1,0,,79,29.2,1106
U09628,2025-02-02,Free,India,Referral,SMB,8,2,2,4,0,1,2025-12-24,0,30.1,0
U09629,2025-03-10,Free,India,Content,Startup,7,4,1,2,0,1,2025-06-22,0,36.02,0
U09630,2025-08-24,Pro,US,Content,Startup,12,5,4,4,1,1,2026-06-23,79,48.25,790
U09631,2025-10-26,Free,India,Organic,Mid-Market,8,2,2,3,0,0,,0,43.43,0
U09632,2025-06-26,Pro,Australia,Partner,SMB,18,7,3,4,1,0,,79,65.32,1027
U09633,2025-05-01,Free,Australia,Paid Search,Mid-Market,6,1,2,3,0,0,,0,82.44,0
U09634,2025-06-13,Free,US,Referral,Mid-Market,6,4,1,7,0,1,2026-02-18,0,57.59,0
U09635,2025-09-16,Free,Canada,Referral,Enterprise,9,3,3,2,0,0,,0,25.63,0
U09636,2025-06-18,Free,UK,Organic,Enterprise,8,5,0,1,0,0,,0,41.9,0
U09637,2025-02-14,Free,Canada,Paid Search,Mid-Market,13,4,0,7,0,0,,0,71.96,0
U09638,2025-03-29,Free,India,Partner,SMB,10,1,3,3,1,0,,0,82.67,0
U09639,2025-07-17,Pro,India,Organic,Mid-Market,5,7,1,3,0,0,,79,44.1,869
U09640,2025-04-06,Free,UK,Organic,Mid-Market,10,4,2,3,0,0,,0,32.97,0
U09641,2025-05-17,Free,India,Paid Search,Mid-Market,14,3,1,1,0,0,,0,108.68,0
U09642,2025-06-21,Free,Germany,Paid Search,Mid-Market,7,5,0,3,0,0,,0,64.69,0
U09643,2025-08-14,Free,India,Referral,Startup,9,4,1,4,0,1,2026-06-12,0,39.7,0
U09644,2025-03-28,Free,Canada,Referral,SMB,7,1,1,2,0,1,2025-06-24,0,32.64,0
U09645,2025-08-26,Pro,Germany,Referral,SMB,13,6,0,5,0,0,,79,24.1,1027
U09646,2025-09-07,Pro,US,Organic,Mid-Market,11,2,1,3,0,0,,79,25.41,1106
U09647,2025-03-31,Pro,Canada,Paid Search,Startup,7,5,0,3,0,0,,79,92.07,869
U09648,2025-08-17,Free,India,Paid Search,Startup,4,5,0,1,1,0,,0,54.06,0
U09649,2025-03-18,Pro,UK,Content,Mid-Market,13,4,0,4,0,0,,79,32.11,1106
U09650,2025-01-05,Free,India,Partner,SMB,8,3,0,2,0,1,2025-06-06,0,81.36,0
U09651,2025-04-15,Free,US,Paid Search,SMB,9,2,2,3,0,0,,0,86.96,0
U09652,2025-02-23,Free,Australia,Referral,Mid-Market,9,3,2,1,0,0,,0,44.14,0
U09653,2025-06-18,Pro,Australia,Organic,SMB,10,4,1,5,1,0,,79,19.65,948
U09654,2025-10-12,Free,Canada,Referral,SMB,5,5,1,1,1,1,2026-08-26,0,44.66,0
U09655,2025-05-06,Pro,UK,Paid Search,Mid-Market,12,4,1,3,0,0,,79,120.18,790
U09656,2025-01-13,Free,Canada,Content,Mid-Market,3,3,3,2,0,1,2025-04-28,0,43.43,0
U09657,2025-08-01,Free,Germany,Partner,Startup,7,1,2,2,0,1,2026-04-05,0,81.49,0
U09658,2025-09-03,Free,India,Content,Mid-Market,9,3,0,1,0,1,2026-06-10,0,28.29,0
U09659,2025-01-09,Free,Canada,Content,Startup,10,4,1,3,1,1,2025-06-01,0,35.36,0
U09660,2025-06-29,Free,US,Referral,Mid-Market,9,2,3,3,0,1,2025-08-25,0,35.09,0
U09661,2025-09-20,Free,Canada,Content,SMB,11,5,1,4,0,1,2026-05-03,0,40.79,0
U09662,2025-10-02,Free,Canada,Paid Search,SMB,4,4,3,4,0,0,,0,61.05,0
U09663,2025-08-09,Free,UK,Organic,Enterprise,11,3,1,2,0,0,,0,30.06,0
U09664,2025-05-25,Pro,US,Organic,Startup,18,6,1,5,1,1,2025-09-07,79,34.77,316
U09665,2025-09-16,Pro,India,Organic,Mid-Market,13,5,0,2,1,0,,79,47.75,711
U09666,2025-02-01,Pro,India,Partner,Startup,14,10,3,3,0,0,,79,79.42,1027
U09667,2025-07-04,Free,Australia,Paid Search,SMB,10,3,1,1,1,0,,0,96.82,0
U09668,2025-05-24,Pro,India,Organic,SMB,8,5,0,6,0,0,,79,25.35,1106
U09669,2025-03-10,Free,US,Content,SMB,7,3,1,2,0,1,2025-07-09,0,39.21,0
U09670,2025-08-15,Pro,UK,Paid Search,SMB,7,4,3,3,0,0,,79,75.98,1106
U09671,2025-06-19,Free,UK,Organic,Startup,9,2,4,3,0,0,,0,23.81,0
U09672,2025-02-19,Free,US,Organic,Startup,5,2,3,1,0,1,2025-06-06,0,44.98,0
U09673,2025-01-15,Business,Germany,Referral,Enterprise,17,8,0,14,0,1,2025-02-14,249,35.13,249
U09674,2025-03-31,Free,UK,Organic,Enterprise,8,3,2,1,0,0,,0,36.85,0
U09675,2025-04-16,Pro,Canada,Organic,SMB,9,8,0,4,0,1,2026-01-22,79,43.71,711
U09676,2025-04-01,Free,India,Organic,SMB,7,5,0,1,0,0,,0,28.06,0
U09677,2025-10-21,Free,India,Partner,Mid-Market,7,6,2,3,0,0,,0,81.25,0
U09678,2025-09-26,Free,US,Paid Search,SMB,9,4,2,4,0,0,,0,43.8,0
U09679,2025-07-26,Pro,US,Referral,SMB,5,6,2,4,0,1,2026-05-08,79,43.02,790
U09680,2025-04-07,Pro,US,Partner,SMB,11,5,2,6,0,0,,79,82.45,1027
U09681,2025-06-19,Business,UK,Content,Enterprise,15,9,0,9,0,0,,249,47.12,2241
U09682,2025-01-08,Pro,US,Partner,Enterprise,14,8,1,4,0,0,,79,62.91,1027
U09683,2025-05-13,Free,US,Organic,SMB,5,4,3,2,0,0,,0,40.67,0
U09684,2025-09-23,Free,US,Organic,Startup,14,2,1,1,1,1,2026-02-03,0,57.04,0
U09685,2025-01-01,Business,India,Paid Search,Enterprise,15,5,1,4,0,1,2025-10-28,249,108.24,2490
U09686,2025-10-19,Business,India,Organic,Mid-Market,13,9,1,4,0,0,,249,38.49,3237
U09687,2025-07-14,Pro,Canada,Paid Search,SMB,14,6,2,7,0,0,,79,111.39,869
U09688,2025-08-09,Pro,Australia,Organic,Mid-Market,16,4,2,5,0,0,,79,41.78,1106
U09689,2025-01-31,Free,Germany,Content,Mid-Market,5,1,2,4,0,1,2025-11-17,0,38.14,0
U09690,2025-02-07,Pro,India,Referral,Enterprise,11,8,1,4,0,0,,79,27.17,869
U09691,2025-08-08,Pro,India,Partner,Startup,9,2,2,5,1,0,,79,75.26,1027
U09692,2025-06-29,Free,UK,Referral,Enterprise,10,1,1,3,0,1,2025-12-22,0,53.22,0
U09693,2025-02-14,Free,India,Referral,Enterprise,15,2,2,1,0,1,2025-07-21,0,47.13,0
U09694,2025-09-26,Free,Canada,Content,Startup,6,3,1,4,0,1,2026-06-09,0,68.36,0
U09695,2025-04-30,Pro,Germany,Organic,SMB,11,4,1,5,1,0,,79,36.89,869
U09696,2025-08-22,Free,Canada,Organic,SMB,14,3,0,2,0,0,,0,46.12,0
U09697,2025-03-30,Pro,US,Referral,Startup,12,4,0,4,1,0,,79,29.94,948
U09698,2025-09-17,Pro,India,Paid Search,SMB,16,4,1,5,0,0,,79,64.06,711
U09699,2025-02-23,Business,US,Content,SMB,11,8,0,5,0,1,2025-04-08,249,23.92,249
U09700,2025-04-24,Pro,Canada,Content,SMB,10,8,0,3,0,0,,79,38.46,1027
U09701,2025-09-07,Free,Canada,Paid Search,Startup,9,2,1,1,1,1,2026-05-12,0,75.08,0
U09702,2025-10-25,Free,Germany,Paid Search,SMB,12,5,2,3,0,0,,0,77.24,0
U09703,2025-06-25,Free,Germany,Organic,Startup,9,2,0,3,0,0,,0,41.38,0
U09704,2025-02-03,Pro,Canada,Content,Mid-Market,14,9,0,4,1,0,,79,36.48,711
U09705,2025-06-24,Free,Germany,Referral,SMB,8,6,2,3,0,0,,0,53.46,0
U09706,2025-06-03,Free,Australia,Organic,SMB,6,1,0,2,0,1,2025-11-25,0,35.37,0
U09707,2025-05-23,Free,UK,Content,Startup,9,1,4,1,0,1,2026-03-30,0,33.14,0
U09708,2025-10-02,Free,US,Referral,Mid-Market,4,5,2,1,0,1,2025-11-03,0,23.7,0
U09709,2025-06-20,Free,Australia,Organic,Mid-Market,7,5,1,3,0,0,,0,30.99,0
U09710,2025-09-04,Free,US,Content,SMB,8,4,0,3,0,0,,0,46.28,0
U09711,2025-06-21,Free,India,Referral,Enterprise,7,2,2,2,0,0,,0,33.05,0
U09712,2025-05-30,Free,Germany,Organic,Mid-Market,9,3,1,1,0,1,2025-10-16,0,59.61,0
U09713,2025-02-02,Pro,US,Referral,Startup,14,8,4,3,0,0,,79,39.97,1027
U09714,2025-06-09,Business,US,Organic,SMB,20,10,2,9,1,0,,249,23.82,2241
U09715,2025-02-06,Free,US,Paid Search,Startup,8,5,0,2,0,0,,0,86.2,0
U09716,2025-06-18,Free,Germany,Content,Startup,6,1,1,3,0,1,2026-04-10,0,35.41,0
U09717,2025-02-04,Business,UK,Paid Search,Enterprise,19,8,2,9,0,0,,249,107.59,2988
U09718,2025-06-30,Free,US,Organic,SMB,10,3,4,1,0,0,,0,44.19,0
U09719,2025-07-31,Free,US,Organic,Startup,1,3,3,3,0,1,2026-02-22,0,49.56,0
U09720,2025-01-23,Free,US,Organic,Mid-Market,3,4,0,2,0,1,2025-11-10,0,25.97,0
U09721,2025-04-24,Free,Canada,Organic,Startup,7,5,2,2,0,1,2025-09-11,0,43.09,0
U09722,2025-06-26,Pro,US,Partner,Startup,4,5,1,3,0,1,2025-12-06,79,58.55,395
U09723,2025-03-21,Pro,UK,Partner,SMB,6,4,0,6,0,0,,79,47.04,790
U09724,2025-07-22,Free,India,Paid Search,SMB,11,3,6,2,0,1,2025-12-30,0,97.65,0
U09725,2025-04-27,Pro,UK,Organic,SMB,9,7,1,6,0,1,2026-02-10,79,32.97,790
U09726,2025-08-10,Pro,Australia,Content,SMB,11,5,1,2,0,0,,79,22.48,790
U09727,2025-06-17,Free,US,Paid Search,SMB,8,2,1,1,0,1,2025-07-25,0,87.66,0
U09728,2025-03-02,Free,UK,Organic,Mid-Market,10,1,3,4,0,0,,0,45.88,0
U09729,2025-06-19,Pro,UK,Organic,SMB,16,9,1,4,0,0,,79,30.9,948
U09730,2025-05-15,Pro,US,Referral,Mid-Market,16,7,0,4,0,0,,79,24.0,948
U09731,2025-02-15,Pro,UK,Referral,Enterprise,10,4,3,8,1,0,,79,29.88,869
U09732,2025-05-28,Pro,US,Referral,Startup,10,7,2,4,1,0,,79,46.36,869
U09733,2025-09-26,Pro,US,Partner,Mid-Market,18,6,0,5,0,0,,79,78.51,1027
U09734,2025-08-01,Free,Germany,Organic,SMB,11,3,2,2,0,1,2026-02-13,0,31.38,0
U09735,2025-03-19,Free,US,Content,Startup,11,5,1,5,0,0,,0,39.08,0
U09736,2025-04-15,Business,US,Organic,SMB,15,9,0,9,0,1,2025-07-16,249,26.16,747
U09737,2025-08-07,Pro,Canada,Partner,Enterprise,18,9,0,4,0,0,,79,82.32,1106
U09738,2025-09-22,Pro,India,Referral,Mid-Market,19,8,1,3,0,0,,79,24.6,632
U09739,2025-07-24,Free,Australia,Paid Search,Startup,7,4,1,2,0,0,,0,85.99,0
U09740,2025-06-11,Business,UK,Paid Search,Startup,16,10,0,2,0,0,,249,127.16,3237
U09741,2025-05-05,Pro,US,Organic,Startup,13,6,1,4,0,0,,79,39.36,869
U09742,2025-06-09,Pro,India,Content,SMB,8,8,2,3,0,0,,79,41.26,948
U09743,2025-10-06,Pro,US,Organic,Enterprise,11,7,0,7,0,0,,79,48.94,790
U09744,2025-01-09,Free,India,Paid Search,SMB,11,3,0,2,0,1,2025-03-14,0,103.39,0
U09745,2025-05-09,Business,Australia,Paid Search,SMB,13,9,3,10,1,0,,249,89.36,2241
U09746,2025-09-03,Free,US,Organic,Mid-Market,8,3,2,3,0,1,2025-11-26,0,38.26,0
U09747,2025-06-28,Free,US,Content,Mid-Market,8,6,1,2,0,0,,0,66.83,0
U09748,2025-05-08,Pro,UK,Organic,Startup,8,7,0,3,0,1,2025-06-28,79,32.49,158
U09749,2025-05-28,Free,US,Paid Search,Startup,9,2,1,2,0,0,,0,91.51,0
U09750,2025-02-16,Free,Germany,Organic,SMB,8,3,1,2,0,1,2025-03-31,0,43.21,0
U09751,2025-05-24,Free,Canada,Paid Search,Startup,8,1,1,1,0,1,2025-06-28,0,98.65,0
U09752,2025-03-01,Free,US,Content,Mid-Market,5,2,1,1,1,1,2025-04-03,0,31.56,0
U09753,2025-05-17,Pro,US,Organic,Mid-Market,20,6,1,4,0,0,,79,11.88,711
U09754,2025-07-31,Pro,India,Content,SMB,6,6,0,3,0,0,,79,25.47,711
U09755,2025-03-03,Free,India,Organic,Mid-Market,5,1,2,1,0,0,,0,38.47,0
U09756,2025-06-16,Pro,Germany,Organic,SMB,14,6,0,4,0,0,,79,38.11,790
U09757,2025-08-20,Pro,US,Partner,SMB,15,5,2,6,1,0,,79,55.25,1027
U09758,2025-10-06,Pro,US,Paid Search,Startup,12,6,0,4,0,0,,79,90.59,948
U09759,2025-10-03,Free,US,Content,Enterprise,8,7,0,3,0,0,,0,46.44,0
U09760,2025-03-08,Pro,Germany,Organic,Mid-Market,17,6,3,2,1,0,,79,36.83,948
U09761,2025-08-01,Free,US,Paid Search,Mid-Market,6,3,4,3,0,0,,0,44.38,0
U09762,2025-09-25,Pro,India,Content,Startup,5,4,3,2,0,0,,79,34.45,1027
U09763,2025-03-26,Pro,Germany,Referral,SMB,19,4,0,4,0,0,,79,36.81,869
U09764,2025-04-01,Free,US,Organic,Mid-Market,9,2,0,1,0,1,2025-09-04,0,43.9,0
U09765,2025-02-10,Free,India,Referral,Mid-Market,15,2,2,3,0,1,2025-05-24,0,46.23,0
U09766,2025-08-29,Free,UK,Partner,SMB,10,7,1,5,0,1,2026-05-01,0,68.84,0
U09767,2025-09-21,Pro,US,Content,Mid-Market,8,8,1,3,1,1,2026-03-19,79,34.74,474
U09768,2025-01-28,Pro,Germany,Organic,SMB,16,7,2,1,0,0,,79,21.43,869
U09769,2025-05-25,Pro,US,Organic,Mid-Market,11,6,1,5,0,0,,79,22.16,1027
U09770,2025-07-21,Pro,India,Partner,Startup,16,9,1,2,0,0,,79,61.65,790
U09771,2025-09-21,Business,India,Partner,Enterprise,15,8,2,11,0,0,,249,91.17,2739
U09772,2025-06-11,Free,India,Organic,Startup,12,1,0,3,0,1,2026-02-19,0,23.07,0
U09773,2025-10-05,Pro,UK,Organic,SMB,11,8,0,3,1,0,,79,26.82,948
U09774,2025-04-03,Pro,US,Paid Search,SMB,14,4,0,2,0,0,,79,123.99,1106
U09775,2025-08-13,Free,US,Partner,Enterprise,11,4,0,2,1,0,,0,73.63,0
U09776,2025-09-24,Pro,India,Organic,SMB,6,5,2,4,0,1,2026-04-03,79,48.24,474
U09777,2025-07-18,Free,Germany,Organic,SMB,5,2,4,2,0,1,2025-08-27,0,44.87,0
U09778,2025-05-12,Free,Germany,Partner,Startup,4,4,0,4,0,0,,0,61.95,0
U09779,2025-03-23,Pro,Canada,Organic,SMB,18,11,0,6,1,0,,79,27.58,1106
U09780,2025-10-14,Free,US,Partner,Startup,13,7,0,1,0,0,,0,109.64,0
U09781,2025-04-29,Free,India,Paid Search,SMB,9,5,0,4,0,0,,0,113.32,0
U09782,2025-03-24,Pro,Germany,Organic,Startup,11,7,0,5,1,0,,79,26.45,948
U09783,2025-08-06,Pro,India,Partner,Mid-Market,13,9,1,3,0,0,,79,59.69,948
U09784,2025-01-13,Free,US,Content,Mid-Market,10,1,0,2,0,0,,0,26.91,0
U09785,2025-04-21,Pro,UK,Content,Mid-Market,12,4,0,3,0,0,,79,21.41,869
U09786,2025-08-06,Free,Germany,Referral,Startup,9,3,2,4,0,1,2025-11-07,0,49.97,0
U09787,2025-02-13,Free,Canada,Organic,Mid-Market,7,3,1,4,0,1,2025-04-04,0,37.95,0
U09788,2025-04-05,Pro,Australia,Content,Startup,10,6,2,3,0,1,2026-02-19,79,18.74,869
U09789,2025-01-25,Free,India,Referral,SMB,10,3,3,2,0,1,2025-09-29,0,37.5,0
U09790,2025-06-05,Free,India,Referral,SMB,6,1,3,2,0,0,,0,34.61,0
U09791,2025-01-29,Pro,India,Paid Search,SMB,11,6,0,5,0,0,,79,127.55,869
U09792,2025-02-26,Free,Germany,Organic,Startup,7,5,2,2,0,1,2026-01-10,0,23.13,0
U09793,2025-04-17,Free,US,Content,Startup,6,4,2,2,0,1,2025-12-21,0,48.83,0
U09794,2025-08-24,Free,UK,Organic,Startup,5,6,5,2,0,1,2026-02-12,0,26.66,0
U09795,2025-02-08,Free,India,Partner,Mid-Market,11,7,2,2,0,1,2025-11-26,0,77.34,0
U09796,2025-05-18,Pro,US,Organic,SMB,12,7,2,3,1,1,2025-09-11,79,33.59,316
U09797,2025-04-20,Pro,India,Partner,Enterprise,7,6,3,4,0,0,,79,78.44,948
U09798,2025-05-31,Business,India,Paid Search,Enterprise,13,4,1,8,0,0,,249,121.18,2490
U09799,2025-04-06,Free,Canada,Organic,SMB,9,3,0,3,0,0,,0,29.95,0
U09800,2025-08-30,Free,US,Content,Enterprise,7,5,5,4,0,1,2026-05-20,0,37.87,0
U09801,2025-04-15,Free,Australia,Content,Mid-Market,12,5,1,1,0,1,2025-11-20,0,24.52,0
U09802,2025-10-19,Free,India,Organic,SMB,9,4,1,1,0,0,,0,45.07,0
U09803,2025-10-12,Free,Canada,Content,Enterprise,18,1,1,1,0,1,2026-08-09,0,32.29,0
U09804,2025-01-29,Free,Canada,Referral,Mid-Market,9,1,1,3,1,0,,0,13.92,0
U09805,2025-10-09,Free,US,Content,Startup,10,5,1,5,0,0,,0,13.31,0
U09806,2025-03-11,Pro,India,Organic,Startup,9,7,0,7,0,0,,79,30.7,1027
U09807,2025-05-12,Free,US,Partner,SMB,15,5,1,1,0,0,,0,90.48,0
U09808,2025-09-20,Free,UK,Partner,Enterprise,9,1,2,2,0,0,,0,70.41,0
U09809,2025-04-23,Pro,UK,Paid Search,SMB,20,8,4,4,0,0,,79,107.87,1106
U09810,2025-06-27,Pro,India,Referral,Startup,12,4,2,3,0,0,,79,30.59,790
U09811,2025-05-06,Pro,US,Partner,SMB,7,4,0,3,0,0,,79,61.82,948
U09812,2025-07-27,Free,Canada,Organic,SMB,11,1,2,3,0,1,2026-06-11,0,41.85,0
U09813,2025-08-20,Business,India,Paid Search,Startup,17,10,1,6,1,1,2026-03-05,249,83.51,1743
U09814,2025-06-13,Business,US,Content,Mid-Market,8,7,1,13,1,0,,249,46.32,2490
U09815,2025-07-10,Free,US,Paid Search,Startup,10,2,2,2,0,0,,0,62.04,0
U09816,2025-04-04,Pro,US,Content,SMB,7,5,2,5,0,0,,79,36.74,711
U09817,2025-05-28,Business,US,Organic,Mid-Market,9,9,0,7,0,0,,249,31.26,2739
U09818,2025-08-07,Business,Germany,Paid Search,SMB,14,11,0,7,0,0,,249,72.41,2490
U09819,2025-02-15,Free,India,Content,SMB,10,3,1,4,0,1,2025-06-27,0,25.81,0
U09820,2025-07-27,Pro,Australia,Organic,Enterprise,10,8,3,9,1,1,2026-05-20,79,41.99,790
U09821,2025-03-01,Free,UK,Partner,Mid-Market,10,5,0,2,0,0,,0,57.15,0
U09822,2025-07-20,Pro,Canada,Content,SMB,15,7,1,3,0,0,,79,25.08,711
U09823,2025-04-18,Free,US,Organic,Startup,9,1,2,4,0,0,,0,38.17,0
U09824,2025-05-12,Pro,US,Partner,Mid-Market,14,5,0,4,0,0,,79,77.63,790
U09825,2025-09-07,Pro,US,Content,SMB,16,2,2,1,0,0,,79,45.69,948
U09826,2025-04-03,Pro,UK,Paid Search,SMB,8,7,0,2,0,0,,79,86.42,1027
U09827,2025-09-13,Pro,Canada,Content,Enterprise,11,4,0,7,1,1,2026-07-27,79,22.51,869
U09828,2025-07-10,Pro,US,Organic,SMB,16,4,3,3,1,0,,79,43.27,711
U09829,2025-02-14,Business,India,Paid Search,Startup,18,12,2,12,0,0,,249,105.88,2988
U09830,2025-07-22,Pro,UK,Organic,SMB,16,6,0,7,1,0,,79,26.91,948
U09831,2025-08-25,Pro,US,Referral,Enterprise,11,4,1,4,1,0,,79,44.09,632
U09832,2025-09-27,Business,US,Content,Mid-Market,9,8,1,9,1,0,,249,34.81,3486
U09833,2025-08-07,Free,India,Referral,SMB,7,3,1,1,0,1,2026-06-25,0,32.39,0
U09834,2025-02-26,Pro,Germany,Content,Mid-Market,12,2,1,6,1,1,2025-04-21,79,37.68,158
U09835,2025-09-24,Pro,Canada,Paid Search,SMB,15,6,1,3,1,1,2026-03-03,79,116.44,395
U09836,2025-08-07,Business,India,Content,Mid-Market,18,9,0,7,1,0,,249,24.37,2490
U09837,2025-03-18,Free,Germany,Referral,Mid-Market,8,1,2,2,0,0,,0,54.93,0
U09838,2025-03-23,Pro,Germany,Paid Search,SMB,17,5,1,3,1,0,,79,119.34,1027
U09839,2025-03-28,Pro,US,Organic,SMB,11,7,0,3,1,0,,79,37.85,869
U09840,2025-05-15,Pro,Germany,Organic,Startup,13,6,0,7,1,0,,79,35.33,790
U09841,2025-01-08,Pro,UK,Organic,SMB,16,7,1,4,0,0,,79,38.19,869
U09842,2025-04-11,Business,UK,Content,SMB,10,6,1,9,1,0,,249,30.93,3486
U09843,2025-04-18,Free,Germany,Content,Enterprise,12,2,0,3,0,0,,0,22.48,0
U09844,2025-10-09,Free,Australia,Content,Startup,3,2,1,3,0,1,2026-07-26,0,41.7,0
U09845,2025-06-17,Pro,US,Organic,SMB,14,5,0,10,0,0,,79,47.46,869
U09846,2025-04-02,Free,Germany,Organic,SMB,9,3,1,2,0,1,2026-01-04,0,32.73,0
U09847,2025-03-11,Pro,US,Content,Mid-Market,9,6,1,5,0,0,,79,40.1,948
U09848,2025-03-23,Free,Australia,Content,Mid-Market,8,6,5,2,0,0,,0,38.23,0
U09849,2025-05-24,Free,India,Content,Startup,12,1,2,1,0,0,,0,32.83,0
U09850,2025-04-24,Free,US,Organic,Startup,5,4,1,3,0,1,2025-10-23,0,27.49,0
U09851,2025-02-09,Pro,India,Organic,SMB,15,4,0,4,1,0,,79,29.33,948
U09852,2025-03-26,Pro,Germany,Content,Enterprise,11,5,0,5,0,0,,79,35.02,790
U09853,2025-10-22,Free,UK,Content,SMB,8,2,0,2,0,1,2025-12-10,0,40.8,0
U09854,2025-07-13,Pro,Germany,Referral,SMB,12,11,0,1,0,0,,79,17.57,869
U09855,2025-04-10,Free,US,Content,Startup,5,5,1,3,0,1,2025-09-20,0,54.76,0
U09856,2025-10-02,Pro,Australia,Partner,Mid-Market,17,8,1,2,0,1,2026-02-25,79,51.41,395
U09857,2025-03-15,Business,Germany,Partner,SMB,24,8,0,8,0,0,,249,63.83,2988
U09858,2025-08-14,Pro,Canada,Paid Search,Mid-Market,14,6,2,6,0,0,,79,106.84,790
U09859,2025-07-09,Free,India,Content,Startup,10,1,1,2,1,0,,0,27.06,0
U09860,2025-09-21,Pro,US,Referral,Startup,16,9,0,5,0,0,,79,35.02,948
U09861,2025-05-05,Free,India,Partner,Startup,10,2,1,2,0,0,,0,54.9,0
U09862,2025-02-15,Free,US,Organic,SMB,6,4,2,2,0,0,,0,42.72,0
U09863,2025-05-08,Free,US,Organic,Startup,8,1,2,2,1,1,2025-07-18,0,23.15,0
U09864,2025-05-01,Free,India,Referral,Mid-Market,8,4,0,2,0,0,,0,40.22,0
U09865,2025-09-17,Free,Canada,Referral,SMB,9,2,2,1,0,0,,0,12.3,0
U09866,2025-03-08,Free,US,Partner,Startup,5,3,1,4,0,0,,0,61.1,0
U09867,2025-10-20,Pro,US,Partner,Mid-Market,16,11,2,5,0,1,2026-02-22,79,74.47,316
U09868,2025-08-27,Pro,India,Paid Search,SMB,14,6,1,5,0,0,,79,81.05,790
U09869,2025-07-10,Pro,India,Organic,Enterprise,18,6,1,4,0,0,,79,27.1,1027
U09870,2025-03-29,Pro,US,Partner,Startup,13,7,1,4,0,0,,79,90.3,1027
U09871,2025-04-05,Free,India,Partner,SMB,4,4,0,4,0,0,,0,81.77,0
U09872,2025-03-04,Business,US,Partner,Mid-Market,13,10,2,15,1,0,,249,42.75,3486
U09873,2025-02-25,Free,Germany,Referral,Startup,10,5,0,2,0,0,,0,38.1,0
U09874,2025-05-26,Pro,UK,Organic,Mid-Market,14,7,3,3,1,0,,79,29.4,1027
U09875,2025-06-22,Business,US,Referral,Mid-Market,19,10,1,11,0,0,,249,26.53,3486
U09876,2025-08-30,Free,US,Organic,SMB,8,2,1,3,0,0,,0,61.03,0
U09877,2025-07-26,Business,Germany,Organic,Mid-Market,17,10,0,3,1,0,,249,43.2,2241
U09878,2025-01-23,Free,Canada,Organic,Mid-Market,11,4,2,1,0,0,,0,34.02,0
U09879,2025-10-24,Free,UK,Content,SMB,9,3,2,3,0,0,,0,26.39,0
U09880,2025-04-09,Pro,Australia,Paid Search,Mid-Market,10,7,0,4,0,0,,79,100.99,869
U09881,2025-03-10,Pro,US,Paid Search,Startup,18,7,1,5,0,0,,79,96.54,948
U09882,2025-04-13,Pro,US,Paid Search,SMB,19,7,1,3,0,1,2026-02-08,79,107.1,790
U09883,2025-01-18,Pro,Germany,Content,Startup,13,7,1,6,1,0,,79,42.45,948
U09884,2025-02-18,Business,US,Content,SMB,11,9,1,9,0,0,,249,34.96,2988
U09885,2025-02-09,Free,Germany,Organic,Mid-Market,12,2,1,5,0,0,,0,19.63,0
U09886,2025-03-23,Free,US,Organic,Mid-Market,12,5,3,2,0,1,2025-06-13,0,45.69,0
U09887,2025-08-13,Free,US,Paid Search,Startup,13,3,0,2,0,1,2026-03-23,0,44.65,0
U09888,2025-04-24,Pro,US,Content,SMB,20,6,0,7,1,0,,79,53.0,1027
U09889,2025-08-03,Business,US,Paid Search,SMB,17,9,1,3,0,0,,249,96.24,2490
U09890,2025-10-11,Pro,India,Paid Search,SMB,14,7,0,3,0,1,2026-03-15,79,82.65,395
U09891,2025-10-13,Free,Australia,Referral,Enterprise,6,6,2,2,0,0,,0,31.33,0
U09892,2025-09-02,Business,Australia,Referral,Startup,14,8,0,7,0,0,,249,43.87,2490
U09893,2025-08-13,Business,Canada,Partner,Startup,16,10,1,8,1,0,,249,81.27,2241
U09894,2025-06-20,Business,India,Paid Search,SMB,11,3,2,11,0,1,2025-12-27,249,113.16,1494
U09895,2025-01-14,Free,Australia,Partner,Startup,10,6,0,2,0,1,2025-08-06,0,75.92,0
U09896,2025-09-29,Free,UK,Organic,Startup,6,2,0,5,0,1,2025-11-05,0,44.15,0
U09897,2025-04-28,Free,India,Paid Search,SMB,11,2,1,3,0,1,2025-10-16,0,88.49,0
U09898,2025-06-11,Pro,US,Referral,SMB,19,5,0,3,0,0,,79,15.69,790
U09899,2025-05-13,Free,UK,Referral,Mid-Market,6,4,2,1,0,0,,0,43.24,0
U09900,2025-05-19,Free,India,Content,Mid-Market,6,4,1,3,0,0,,0,40.64,0
U09901,2025-09-08,Free,UK,Paid Search,SMB,8,6,1,1,0,0,,0,105.27,0
U09902,2025-09-14,Pro,India,Partner,Startup,9,5,0,3,0,0,,79,54.39,1106
U09903,2025-02-13,Free,UK,Partner,Mid-Market,10,1,0,4,0,0,,0,66.53,0
U09904,2025-09-28,Free,UK,Paid Search,Mid-Market,9,2,3,3,0,0,,0,91.84,0
U09905,2025-08-14,Free,UK,Paid Search,Startup,6,4,2,2,0,0,,0,107.34,0
U09906,2025-06-16,Free,India,Organic,Mid-Market,14,5,1,2,0,0,,0,32.17,0
U09907,2025-02-04,Free,India,Organic,SMB,7,6,1,1,0,1,2025-11-30,0,30.61,0
U09908,2025-02-25,Free,India,Partner,SMB,7,4,2,1,0,0,,0,74.45,0
U09909,2025-09-18,Pro,Canada,Paid Search,Startup,9,7,1,6,0,1,2025-11-29,79,54.62,158
U09910,2025-06-21,Business,Canada,Partner,SMB,19,7,1,7,1,0,,249,76.94,3237
U09911,2025-04-01,Free,India,Content,Mid-Market,7,6,2,2,0,1,2026-01-30,0,31.34,0
U09912,2025-01-20,Pro,UK,Content,SMB,12,8,2,4,0,1,2025-05-04,79,40.91,237
U09913,2025-01-06,Pro,UK,Referral,SMB,13,6,1,4,0,0,,79,32.86,1106
U09914,2025-10-26,Pro,Germany,Partner,SMB,8,4,2,9,1,0,,79,87.93,869
U09915,2025-10-10,Pro,Canada,Organic,SMB,12,6,1,2,1,0,,79,31.78,948
U09916,2025-05-02,Free,India,Paid Search,SMB,2,3,2,3,0,1,2025-08-12,0,129.46,0
U09917,2025-07-06,Business,Germany,Organic,Startup,15,9,2,9,0,1,2025-08-13,249,25.88,249
U09918,2025-07-14,Business,US,Paid Search,Startup,9,7,2,8,0,0,,249,92.71,2490
U09919,2025-01-15,Pro,India,Organic,Startup,11,7,1,7,1,0,,79,36.99,948
U09920,2025-03-26,Free,US,Organic,SMB,7,2,0,3,0,1,2025-09-01,0,45.21,0
U09921,2025-05-17,Pro,Germany,Organic,Startup,7,6,2,4,0,0,,79,28.89,948
U09922,2025-05-30,Pro,India,Paid Search,SMB,16,7,0,5,1,0,,79,93.36,1106
U09923,2025-03-05,Free,India,Organic,Mid-Market,6,5,0,2,0,0,,0,28.15,0
U09924,2025-10-12,Business,UK,Organic,Enterprise,15,12,0,5,1,0,,249,30.98,2490
U09925,2025-10-14,Free,Germany,Referral,Startup,12,4,0,7,0,0,,0,43.72,0
U09926,2025-09-14,Pro,India,Content,Mid-Market,13,6,1,5,0,1,2025-12-15,79,29.74,237
U09927,2025-08-25,Free,US,Paid Search,Mid-Market,7,2,2,1,0,1,2026-04-04,0,109.36,0
U09928,2025-07-06,Pro,US,Content,Enterprise,16,7,2,7,0,1,2025-10-10,79,30.47,237
U09929,2025-01-11,Free,India,Partner,SMB,6,6,0,1,0,0,,0,82.37,0
U09930,2025-10-18,Free,Canada,Paid Search,Mid-Market,9,4,1,2,0,0,,0,139.63,0
U09931,2025-03-17,Pro,US,Content,SMB,11,5,1,5,0,0,,79,49.16,790
U09932,2025-05-21,Free,UK,Paid Search,SMB,7,5,1,4,0,0,,0,114.02,0
U09933,2025-05-13,Free,US,Referral,Mid-Market,8,2,2,2,0,0,,0,26.97,0
U09934,2025-07-22,Free,US,Organic,SMB,3,2,1,3,0,1,2026-03-28,0,42.42,0
U09935,2025-10-19,Free,India,Referral,Mid-Market,5,5,0,2,0,0,,0,33.66,0
U09936,2025-06-16,Pro,Germany,Referral,SMB,12,5,2,7,0,0,,79,40.29,948
U09937,2025-01-29,Business,Germany,Referral,Startup,12,9,7,8,1,0,,249,17.34,3237
U09938,2025-06-16,Free,UK,Content,Startup,14,4,0,1,0,1,2025-09-11,0,23.69,0
U09939,2025-08-13,Pro,Australia,Partner,SMB,14,4,2,3,1,1,2026-04-05,79,60.37,632
U09940,2025-03-19,Pro,Australia,Organic,Startup,9,5,0,4,1,0,,79,25.99,1106
U09941,2025-06-29,Pro,US,Organic,SMB,7,6,0,2,0,1,2026-02-11,79,43.0,632
U09942,2025-01-05,Pro,US,Organic,SMB,9,7,2,4,1,0,,79,16.55,1106
U09943,2025-10-19,Business,US,Content,Startup,14,10,0,10,1,0,,249,46.69,2241
U09944,2025-03-04,Pro,US,Organic,Startup,15,7,1,5,0,0,,79,25.68,790
U09945,2025-09-22,Pro,India,Paid Search,Enterprise,18,8,1,8,1,0,,79,91.85,869
U09946,2025-05-06,Pro,US,Organic,Mid-Market,16,4,2,5,0,0,,79,38.25,869
U09947,2025-03-26,Business,India,Paid Search,SMB,18,8,1,10,0,0,,249,121.18,3486
U09948,2025-02-16,Pro,India,Referral,Startup,12,6,1,4,0,0,,79,34.45,1106
U09949,2025-09-12,Business,Germany,Content,Startup,16,12,1,7,0,0,,249,35.62,2988
U09950,2025-08-24,Pro,US,Referral,Startup,11,5,2,3,1,0,,79,32.15,1106
U09951,2025-07-17,Free,Germany,Content,Mid-Market,8,2,1,3,0,1,2026-04-12,0,28.78,0
U09952,2025-09-26,Pro,US,Paid Search,Startup,11,4,1,3,0,0,,79,99.37,790
U09953,2025-09-08,Free,UK,Paid Search,Mid-Market,11,3,2,2,0,1,2026-05-03,0,85.03,0
U09954,2025-05-05,Free,Australia,Paid Search,Enterprise,6,3,1,3,1,1,2025-09-15,0,79.9,0
U09955,2025-03-17,Free,India,Organic,Mid-Market,10,3,0,2,1,0,,0,21.87,0
U09956,2025-08-24,Business,US,Content,SMB,16,5,1,7,1,0,,249,38.72,3237
U09957,2025-02-04,Pro,India,Paid Search,Startup,7,9,1,5,0,0,,79,166.3,1106
U09958,2025-09-09,Business,Australia,Paid Search,SMB,18,9,0,8,1,0,,249,105.51,3486
U09959,2025-08-21,Pro,India,Content,Mid-Market,14,6,1,4,0,0,,79,36.11,1106
U09960,2025-06-16,Pro,UK,Referral,Startup,15,8,2,4,0,0,,79,42.48,790
U09961,2025-06-07,Pro,Australia,Content,Startup,10,3,2,2,0,0,,79,37.85,948
U09962,2025-10-04,Free,US,Paid Search,SMB,9,4,1,3,0,0,,0,90.97,0
U09963,2025-02-18,Free,India,Paid Search,Mid-Market,13,1,3,3,0,0,,0,89.71,0
U09964,2025-09-23,Pro,US,Referral,SMB,14,5,1,3,1,1,2026-05-18,79,46.6,632
U09965,2025-05-21,Pro,US,Partner,SMB,10,9,0,5,0,0,,79,77.12,790
U09966,2025-01-28,Pro,Germany,Paid Search,SMB,11,7,2,6,0,0,,79,58.0,948
U09967,2025-09-30,Free,UK,Organic,Mid-Market,11,5,1,4,0,0,,0,31.87,0
U09968,2025-06-20,Free,UK,Partner,Enterprise,9,3,0,1,0,0,,0,73.35,0
U09969,2025-04-30,Pro,US,Organic,Startup,12,6,1,6,0,1,2025-07-19,79,27.65,237
U09970,2025-10-07,Business,India,Content,Mid-Market,20,8,0,6,1,0,,249,18.91,2490
U09971,2025-09-26,Pro,US,Paid Search,Startup,12,7,2,4,1,0,,79,64.94,632
U09972,2025-08-12,Pro,US,Content,Startup,10,8,0,3,0,0,,79,38.53,711
U09973,2025-03-08,Pro,US,Content,SMB,8,7,0,2,0,1,2025-11-11,79,46.29,632
U09974,2025-03-02,Free,India,Organic,Startup,6,1,2,5,1,1,2025-08-28,0,30.51,0
U09975,2025-08-30,Free,India,Referral,Startup,9,5,5,2,0,1,2025-10-13,0,35.93,0
U09976,2025-07-11,Pro,Australia,Organic,Startup,19,7,1,3,0,1,2025-10-30,79,44.22,316
U09977,2025-05-15,Free,India,Paid Search,Mid-Market,10,3,3,2,0,0,,0,61.83,0
U09978,2025-04-29,Pro,US,Paid Search,SMB,8,4,0,1,1,0,,79,68.66,869
U09979,2025-03-09,Free,Australia,Organic,SMB,14,4,0,4,0,0,,0,30.4,0
U09980,2025-03-21,Pro,UK,Paid Search,SMB,14,4,1,5,0,1,2025-11-20,79,85.19,632
U09981,2025-08-15,Free,UK,Organic,Startup,9,3,3,6,0,1,2025-11-02,0,35.45,0
U09982,2025-08-14,Free,India,Organic,SMB,10,2,2,4,0,1,2026-03-31,0,22.63,0
U09983,2025-07-24,Free,Australia,Organic,SMB,9,3,1,1,0,1,2026-03-01,0,58.04,0
U09984,2025-02-19,Pro,Canada,Partner,Startup,19,6,3,5,0,0,,79,74.32,948
U09985,2025-10-12,Free,Germany,Content,SMB,5,1,5,2,1,1,2026-07-22,0,23.85,0
U09986,2025-08-04,Free,Canada,Organic,SMB,6,4,2,1,1,0,,0,28.22,0
U09987,2025-06-23,Free,UK,Paid Search,Startup,15,3,0,1,0,1,2026-03-29,0,128.91,0
U09988,2025-05-07,Free,UK,Referral,Mid-Market,12,4,1,1,0,1,2026-02-05,0,17.28,0
U09989,2025-10-24,Pro,US,Paid Search,Mid-Market,10,5,1,5,1,0,,79,66.35,790
U09990,2025-05-29,Pro,Canada,Referral,SMB,13,5,0,15,1,0,,79,14.93,869
U09991,2025-03-16,Pro,India,Paid Search,Startup,17,8,2,4,0,0,,79,98.75,711
U09992,2025-03-10,Pro,UK,Referral,SMB,13,6,1,6,0,0,,79,41.88,948
U09993,2025-01-22,Free,UK,Organic,Enterprise,11,3,3,3,0,0,,0,39.16,0
U09994,2025-05-10,Free,Germany,Content,Startup,10,3,0,2,0,1,2026-02-09,0,25.15,0
U09995,2025-01-22,Pro,India,Paid Search,Mid-Market,9,2,1,4,0,0,,79,119.0,1027
U09996,2025-10-25,Pro,Germany,Paid Search,SMB,7,2,2,9,1,1,2026-01-28,79,102.58,237
U09997,2025-08-13,Free,India,Organic,Enterprise,9,3,3,1,0,0,,0,47.15,0
U09998,2025-07-15,Free,US,Organic,SMB,12,3,5,3,0,1,2025-10-20,0,35.63,0
U09999,2025-07-26,Pro,India,Organic,Startup,8,8,1,7,1,0,,79,30.02,790
U10000,2025-09-23,Pro,India,Content,SMB,13,7,2,7,0,1,2026-05-11,79,34.81,632
U10001,2025-09-24,Pro,India,Paid Search,SMB,19,4,0,5,0,0,,79,119.3,1106
U10002,2025-09-17,Free,Canada,Referral,Startup,9,1,1,4,0,0,,0,37.94,0
U10003,2025-03-16,Pro,US,Organic,SMB,13,6,1,2,1,0,,79,33.5,790
U10004,2025-08-03,Free,India,Partner,SMB,15,4,2,3,1,1,2025-09-10,0,51.71,0
U10005,2025-05-27,Free,India,Paid Search,Startup,13,3,1,3,0,0,,0,101.12,0
U10006,2025-02-05,Free,Australia,Content,Mid-Market,5,4,3,1,1,1,2025-03-18,0,18.72,0
U10007,2025-03-25,Free,US,Organic,Mid-Market,9,3,0,3,0,0,,0,35.57,0
U10008,2025-08-11,Pro,US,Organic,Mid-Market,13,4,1,5,0,0,,79,38.94,711
U10009,2025-05-02,Free,Australia,Organic,Startup,10,6,1,2,0,0,,0,18.09,0
U10010,2025-05-16,Free,US,Organic,SMB,7,1,3,2,0,0,,0,31.47,0
U10011,2025-02-10,Free,Canada,Organic,Mid-Market,8,3,1,3,0,1,2025-05-15,0,32.81,0
U10012,2025-08-27,Pro,Canada,Paid Search,SMB,13,7,0,7,1,0,,79,120.29,790
U10013,2025-06-08,Free,Canada,Content,SMB,12,3,3,3,0,1,2026-02-19,0,33.16,0
U10014,2025-06-10,Free,US,Referral,SMB,8,2,4,1,0,1,2025-10-08,0,27.06,0
U10015,2025-09-30,Pro,US,Paid Search,SMB,12,8,2,9,0,0,,79,98.58,1106
U10016,2025-02-01,Business,Germany,Organic,Startup,15,8,2,8,0,0,,249,21.97,2988
U10017,2025-05-07,Free,Germany,Organic,Startup,12,5,2,2,0,0,,0,50.17,0
U10018,2025-05-16,Free,Germany,Referral,Startup,8,1,1,3,0,1,2025-11-12,0,30.93,0
U10019,2025-08-21,Free,Germany,Organic,Startup,14,4,1,2,0,0,,0,30.27,0
U10020,2025-02-11,Pro,Australia,Paid Search,SMB,12,6,1,8,0,0,,79,115.68,1027
U10021,2025-01-03,Free,India,Content,Mid-Market,11,5,1,3,0,0,,0,29.09,0
U10022,2025-08-22,Pro,US,Referral,Startup,13,6,3,5,0,0,,79,33.3,790
U10023,2025-07-01,Free,Australia,Paid Search,Startup,4,3,1,2,0,1,2025-09-28,0,63.64,0
U10024,2025-05-19,Pro,Germany,Partner,Startup,14,6,0,3,0,0,,79,61.43,1027
U10025,2025-03-21,Free,Canada,Content,SMB,12,1,4,2,0,0,,0,35.6,0
U10026,2025-10-01,Free,Canada,Referral,Startup,13,4,3,3,0,1,2026-02-03,0,35.65,0
U10027,2025-10-02,Business,US,Content,SMB,14,5,0,2,1,0,,249,29.45,3486
U10028,2025-02-14,Free,Canada,Content,Mid-Market,11,3,2,5,0,0,,0,43.81,0
U10029,2025-03-21,Business,Germany,Content,SMB,16,9,0,10,1,0,,249,37.32,3237
U10030,2025-04-26,Free,India,Organic,SMB,8,2,0,1,0,0,,0,42.32,0
U10031,2025-07-12,Business,India,Referral,Mid-Market,16,11,3,6,0,0,,249,54.0,3237
U10032,2025-02-18,Free,India,Content,SMB,12,3,1,4,0,0,,0,51.34,0
U10033,2025-04-14,Free,US,Organic,Mid-Market,3,2,2,2,0,1,2025-10-15,0,47.22,0
U10034,2025-01-26,Free,US,Organic,Enterprise,7,5,3,2,0,0,,0,32.9,0
U10035,2025-01-08,Pro,Canada,Referral,Mid-Market,9,9,0,4,1,0,,79,26.79,1106
U10036,2025-03-02,Pro,US,Paid Search,Startup,9,7,1,6,0,0,,79,114.89,1027
U10037,2025-01-29,Pro,India,Organic,Mid-Market,16,6,0,2,0,1,2025-08-09,79,17.92,474
U10038,2025-01-09,Business,Canada,Content,Startup,14,9,0,7,0,0,,249,25.66,2490
U10039,2025-04-08,Free,India,Paid Search,Startup,9,1,1,2,0,0,,0,72.94,0
U10040,2025-03-06,Free,UK,Partner,Mid-Market,12,5,0,4,0,0,,0,43.49,0
U10041,2025-05-06,Pro,India,Partner,SMB,14,8,1,7,1,0,,79,65.55,790
U10042,2025-06-21,Pro,US,Partner,SMB,12,5,1,5,0,0,,79,47.72,948
U10043,2025-10-23,Free,India,Content,SMB,7,2,1,2,0,1,2026-07-18,0,35.15,0
U10044,2025-05-14,Pro,US,Referral,Mid-Market,3,6,2,7,0,0,,79,51.13,948
U10045,2025-09-27,Business,India,Organic,SMB,8,5,2,3,0,0,,249,29.96,3237
U10046,2025-01-08,Free,Germany,Partner,Mid-Market,15,3,2,4,0,0,,0,68.13,0
U10047,2025-02-18,Pro,US,Partner,SMB,5,7,0,2,0,0,,79,71.38,948
U10048,2025-02-21,Free,US,Paid Search,Mid-Market,12,3,4,2,0,1,2026-01-14,0,90.52,0
U10049,2025-08-22,Business,Germany,Paid Search,SMB,11,12,0,5,0,0,,249,101.4,2490
U10050,2025-01-11,Pro,US,Partner,Startup,13,1,1,4,0,1,2025-11-12,79,96.51,790
U10051,2025-04-26,Free,India,Organic,SMB,14,6,2,5,0,0,,0,46.92,0
U10052,2025-07-31,Pro,India,Organic,Startup,11,5,2,6,0,0,,79,40.14,632
U10053,2025-03-14,Business,India,Organic,SMB,12,11,0,8,1,0,,249,35.91,2988
U10054,2025-03-24,Free,India,Organic,Mid-Market,12,4,1,5,0,0,,0,40.91,0
U10055,2025-05-20,Free,Germany,Organic,Startup,14,4,1,1,1,0,,0,31.82,0
U10056,2025-09-07,Pro,India,Content,Startup,17,7,0,4,0,0,,79,31.63,790
U10057,2025-03-29,Free,Australia,Organic,Startup,8,3,1,1,0,0,,0,39.14,0
U10058,2025-04-27,Pro,UK,Organic,Startup,9,6,2,1,0,0,,79,36.75,1106
U10059,2025-09-28,Free,India,Organic,Startup,8,5,3,3,0,1,2026-04-05,0,31.09,0
U10060,2025-07-22,Pro,Australia,Content,Startup,12,6,2,1,0,0,,79,44.7,632
U10061,2025-04-14,Free,US,Content,SMB,6,3,2,2,0,1,2025-09-07,0,34.56,0
U10062,2025-07-24,Free,India,Organic,Startup,5,5,3,1,0,1,2025-09-20,0,31.36,0
U10063,2025-04-14,Free,Germany,Partner,Mid-Market,5,2,0,1,0,1,2025-12-14,0,82.74,0
U10064,2025-08-27,Pro,India,Content,SMB,9,3,2,2,1,1,2026-03-14,79,29.94,553
U10065,2025-01-28,Free,India,Organic,Startup,11,1,0,1,0,1,2025-10-26,0,46.73,0
U10066,2025-06-21,Free,US,Referral,SMB,9,6,1,3,0,0,,0,26.27,0
U10067,2025-07-30,Free,UK,Content,Startup,8,3,0,4,0,1,2025-10-14,0,30.69,0
U10068,2025-04-15,Free,US,Partner,Startup,12,5,0,3,0,0,,0,73.93,0
U10069,2025-05-17,Free,US,Referral,Startup,12,1,1,2,1,0,,0,58.07,0
U10070,2025-01-22,Pro,India,Content,SMB,13,6,1,6,0,0,,79,56.01,1027
U10071,2025-02-24,Free,Canada,Paid Search,SMB,11,4,0,3,0,0,,0,99.77,0
U10072,2025-01-15,Free,India,Content,SMB,7,5,1,6,0,0,,0,38.25,0
U10073,2025-09-17,Pro,US,Content,SMB,15,6,1,4,1,0,,79,45.23,790
U10074,2025-06-02,Free,US,Partner,SMB,7,5,1,1,0,0,,0,96.19,0
U10075,2025-02-17,Pro,Australia,Paid Search,Startup,16,6,0,1,0,0,,79,74.13,948
U10076,2025-09-13,Free,US,Organic,SMB,13,1,0,4,1,0,,0,49.91,0
U10077,2025-04-18,Business,India,Referral,SMB,14,9,2,7,0,0,,249,34.2,2988
U10078,2025-03-15,Pro,Germany,Organic,Startup,19,7,1,12,1,0,,79,27.89,1027
U10079,2025-09-11,Pro,US,Paid Search,Startup,14,8,1,3,0,1,2026-04-01,79,69.61,553
U10080,2025-09-10,Free,US,Organic,Startup,3,5,1,2,1,0,,0,26.75,0
U10081,2025-10-13,Free,UK,Content,SMB,7,5,2,1,0,0,,0,14.61,0
U10082,2025-04-16,Business,Australia,Organic,Mid-Market,17,9,0,6,0,0,,249,18.01,2988
U10083,2025-08-11,Pro,UK,Referral,SMB,15,5,0,6,0,0,,79,32.87,632
U10084,2025-10-19,Pro,India,Referral,Startup,19,4,1,4,0,1,2025-12-16,79,11.83,158
U10085,2025-06-27,Free,India,Paid Search,Startup,8,2,1,4,0,1,2026-02-04,0,93.37,0
U10086,2025-09-12,Pro,US,Paid Search,Enterprise,10,6,2,4,1,0,,79,103.95,948
U10087,2025-09-26,Pro,Germany,Organic,Enterprise,8,6,2,4,0,0,,79,43.27,948
U10088,2025-01-28,Pro,India,Content,SMB,15,8,0,6,0,0,,79,43.29,790
U10089,2025-09-09,Free,Canada,Partner,Mid-Market,10,4,4,3,0,1,2026-04-15,0,66.73,0
U10090,2025-07-18,Business,Canada,Organic,SMB,16,11,0,4,0,1,2026-02-17,249,42.27,1743
U10091,2025-07-10,Free,US,Content,SMB,11,3,1,2,0,1,2025-11-25,0,41.3,0
U10092,2025-09-30,Free,Canada,Partner,Startup,6,7,3,2,0,0,,0,54.71,0
U10093,2025-10-21,Free,Canada,Content,Mid-Market,5,2,2,2,0,0,,0,36.72,0
U10094,2025-04-05,Business,Australia,Paid Search,SMB,12,10,2,8,0,0,,249,110.7,2988
U10095,2025-04-24,Pro,US,Paid Search,Enterprise,11,5,1,3,1,0,,79,44.42,711
U10096,2025-06-05,Free,India,Referral,Startup,4,1,2,3,0,1,2025-09-27,0,60.68,0
U10097,2025-01-13,Pro,Germany,Paid Search,SMB,17,5,2,3,1,0,,79,90.62,632
U10098,2025-08-31,Free,India,Partner,Startup,8,1,0,3,1,1,2026-03-09,0,67.31,0
U10099,2025-01-22,Business,UK,Content,Mid-Market,20,12,1,6,1,0,,249,22.75,2241
U10100,2025-06-17,Free,US,Paid Search,Enterprise,7,4,1,1,0,1,2025-10-26,0,108.42,0
U10101,2025-10-13,Free,US,Organic,Mid-Market,5,3,1,1,1,1,2026-01-29,0,31.88,0
U10102,2025-08-23,Free,US,Referral,Enterprise,10,6,3,1,0,0,,0,32.87,0
U10103,2025-05-13,Pro,India,Referral,Startup,10,6,1,3,0,0,,79,40.24,790
U10104,2025-02-11,Free,India,Referral,Startup,4,5,5,3,0,1,2025-10-24,0,32.9,0
U10105,2025-03-27,Pro,India,Referral,Startup,12,7,0,5,1,1,2026-02-02,79,40.1,790
U10106,2025-10-05,Business,US,Organic,Enterprise,12,8,1,11,0,0,,249,48.89,2739
U10107,2025-03-27,Free,Canada,Paid Search,Startup,15,3,1,1,0,0,,0,96.31,0
U10108,2025-02-07,Pro,US,Referral,Startup,11,5,1,5,1,0,,79,22.92,948
U10109,2025-07-04,Free,US,Paid Search,Mid-Market,6,1,4,1,0,1,2025-10-30,0,105.58,0
U10110,2025-04-04,Business,India,Partner,Startup,18,5,0,7,0,0,,249,61.83,2490
U10111,2025-02-03,Free,US,Content,Startup,7,1,1,3,0,0,,0,40.86,0
U10112,2025-07-26,Pro,India,Organic,Enterprise,11,5,2,7,1,1,2025-12-05,79,32.12,316
U10113,2025-07-19,Free,US,Content,SMB,7,2,1,1,1,0,,0,41.35,0
U10114,2025-04-14,Business,Australia,Content,Startup,13,9,2,5,1,1,2025-09-10,249,40.03,1245
U10115,2025-06-24,Free,US,Partner,Mid-Market,13,6,1,5,0,1,2026-01-04,0,72.5,0
U10116,2025-10-05,Free,Canada,Content,SMB,10,6,1,2,0,0,,0,21.86,0
U10117,2025-04-11,Business,UK,Paid Search,Startup,13,7,2,8,0,0,,249,122.21,2739
U10118,2025-04-07,Pro,Australia,Partner,Mid-Market,13,8,1,9,1,0,,79,59.36,1106
U10119,2025-09-08,Pro,Canada,Referral,Mid-Market,13,7,0,3,0,1,2026-07-07,79,33.74,790
U10120,2025-03-24,Free,US,Paid Search,Mid-Market,7,4,1,2,1,0,,0,76.56,0
U10121,2025-06-11,Pro,US,Organic,Startup,12,4,1,2,0,0,,79,24.68,790
U10122,2025-08-31,Pro,US,Paid Search,SMB,11,5,1,3,0,0,,79,93.49,948
U10123,2025-06-03,Free,India,Organic,SMB,7,6,1,1,0,0,,0,51.23,0
U10124,2025-07-23,Free,UK,Referral,Startup,6,4,0,3,0,0,,0,31.26,0
U10125,2025-08-09,Free,US,Content,SMB,9,3,1,4,1,0,,0,19.78,0
U10126,2025-03-28,Free,Germany,Content,Startup,7,6,0,1,0,1,2025-04-27,0,53.62,0
U10127,2025-04-08,Free,Canada,Paid Search,Enterprise,14,2,0,2,0,0,,0,118.24,0
U10128,2025-01-19,Pro,US,Paid Search,Startup,7,5,4,4,0,1,2025-07-17,79,108.17,474
U10129,2025-04-10,Pro,Germany,Paid Search,Enterprise,20,7,1,7,0,0,,79,88.68,1106
U10130,2025-05-05,Free,Canada,Organic,Enterprise,8,1,0,2,0,1,2025-06-19,0,24.28,0
U10131,2025-02-20,Pro,UK,Partner,Mid-Market,10,6,1,7,0,1,2025-06-07,79,49.86,316
U10132,2025-04-15,Free,US,Content,Startup,9,3,0,3,0,0,,0,58.07,0
U10133,2025-10-13,Pro,India,Referral,Startup,8,4,1,4,0,1,2026-03-14,79,39.57,395
U10134,2025-09-22,Pro,Germany,Organic,SMB,17,3,1,3,1,1,2026-04-24,79,24.95,553
U10135,2025-06-24,Free,US,Paid Search,Mid-Market,6,3,0,3,0,0,,0,124.25,0
U10136,2025-09-29,Free,US,Paid Search,SMB,11,3,3,2,0,0,,0,104.62,0
U10137,2025-04-03,Business,US,Organic,Mid-Market,19,9,1,8,1,0,,249,31.19,2490
U10138,2025-06-12,Business,India,Organic,Enterprise,13,8,1,6,0,1,2025-10-22,249,42.72,996
U10139,2025-07-21,Pro,India,Organic,Mid-Market,10,8,1,3,0,0,,79,24.6,1027
U10140,2025-10-18,Free,India,Partner,SMB,12,1,0,2,1,1,2026-05-28,0,62.1,0
U10141,2025-04-21,Business,US,Paid Search,Startup,17,7,0,6,1,0,,249,75.57,2739
U10142,2025-04-08,Free,Canada,Organic,Mid-Market,6,5,0,2,0,1,2025-05-29,0,43.73,0
U10143,2025-06-02,Pro,US,Content,SMB,11,6,2,6,1,0,,79,41.07,711
U10144,2025-07-04,Free,US,Organic,Mid-Market,9,2,1,4,0,0,,0,40.64,0
U10145,2025-04-25,Free,India,Organic,SMB,16,5,3,3,0,0,,0,28.61,0
U10146,2025-03-30,Pro,India,Content,Mid-Market,8,5,3,6,1,0,,79,26.85,1027
U10147,2025-02-06,Free,UK,Referral,SMB,7,1,2,3,0,1,2025-11-29,0,39.2,0
U10148,2025-01-16,Pro,Canada,Content,SMB,13,6,0,4,1,0,,79,34.16,869
U10149,2025-01-27,Free,Canada,Referral,SMB,7,2,1,5,0,1,2025-03-26,0,41.33,0
U10150,2025-01-30,Free,Canada,Referral,SMB,8,6,4,2,0,0,,0,47.94,0
U10151,2025-04-30,Business,US,Organic,Mid-Market,8,5,2,10,0,0,,249,28.05,3486
U10152,2025-01-05,Free,India,Content,SMB,4,6,3,4,0,0,,0,26.22,0
U10153,2025-08-29,Pro,India,Referral,Startup,13,7,2,6,0,1,2026-01-17,79,42.12,395
U10154,2025-01-29,Free,India,Partner,SMB,14,8,2,2,0,1,2025-08-02,0,52.69,0
U10155,2025-10-25,Free,US,Referral,SMB,6,3,1,4,0,1,2026-02-11,0,35.41,0
U10156,2025-10-26,Pro,Germany,Organic,Mid-Market,15,5,0,7,1,0,,79,40.56,790
U10157,2025-10-14,Pro,Germany,Organic,SMB,10,8,3,6,0,0,,79,35.86,948
U10158,2025-01-26,Free,US,Paid Search,Startup,8,2,0,2,0,1,2025-07-31,0,122.67,0
U10159,2025-01-31,Free,US,Content,Mid-Market,7,3,1,3,0,1,2025-06-25,0,39.57,0
U10160,2025-09-20,Pro,US,Organic,Mid-Market,10,5,1,5,0,0,,79,19.61,948
U10161,2025-10-04,Pro,Canada,Paid Search,Startup,10,7,2,2,0,0,,79,83.58,948
U10162,2025-09-27,Free,UK,Organic,SMB,12,2,2,2,0,0,,0,25.34,0
U10163,2025-10-05,Free,Canada,Partner,SMB,5,1,1,2,0,1,2026-07-31,0,90.34,0
U10164,2025-06-08,Pro,Germany,Content,SMB,9,10,0,3,0,0,,79,39.4,948
U10165,2025-04-07,Pro,US,Paid Search,SMB,10,3,0,3,1,0,,79,106.14,790
U10166,2025-06-05,Free,India,Partner,Mid-Market,4,4,2,4,0,0,,0,100.41,0
U10167,2025-02-27,Free,US,Paid Search,Startup,7,4,3,3,0,0,,0,114.69,0
U10168,2025-07-28,Pro,US,Referral,Enterprise,16,4,0,7,1,1,2026-05-09,79,33.14,790
U10169,2025-10-12,Business,UK,Partner,Startup,17,8,2,6,1,0,,249,57.29,3237
U10170,2025-03-16,Business,US,Partner,Startup,18,8,2,9,0,1,2025-06-23,249,72.1,747
U10171,2025-06-18,Free,India,Content,SMB,10,2,1,3,0,1,2026-04-16,0,39.65,0
U10172,2025-03-28,Pro,India,Partner,Mid-Market,14,5,0,6,1,0,,79,58.13,790
U10173,2025-04-21,Free,India,Referral,SMB,10,1,1,3,0,0,,0,27.42,0
U10174,2025-01-04,Pro,US,Paid Search,Mid-Market,14,3,2,6,1,1,2025-09-15,79,55.22,632
U10175,2025-01-13,Pro,US,Partner,Startup,7,4,1,3,1,1,2025-08-06,79,49.19,553
U10176,2025-02-21,Free,India,Referral,SMB,16,7,3,1,0,0,,0,21.72,0
U10177,2025-02-27,Free,India,Paid Search,Startup,8,1,1,4,0,0,,0,100.34,0
U10178,2025-06-15,Pro,Australia,Referral,SMB,18,9,1,2,1,1,2025-09-10,79,54.03,237
U10179,2025-05-03,Pro,Australia,Paid Search,Mid-Market,13,8,0,4,0,0,,79,97.86,790
U10180,2025-04-03,Pro,US,Partner,Startup,8,4,0,4,1,1,2025-11-28,79,69.0,632
U10181,2025-06-05,Free,US,Paid Search,SMB,9,3,1,1,0,1,2025-10-16,0,67.93,0
U10182,2025-09-07,Free,Canada,Partner,Startup,2,5,1,1,0,0,,0,73.94,0
U10183,2025-03-14,Pro,UK,Content,SMB,14,6,1,6,0,0,,79,33.03,869
U10184,2025-08-31,Free,Canada,Content,SMB,9,1,2,3,0,1,2025-12-20,0,29.57,0
U10185,2025-04-23,Pro,India,Content,SMB,8,7,1,7,0,0,,79,38.64,1106
U10186,2025-04-30,Free,Germany,Paid Search,SMB,15,1,1,2,0,1,2025-10-19,0,65.0,0
U10187,2025-08-16,Pro,India,Referral,Mid-Market,14,5,1,9,0,0,,79,31.83,1106
U10188,2025-08-03,Pro,India,Organic,Startup,16,7,0,3,0,0,,79,45.03,711
U10189,2025-09-03,Free,Canada,Content,Enterprise,8,2,2,2,0,1,2026-04-25,0,40.13,0
U10190,2025-09-05,Pro,US,Paid Search,Startup,13,8,1,4,1,0,,79,87.13,869
U10191,2025-09-04,Free,Canada,Organic,Startup,8,5,1,1,0,1,2025-11-13,0,28.62,0
U10192,2025-08-23,Free,UK,Paid Search,Startup,11,3,2,3,0,1,2026-06-16,0,45.29,0
U10193,2025-06-18,Pro,US,Organic,Enterprise,21,10,0,7,1,0,,79,15.56,790
U10194,2025-10-11,Free,US,Referral,Startup,5,4,0,3,1,0,,0,33.93,0
U10195,2025-05-08,Free,US,Organic,Mid-Market,9,3,2,2,0,1,2025-12-14,0,58.71,0
U10196,2025-03-05,Pro,Canada,Partner,Startup,20,6,1,5,0,0,,79,76.15,1027
U10197,2025-02-10,Free,Canada,Organic,Mid-Market,8,7,1,5,0,1,2025-07-01,0,35.36,0
U10198,2025-06-29,Free,India,Content,Mid-Market,10,2,2,1,0,0,,0,22.56,0
U10199,2025-04-28,Free,India,Referral,Mid-Market,8,4,1,2,0,0,,0,45.81,0
U10200,2025-05-21,Pro,India,Partner,Startup,15,10,0,3,0,0,,79,47.07,711
U10201,2025-03-21,Business,Canada,Organic,Mid-Market,24,9,0,9,0,0,,249,31.23,2988
U10202,2025-01-02,Pro,US,Organic,SMB,10,8,1,4,0,0,,79,32.75,1027
U10203,2025-10-16,Free,India,Organic,Startup,10,3,0,4,0,0,,0,39.31,0
U10204,2025-08-04,Business,Germany,Partner,SMB,21,7,0,8,0,0,,249,72.24,2241
U10205,2025-03-01,Business,India,Organic,Startup,15,9,0,6,1,1,2025-08-08,249,33.08,1245
U10206,2025-01-27,Free,India,Organic,SMB,5,3,0,5,0,1,2025-11-16,0,28.16,0
U10207,2025-02-04,Free,UK,Paid Search,Mid-Market,7,3,0,1,0,0,,0,101.56,0
U10208,2025-02-25,Free,Canada,Content,Startup,6,2,2,4,0,0,,0,42.49,0
U10209,2025-07-09,Free,India,Referral,Startup,9,2,4,1,0,0,,0,52.14,0
U10210,2025-08-13,Pro,US,Paid Search,SMB,11,4,1,5,0,1,2025-12-06,79,90.48,316
U10211,2025-03-21,Free,US,Paid Search,Startup,6,4,0,1,0,1,2025-07-11,0,86.14,0
U10212,2025-10-07,Free,US,Partner,Mid-Market,8,1,1,3,0,0,,0,32.91,0
U10213,2025-06-12,Free,India,Referral,Mid-Market,6,4,1,2,0,0,,0,48.98,0
U10214,2025-08-07,Free,Canada,Partner,Startup,7,2,1,2,0,0,,0,73.8,0
U10215,2025-09-22,Free,India,Paid Search,SMB,6,3,1,1,0,1,2026-03-15,0,82.46,0
U10216,2025-09-22,Pro,US,Content,Startup,6,7,2,4,0,1,2026-07-12,79,37.37,790
U10217,2025-08-10,Free,India,Paid Search,SMB,10,5,2,1,0,0,,0,80.08,0
U10218,2025-06-04,Business,US,Content,Mid-Market,19,13,0,7,0,0,,249,37.5,2739
U10219,2025-01-16,Pro,US,Organic,Enterprise,11,7,1,2,0,1,2025-04-19,79,50.45,237
U10220,2025-05-26,Business,India,Organic,Startup,12,6,2,7,1,0,,249,37.48,2241
U10221,2025-05-12,Free,US,Partner,Startup,12,1,1,1,0,1,2025-08-25,0,54.04,0
U10222,2025-03-27,Business,Germany,Paid Search,SMB,11,6,2,7,0,1,2025-09-25,249,94.47,1494
U10223,2025-04-22,Free,US,Paid Search,Startup,7,5,4,2,0,1,2025-12-23,0,93.69,0
U10224,2025-01-21,Free,US,Paid Search,SMB,11,5,1,2,0,0,,0,104.89,0
U10225,2025-07-24,Business,India,Content,Enterprise,11,12,1,9,1,0,,249,29.94,2739
U10226,2025-02-20,Pro,US,Partner,SMB,6,7,1,4,0,1,2026-01-12,79,94.58,869
U10227,2025-10-11,Pro,US,Paid Search,Startup,13,8,1,4,1,1,2025-12-05,79,84.08,158
U10228,2025-03-08,Pro,India,Paid Search,Startup,21,7,0,6,1,1,2025-10-24,79,114.3,632
U10229,2025-05-04,Free,UK,Referral,SMB,5,2,3,4,0,0,,0,34.27,0
U10230,2025-09-19,Free,Canada,Organic,SMB,5,4,0,3,0,0,,0,44.52,0
U10231,2025-10-14,Pro,US,Organic,Startup,5,4,1,4,0,1,2026-04-14,79,49.25,474
U10232,2025-01-01,Free,India,Content,Mid-Market,9,3,2,2,0,1,2025-06-10,0,31.76,0
U10233,2025-08-10,Free,Australia,Content,SMB,9,4,1,2,0,0,,0,33.92,0
U10234,2025-05-07,Free,US,Content,SMB,13,4,1,2,0,0,,0,27.96,0
U10235,2025-07-16,Free,Germany,Content,SMB,16,3,0,4,0,0,,0,47.28,0
U10236,2025-10-19,Free,Germany,Paid Search,Mid-Market,7,3,0,3,1,0,,0,86.17,0
U10237,2025-10-10,Free,India,Paid Search,SMB,8,1,1,6,0,0,,0,108.38,0
U10238,2025-09-30,Free,US,Referral,Mid-Market,13,5,1,2,0,0,,0,26.55,0
U10239,2025-05-10,Free,Australia,Referral,Mid-Market,10,5,0,1,0,0,,0,45.67,0
U10240,2025-02-03,Free,India,Content,SMB,10,6,1,1,0,0,,0,39.14,0
U10241,2025-01-27,Pro,Australia,Paid Search,SMB,6,6,1,3,1,0,,79,54.53,948
U10242,2025-08-12,Free,US,Paid Search,Mid-Market,12,2,1,3,0,1,2026-01-02,0,122.01,0
U10243,2025-05-05,Free,UK,Referral,SMB,11,5,0,1,0,0,,0,41.16,0
U10244,2025-09-19,Business,Germany,Organic,SMB,20,6,1,7,1,0,,249,28.96,2988
U10245,2025-06-02,Free,US,Paid Search,Mid-Market,11,5,1,6,0,0,,0,110.33,0
U10246,2025-02-26,Pro,Germany,Partner,Startup,8,5,2,7,0,1,2025-08-18,79,84.13,474
U10247,2025-06-17,Free,Germany,Paid Search,Startup,9,4,1,3,0,0,,0,73.71,0
U10248,2025-03-17,Pro,US,Organic,SMB,14,3,2,5,1,1,2025-12-25,79,33.82,711
U10249,2025-06-09,Pro,Germany,Partner,SMB,20,7,1,6,0,0,,79,67.45,711
U10250,2025-07-25,Pro,US,Content,Enterprise,15,2,2,6,1,0,,79,45.72,948
U10251,2025-08-20,Pro,India,Organic,Mid-Market,11,7,1,5,1,1,2026-05-29,79,45.68,711
U10252,2025-08-16,Business,India,Content,Enterprise,29,10,1,12,0,0,,249,30.71,2241
U10253,2025-08-27,Free,India,Paid Search,SMB,3,2,4,1,1,1,2026-04-07,0,125.64,0
U10254,2025-09-20,Free,Australia,Referral,SMB,19,2,1,5,0,1,2026-07-08,0,51.27,0
U10255,2025-06-05,Pro,US,Partner,Startup,7,4,2,3,1,1,2026-03-16,79,58.52,711
U10256,2025-04-30,Free,Germany,Organic,SMB,9,1,2,2,1,0,,0,47.27,0
U10257,2025-09-05,Free,UK,Organic,Startup,6,2,1,2,0,1,2025-11-14,0,28.13,0
U10258,2025-01-15,Free,Germany,Organic,Startup,3,2,2,4,0,1,2025-05-05,0,34.44,0
U10259,2025-07-10,Business,UK,Content,Mid-Market,13,10,1,8,0,1,2025-08-26,249,24.33,498
U10260,2025-10-20,Free,India,Organic,SMB,10,1,4,4,0,1,2026-05-16,0,42.49,0
U10261,2025-05-15,Free,UK,Organic,Startup,11,3,1,3,0,1,2026-04-07,0,40.73,0
U10262,2025-03-19,Pro,Germany,Paid Search,SMB,12,11,1,3,0,0,,79,100.21,1106
U10263,2025-08-26,Free,India,Partner,Startup,3,5,1,3,0,0,,0,62.5,0
U10264,2025-08-19,Free,Germany,Referral,SMB,8,2,2,2,0,0,,0,41.97,0
U10265,2025-04-25,Pro,US,Referral,Startup,9,5,2,7,0,0,,79,48.41,790
U10266,2025-10-03,Free,India,Organic,Enterprise,8,3,1,2,0,0,,0,28.39,0
U10267,2025-06-10,Free,India,Organic,Mid-Market,10,6,2,1,0,0,,0,28.22,0
U10268,2025-06-12,Free,US,Content,Mid-Market,9,2,2,1,0,1,2026-01-27,0,33.8,0
U10269,2025-06-01,Free,UK,Organic,Enterprise,13,5,0,4,0,0,,0,37.26,0
U10270,2025-06-07,Pro,UK,Partner,SMB,9,7,4,8,0,0,,79,79.47,1027
U10271,2025-08-08,Business,India,Organic,Mid-Market,9,10,0,7,1,0,,249,39.63,2988
U10272,2025-03-14,Free,UK,Content,Mid-Market,12,2,1,1,0,1,2025-07-14,0,32.42,0
U10273,2025-05-17,Pro,UK,Content,Mid-Market,12,6,2,2,0,1,2025-10-17,79,30.55,395
U10274,2025-01-19,Pro,India,Content,SMB,13,6,1,5,0,0,,79,31.4,869
U10275,2025-09-21,Free,UK,Referral,Mid-Market,14,2,4,3,0,1,2026-04-29,0,17.82,0
U10276,2025-02-03,Pro,UK,Partner,Mid-Market,9,8,1,9,1,0,,79,60.52,1106
U10277,2025-05-24,Pro,US,Partner,Mid-Market,13,5,0,3,1,0,,79,57.5,711
U10278,2025-08-06,Pro,US,Content,Startup,9,7,1,4,0,0,,79,23.88,790
U10279,2025-05-20,Business,India,Organic,SMB,17,8,1,4,0,0,,249,52.97,3237
U10280,2025-03-01,Free,India,Organic,SMB,8,1,1,1,1,0,,0,35.31,0
U10281,2025-01-26,Free,US,Referral,SMB,6,6,0,1,0,0,,0,33.74,0
U10282,2025-05-29,Free,Canada,Content,SMB,8,4,0,2,0,1,2025-08-25,0,24.26,0
U10283,2025-01-17,Business,UK,Content,Mid-Market,20,8,1,5,1,0,,249,59.56,2490
U10284,2025-06-05,Free,US,Paid Search,SMB,11,1,1,2,0,0,,0,99.37,0
U10285,2025-04-03,Free,India,Partner,SMB,7,3,2,2,0,1,2025-10-02,0,74.87,0
U10286,2025-10-06,Free,Australia,Organic,Mid-Market,5,2,0,2,0,0,,0,46.71,0
U10287,2025-04-05,Business,India,Content,Startup,13,10,0,5,0,0,,249,40.68,3237
U10288,2025-06-12,Pro,US,Paid Search,SMB,8,4,2,4,0,0,,79,111.66,711
U10289,2025-07-12,Free,Germany,Organic,Startup,9,1,1,2,1,1,2026-03-05,0,59.1,0
U10290,2025-07-04,Pro,India,Partner,Startup,14,4,0,1,1,1,2025-08-16,79,64.75,79
U10291,2025-03-23,Pro,India,Organic,SMB,21,8,2,5,0,0,,79,21.0,869
U10292,2025-09-01,Pro,Australia,Organic,Startup,12,11,0,4,0,0,,79,29.02,1027
U10293,2025-02-13,Free,US,Organic,SMB,13,6,0,2,0,0,,0,54.88,0
U10294,2025-04-01,Free,Germany,Content,Startup,6,3,1,2,0,0,,0,35.27,0
U10295,2025-03-28,Free,India,Referral,Startup,12,5,1,2,0,0,,0,29.68,0
U10296,2025-07-26,Pro,US,Content,SMB,17,9,0,6,1,1,2026-01-12,79,39.18,474
U10297,2025-05-17,Business,UK,Organic,SMB,22,6,3,9,0,0,,249,17.71,2241
U10298,2025-01-30,Pro,India,Paid Search,SMB,10,4,2,7,0,1,2025-05-15,79,62.93,316
U10299,2025-08-12,Pro,India,Referral,Mid-Market,10,7,3,3,0,0,,79,18.36,948
U10300,2025-01-22,Pro,US,Paid Search,Startup,14,5,3,5,0,0,,79,118.65,790
U10301,2025-03-07,Free,US,Paid Search,SMB,4,3,0,1,0,1,2025-06-09,0,88.86,0
U10302,2025-10-18,Free,US,Referral,Startup,5,4,3,3,0,1,2026-05-09,0,27.24,0
U10303,2025-10-23,Free,UK,Organic,SMB,12,4,1,3,0,1,2026-06-27,0,28.02,0
U10304,2025-04-05,Free,India,Paid Search,SMB,9,3,3,2,0,0,,0,118.43,0
U10305,2025-04-09,Free,Canada,Referral,Mid-Market,15,2,4,1,0,1,2025-11-01,0,31.27,0
U10306,2025-05-18,Free,Canada,Content,Startup,8,6,5,1,0,0,,0,34.32,0
U10307,2025-08-05,Free,US,Organic,Startup,5,4,2,3,1,1,2026-03-12,0,49.31,0
U10308,2025-02-15,Business,Germany,Organic,Enterprise,18,10,0,6,1,0,,249,20.36,2490
U10309,2025-09-01,Pro,India,Organic,Startup,15,6,0,2,0,0,,79,42.92,790
U10310,2025-04-02,Free,UK,Referral,Startup,8,4,1,1,0,0,,0,39.91,0
U10311,2025-09-28,Free,India,Referral,Mid-Market,10,5,1,2,0,0,,0,39.36,0
U10312,2025-09-28,Business,India,Content,Startup,17,6,0,9,0,0,,249,28.6,2241
U10313,2025-01-03,Free,UK,Content,Startup,10,1,2,3,0,1,2025-09-20,0,47.56,0
U10314,2025-10-07,Business,UK,Content,Mid-Market,15,8,1,7,1,1,2026-06-15,249,33.96,1992
U10315,2025-01-20,Free,India,Paid Search,Mid-Market,12,2,0,2,0,1,2025-11-11,0,110.42,0
U10316,2025-07-07,Free,US,Referral,SMB,7,2,2,2,0,0,,0,46.58,0
U10317,2025-09-26,Business,UK,Content,Mid-Market,16,8,2,6,0,1,2026-04-25,249,41.3,1743
U10318,2025-03-03,Business,US,Content,Startup,14,11,0,2,1,1,2025-04-12,249,33.95,249
U10319,2025-01-06,Free,Germany,Organic,Mid-Market,5,3,2,1,0,1,2025-09-24,0,39.51,0
U10320,2025-10-14,Free,India,Organic,Enterprise,4,4,0,2,0,1,2025-11-16,0,29.38,0
U10321,2025-04-27,Free,US,Organic,Mid-Market,10,1,1,3,1,1,2025-12-26,0,46.21,0
U10322,2025-08-23,Free,India,Organic,Mid-Market,11,3,1,2,0,1,2025-11-17,0,25.73,0
U10323,2025-05-31,Free,Germany,Content,SMB,4,3,1,3,0,0,,0,32.92,0
U10324,2025-01-30,Free,India,Referral,SMB,6,2,1,3,0,0,,0,41.89,0
U10325,2025-05-15,Free,India,Organic,Startup,14,2,1,2,0,1,2025-08-03,0,32.9,0
U10326,2025-07-25,Free,UK,Organic,Startup,9,2,2,2,0,1,2026-02-12,0,37.48,0
U10327,2025-03-10,Free,UK,Partner,Startup,9,5,2,2,0,0,,0,82.43,0
U10328,2025-05-05,Free,India,Content,SMB,9,1,3,1,0,1,2026-01-08,0,36.56,0
U10329,2025-05-31,Free,US,Organic,SMB,12,4,4,4,0,1,2025-08-16,0,35.02,0
U10330,2025-01-11,Free,US,Paid Search,Startup,6,3,1,2,0,0,,0,88.2,0
U10331,2025-06-18,Free,Germany,Paid Search,Startup,10,3,1,4,0,0,,0,64.2,0
U10332,2025-03-16,Pro,US,Paid Search,Mid-Market,7,7,1,2,0,1,2025-09-01,79,106.37,474
U10333,2025-10-15,Free,India,Referral,SMB,10,1,2,2,0,1,2026-05-26,0,35.55,0
U10334,2025-06-14,Business,US,Referral,SMB,14,8,1,8,0,0,,249,28.36,2241
U10335,2025-06-28,Free,India,Paid Search,SMB,8,4,1,2,0,1,2026-03-24,0,83.16,0
U10336,2025-06-22,Pro,UK,Organic,Startup,7,6,0,6,0,0,,79,36.46,632
U10337,2025-08-15,Business,UK,Referral,Mid-Market,20,9,0,8,1,0,,249,34.44,2241
U10338,2025-10-17,Business,US,Referral,Mid-Market,19,8,0,8,1,0,,249,30.07,2241
U10339,2025-05-24,Pro,India,Content,Enterprise,10,7,0,7,0,1,2025-06-28,79,45.78,79
U10340,2025-05-21,Pro,US,Referral,Mid-Market,14,6,0,7,0,0,,79,38.96,790
U10341,2025-08-15,Business,US,Content,Mid-Market,10,7,1,11,1,0,,249,29.48,2988
U10342,2025-04-14,Free,India,Referral,SMB,10,6,2,4,0,1,2025-06-04,0,37.57,0
U10343,2025-04-07,Pro,Germany,Referral,Mid-Market,11,4,1,8,0,0,,79,21.39,948
U10344,2025-09-24,Business,Germany,Partner,Mid-Market,16,9,1,8,0,0,,249,58.59,1992
U10345,2025-10-23,Pro,India,Referral,Mid-Market,8,7,3,2,0,0,,79,35.36,711
U10346,2025-06-03,Free,US,Partner,Startup,6,4,3,2,0,0,,0,90.37,0
U10347,2025-09-12,Free,Germany,Paid Search,Mid-Market,16,2,1,4,0,1,2025-11-24,0,85.57,0
U10348,2025-06-13,Free,India,Organic,SMB,6,2,2,3,0,1,2025-10-02,0,25.97,0
U10349,2025-07-17,Business,UK,Paid Search,Enterprise,15,7,2,7,0,0,,249,127.27,2490
U10350,2025-02-28,Free,India,Paid Search,Startup,5,2,1,4,0,0,,0,101.63,0
U10351,2025-01-08,Free,India,Referral,Mid-Market,11,4,1,4,0,0,,0,35.55,0
U10352,2025-08-24,Pro,Germany,Partner,Startup,10,5,1,3,0,0,,79,58.23,1106
U10353,2025-06-09,Free,US,Organic,Startup,9,3,2,2,0,0,,0,41.23,0
U10354,2025-08-23,Free,India,Content,SMB,8,6,0,3,0,0,,0,34.0,0
U10355,2025-06-26,Pro,Australia,Referral,Startup,12,7,2,2,0,0,,79,43.15,790
U10356,2025-06-17,Free,US,Referral,Mid-Market,6,3,1,5,0,1,2026-04-04,0,31.8,0
U10357,2025-01-11,Pro,UK,Referral,SMB,9,5,2,6,0,0,,79,37.09,1106
U10358,2025-04-22,Free,India,Paid Search,Enterprise,10,6,1,2,0,0,,0,94.98,0
U10359,2025-10-01,Pro,Canada,Paid Search,Startup,13,3,1,3,0,0,,79,129.59,790
U10360,2025-06-23,Pro,Australia,Content,SMB,9,5,1,3,0,0,,79,34.76,869
U10361,2025-08-21,Pro,UK,Organic,SMB,10,4,1,6,0,0,,79,48.22,790
U10362,2025-09-04,Free,India,Organic,SMB,6,4,1,3,0,0,,0,38.29,0
U10363,2025-06-14,Pro,US,Paid Search,Mid-Market,14,4,0,3,0,0,,79,70.72,948
U10364,2025-07-23,Free,US,Content,SMB,10,5,1,1,0,1,2025-11-12,0,18.07,0
U10365,2025-09-24,Pro,India,Paid Search,SMB,14,6,0,3,1,0,,79,145.87,711
U10366,2025-09-26,Free,US,Content,Enterprise,12,6,0,3,0,0,,0,48.78,0
U10367,2025-02-08,Pro,Australia,Paid Search,Startup,12,7,0,7,1,0,,79,101.6,790
U10368,2025-05-11,Free,US,Referral,SMB,9,2,2,2,0,1,2025-07-22,0,12.21,0
U10369,2025-10-10,Pro,US,Paid Search,Startup,6,8,1,6,1,0,,79,79.61,790
U10370,2025-07-15,Pro,US,Content,Startup,11,3,2,6,1,1,2025-10-07,79,41.92,237
U10371,2025-02-21,Free,US,Content,Startup,7,4,0,2,0,1,2025-12-13,0,30.43,0
U10372,2025-06-21,Free,US,Partner,Startup,8,3,2,2,0,1,2025-09-22,0,69.0,0
U10373,2025-01-12,Free,UK,Content,SMB,10,2,2,3,0,1,2025-05-08,0,51.05,0
U10374,2025-07-16,Free,India,Organic,SMB,4,5,0,3,0,1,2026-04-01,0,12.53,0
U10375,2025-02-23,Pro,US,Organic,SMB,11,5,2,2,0,1,2025-06-29,79,12.69,316
U10376,2025-05-29,Free,US,Referral,Mid-Market,12,6,3,2,0,0,,0,31.2,0
U10377,2025-07-15,Free,India,Content,SMB,9,4,2,3,0,0,,0,33.66,0
U10378,2025-06-16,Free,Australia,Referral,SMB,6,3,1,5,0,0,,0,46.49,0
U10379,2025-07-08,Pro,US,Paid Search,Startup,16,7,1,2,0,0,,79,89.56,790
U10380,2025-05-04,Business,Canada,Content,Mid-Market,10,12,1,3,0,1,2025-11-29,249,30.28,1743
U10381,2025-01-25,Pro,Australia,Referral,Startup,9,7,0,8,0,0,,79,40.02,711
U10382,2025-06-10,Pro,India,Organic,Startup,18,5,0,3,1,0,,79,47.11,1106
U10383,2025-01-31,Free,UK,Content,Startup,9,2,2,2,0,0,,0,28.67,0
U10384,2025-03-24,Free,US,Referral,Startup,10,1,2,2,0,1,2025-10-28,0,23.52,0
U10385,2025-08-07,Business,Germany,Paid Search,Mid-Market,13,8,1,14,1,0,,249,92.16,2739
U10386,2025-09-28,Free,India,Paid Search,Mid-Market,10,1,1,3,0,0,,0,75.99,0
U10387,2025-04-19,Free,Australia,Content,SMB,6,2,1,2,0,1,2025-06-25,0,46.43,0
U10388,2025-04-09,Free,India,Content,SMB,6,5,1,2,0,1,2026-01-06,0,39.68,0
U10389,2025-05-16,Free,India,Content,Mid-Market,6,6,1,3,0,0,,0,40.22,0
U10390,2025-09-19,Free,Australia,Organic,Mid-Market,13,2,3,3,1,0,,0,45.52,0
U10391,2025-10-13,Pro,India,Paid Search,Startup,22,6,2,5,0,0,,79,87.42,790
U10392,2025-09-05,Pro,US,Content,SMB,15,7,1,4,1,0,,79,20.65,869
U10393,2025-06-20,Pro,UK,Organic,SMB,15,7,1,4,1,0,,79,44.23,632
U10394,2025-08-02,Pro,India,Partner,Startup,15,7,1,5,1,1,2026-05-13,79,61.03,711
U10395,2025-01-08,Free,US,Paid Search,SMB,6,7,0,3,0,0,,0,79.21,0
U10396,2025-07-05,Free,India,Referral,Startup,10,3,0,3,0,1,2025-08-23,0,26.57,0
U10397,2025-01-12,Free,India,Organic,Enterprise,11,4,1,2,0,0,,0,39.92,0
U10398,2025-08-28,Free,US,Paid Search,Mid-Market,12,1,0,1,0,0,,0,95.85,0
U10399,2025-08-31,Free,US,Content,Mid-Market,6,8,2,4,0,0,,0,48.05,0
U10400,2025-08-10,Free,US,Paid Search,Enterprise,8,4,2,2,0,1,2026-01-30,0,98.89,0
U10401,2025-03-11,Free,India,Paid Search,SMB,8,2,1,2,0,1,2025-09-11,0,83.36,0
U10402,2025-06-11,Pro,US,Partner,Mid-Market,18,5,1,5,0,0,,79,91.66,948
U10403,2025-07-05,Free,India,Partner,SMB,7,2,1,2,1,1,2025-10-05,0,95.63,0
U10404,2025-01-10,Free,UK,Organic,Enterprise,11,3,0,3,0,1,2025-03-16,0,39.06,0
U10405,2025-06-03,Free,India,Organic,Startup,4,1,2,4,0,1,2026-02-11,0,36.57,0
U10406,2025-05-17,Pro,US,Paid Search,Mid-Market,9,5,1,4,0,0,,79,118.3,1106
U10407,2025-03-22,Pro,US,Referral,Mid-Market,15,10,1,4,1,0,,79,48.62,790
U10408,2025-04-10,Free,UK,Paid Search,Mid-Market,5,6,2,4,0,0,,0,131.03,0
U10409,2025-06-23,Pro,India,Organic,Startup,17,5,2,9,1,0,,79,35.29,1027
U10410,2025-10-20,Free,US,Partner,SMB,13,1,0,1,1,1,2026-01-26,0,69.92,0
U10411,2025-03-31,Pro,India,Paid Search,Mid-Market,17,4,2,4,0,0,,79,111.04,711
U10412,2025-04-17,Free,India,Content,SMB,3,4,0,3,0,1,2025-08-25,0,43.15,0
U10413,2025-01-16,Free,India,Paid Search,Startup,12,2,2,2,0,1,2025-12-03,0,100.48,0
U10414,2025-07-20,Free,US,Paid Search,Mid-Market,8,1,2,2,0,1,2025-12-19,0,138.59,0
U10415,2025-05-28,Free,US,Organic,Startup,8,1,3,2,0,1,2025-10-24,0,28.7,0
U10416,2025-03-21,Business,US,Partner,SMB,18,6,1,8,1,0,,249,89.28,2241
U10417,2025-10-01,Pro,US,Organic,Startup,9,7,5,2,0,1,2025-12-28,79,21.59,237
U10418,2025-10-18,Pro,India,Content,SMB,11,4,0,9,0,0,,79,27.65,711
U10419,2025-09-15,Free,UK,Organic,Startup,10,2,0,2,0,1,2026-01-14,0,29.97,0
U10420,2025-10-20,Business,Germany,Paid Search,Startup,19,8,1,8,0,0,,249,96.89,3237
U10421,2025-03-22,Free,Australia,Content,Mid-Market,15,1,1,4,0,1,2026-02-09,0,36.39,0
U10422,2025-06-20,Free,Germany,Referral,SMB,11,2,0,3,0,0,,0,40.52,0
U10423,2025-09-15,Pro,Germany,Paid Search,Startup,15,6,2,4,1,0,,79,76.89,790
U10424,2025-10-26,Free,Canada,Paid Search,Mid-Market,8,4,1,5,0,0,,0,110.17,0
U10425,2025-04-12,Business,India,Organic,SMB,10,9,1,11,0,1,2025-08-04,249,22.99,996
U10426,2025-04-27,Free,India,Referral,SMB,7,4,1,1,0,0,,0,34.06,0
U10427,2025-08-13,Pro,India,Organic,Startup,9,5,0,6,1,1,2025-12-13,79,14.23,316
U10428,2025-01-07,Pro,India,Content,Mid-Market,15,5,1,2,0,0,,79,40.49,869
U10429,2025-04-06,Pro,US,Organic,Enterprise,15,1,2,3,0,1,2025-10-20,79,26.37,553
U10430,2025-10-06,Pro,US,Referral,SMB,10,4,1,6,0,0,,79,17.19,869
U10431,2025-02-15,Pro,India,Content,Startup,15,2,1,2,0,1,2025-04-19,79,41.14,158
U10432,2025-03-19,Free,Australia,Organic,SMB,12,3,0,1,0,1,2025-04-29,0,22.88,0
U10433,2025-10-23,Free,India,Organic,SMB,8,2,0,3,0,0,,0,46.22,0
U10434,2025-06-16,Free,US,Organic,Mid-Market,6,3,3,3,0,0,,0,26.49,0
U10435,2025-06-26,Pro,US,Paid Search,Startup,11,6,1,3,1,0,,79,103.21,632
U10436,2025-10-05,Pro,US,Referral,Startup,7,8,2,4,0,1,2026-04-26,79,28.38,553
U10437,2025-07-01,Business,India,Partner,Mid-Market,22,10,1,7,0,0,,249,35.06,2241
U10438,2025-03-13,Free,Germany,Organic,Mid-Market,6,3,0,4,0,1,2025-10-13,0,31.83,0
U10439,2025-08-04,Pro,India,Organic,SMB,13,5,0,8,0,0,,79,24.51,869
U10440,2025-06-10,Free,Germany,Paid Search,SMB,9,1,0,1,0,0,,0,96.14,0
U10441,2025-07-06,Pro,US,Referral,Enterprise,15,8,0,6,1,0,,79,27.44,790
U10442,2025-06-14,Free,India,Organic,Enterprise,9,2,0,2,0,0,,0,38.22,0
U10443,2025-04-06,Free,India,Referral,Startup,13,1,3,1,0,1,2025-11-20,0,13.69,0
U10444,2025-06-14,Free,UK,Paid Search,Startup,11,5,3,3,0,0,,0,105.39,0
U10445,2025-10-25,Business,Canada,Content,Startup,11,9,0,6,1,0,,249,39.1,1992
U10446,2025-07-06,Free,US,Partner,Mid-Market,11,4,0,3,0,0,,0,79.12,0
U10447,2025-08-01,Pro,US,Organic,Startup,10,7,0,6,0,0,,79,43.78,948
U10448,2025-05-08,Free,India,Organic,Startup,9,2,1,2,0,0,,0,19.99,0
U10449,2025-01-29,Business,Germany,Organic,SMB,20,8,1,5,0,0,,249,15.89,2490
U10450,2025-05-16,Business,UK,Partner,SMB,14,8,0,7,1,0,,249,71.05,3486
U10451,2025-02-11,Free,US,Partner,Startup,4,4,2,1,1,0,,0,113.13,0
U10452,2025-07-24,Free,India,Paid Search,SMB,13,4,1,2,0,0,,0,120.55,0
U10453,2025-10-10,Free,US,Partner,Startup,12,6,2,7,0,0,,0,58.83,0
U10454,2025-10-10,Business,US,Organic,Startup,19,11,1,6,1,0,,249,12.49,3237
U10455,2025-06-30,Business,US,Partner,Mid-Market,14,8,1,11,1,1,2025-10-13,249,70.58,996
U10456,2025-10-03,Pro,US,Content,SMB,10,5,1,5,1,1,2026-01-08,79,39.58,237
U10457,2025-04-17,Free,US,Organic,Startup,7,2,1,3,1,1,2026-01-18,0,25.09,0
U10458,2025-04-16,Free,US,Referral,Startup,9,1,1,1,0,1,2025-08-04,0,28.32,0
U10459,2025-07-23,Pro,Canada,Organic,Startup,12,5,1,3,0,0,,79,41.91,1027
U10460,2025-04-01,Free,US,Content,Startup,11,1,1,3,1,1,2025-09-13,0,43.92,0
U10461,2025-07-28,Free,US,Content,SMB,11,1,1,2,1,1,2025-11-07,0,24.27,0
U10462,2025-06-02,Pro,India,Partner,Enterprise,15,9,2,3,1,0,,79,75.32,1106
U10463,2025-07-10,Free,UK,Partner,SMB,7,2,3,1,0,1,2025-10-02,0,66.67,0
U10464,2025-09-01,Pro,Canada,Referral,Mid-Market,8,4,2,5,1,0,,79,35.64,790
U10465,2025-01-28,Free,India,Organic,Mid-Market,6,1,2,1,1,1,2025-11-09,0,46.71,0
U10466,2025-08-13,Free,UK,Paid Search,SMB,6,5,1,3,0,0,,0,66.69,0
U10467,2025-09-06,Free,India,Referral,Mid-Market,7,2,2,4,0,1,2026-01-04,0,26.14,0
U10468,2025-02-10,Pro,India,Referral,Startup,11,4,3,5,0,0,,79,45.75,1027
U10469,2025-09-09,Pro,US,Paid Search,Startup,18,7,1,4,0,0,,79,74.77,948
U10470,2025-10-11,Free,Canada,Referral,Startup,11,4,0,2,0,0,,0,31.99,0
U10471,2025-06-12,Free,Canada,Content,SMB,5,1,3,1,0,0,,0,27.02,0
U10472,2025-05-10,Pro,US,Organic,SMB,9,4,3,2,0,0,,79,63.3,869
U10473,2025-09-28,Pro,US,Partner,Startup,10,6,0,8,1,0,,79,58.63,632
U10474,2025-03-22,Pro,Germany,Paid Search,Mid-Market,12,7,0,4,1,0,,79,66.51,711
U10475,2025-10-11,Free,India,Paid Search,Startup,13,1,0,3,0,0,,0,98.91,0
U10476,2025-07-01,Pro,India,Content,Startup,15,6,1,5,0,1,2025-10-20,79,52.38,316
U10477,2025-09-20,Free,India,Referral,SMB,7,1,2,4,0,1,2026-04-28,0,43.61,0
U10478,2025-04-25,Free,Canada,Organic,Mid-Market,8,5,2,2,0,1,2025-12-28,0,42.74,0
U10479,2025-03-30,Pro,India,Partner,Startup,14,4,0,9,1,0,,79,57.82,948
U10480,2025-08-12,Pro,India,Referral,Startup,13,7,2,2,1,0,,79,23.28,869
U10481,2025-07-06,Pro,Canada,Content,SMB,16,10,2,4,0,0,,79,40.01,1027
U10482,2025-08-17,Free,Germany,Content,Startup,3,2,2,1,0,0,,0,39.17,0
U10483,2025-05-11,Pro,Germany,Organic,SMB,10,4,0,4,0,0,,79,40.03,1106
U10484,2025-09-16,Pro,US,Content,Startup,9,3,1,6,1,0,,79,45.59,948
U10485,2025-08-15,Pro,Germany,Organic,Startup,10,9,0,2,0,0,,79,26.3,711
U10486,2025-08-29,Pro,US,Paid Search,SMB,8,7,0,1,1,0,,79,96.42,790
U10487,2025-05-16,Pro,Germany,Content,SMB,16,4,1,2,0,0,,79,28.91,948
U10488,2025-10-26,Free,Canada,Referral,Mid-Market,8,2,3,2,0,1,2026-04-26,0,18.21,0
U10489,2025-01-02,Pro,Canada,Paid Search,Startup,17,6,0,5,0,0,,79,75.81,1106
U10490,2025-03-11,Pro,US,Content,Startup,7,5,3,4,0,1,2025-11-13,79,27.28,632
U10491,2025-05-12,Free,Canada,Referral,Mid-Market,9,5,2,4,0,0,,0,47.13,0
U10492,2025-06-16,Free,US,Paid Search,Startup,13,1,0,3,0,0,,0,97.65,0
U10493,2025-02-19,Free,India,Organic,Startup,13,3,1,4,0,0,,0,34.22,0
U10494,2025-05-09,Free,Canada,Referral,Startup,11,5,1,1,0,0,,0,47.51,0
U10495,2025-10-08,Pro,UK,Organic,Mid-Market,20,9,1,4,0,0,,79,40.04,790
U10496,2025-09-01,Pro,UK,Content,Startup,12,9,4,5,1,0,,79,26.48,1106
U10497,2025-01-14,Pro,UK,Content,SMB,13,4,0,4,1,0,,79,38.15,869
U10498,2025-07-28,Pro,Australia,Paid Search,Mid-Market,16,8,1,4,1,0,,79,68.54,948
U10499,2025-02-23,Free,India,Paid Search,Startup,11,2,1,4,0,0,,0,133.28,0
U10500,2025-05-26,Free,India,Organic,Mid-Market,7,4,3,3,0,0,,0,39.15,0
U10501,2025-03-24,Pro,US,Organic,Startup,5,5,1,3,0,1,2025-06-29,79,52.65,237
U10502,2025-08-03,Pro,Germany,Content,SMB,13,4,1,4,0,0,,79,22.2,790
U10503,2025-05-20,Pro,US,Paid Search,Startup,13,5,0,2,0,1,2026-03-31,79,71.49,790
U10504,2025-05-22,Free,UK,Referral,Mid-Market,7,1,2,3,0,0,,0,31.87,0
U10505,2025-06-21,Free,India,Content,Enterprise,6,1,0,1,0,1,2025-12-22,0,9.67,0
U10506,2025-10-08,Free,UK,Paid Search,SMB,8,6,1,4,0,0,,0,92.42,0
U10507,2025-07-13,Business,Australia,Organic,Startup,18,9,2,12,0,0,,249,36.56,1992
U10508,2025-05-17,Free,Canada,Referral,SMB,5,6,1,2,0,0,,0,24.44,0
U10509,2025-08-25,Free,Canada,Organic,SMB,9,3,2,3,0,1,2026-05-25,0,30.9,0
U10510,2025-04-14,Pro,India,Content,Startup,12,6,0,2,1,0,,79,18.81,1106
U10511,2025-01-11,Pro,Germany,Paid Search,Mid-Market,13,7,2,6,0,1,2025-11-22,79,94.27,790
U10512,2025-05-28,Business,UK,Referral,SMB,9,6,0,10,1,0,,249,19.48,2490
U10513,2025-05-15,Free,India,Organic,Mid-Market,5,3,0,2,0,0,,0,19.88,0
U10514,2025-05-11,Pro,India,Paid Search,Mid-Market,16,4,0,5,0,0,,79,120.8,711
U10515,2025-06-26,Pro,Australia,Content,Startup,14,4,2,5,0,0,,79,31.81,711
U10516,2025-05-25,Free,Canada,Organic,Enterprise,10,1,0,3,0,1,2025-09-24,0,38.41,0
U10517,2025-03-17,Pro,US,Organic,SMB,10,7,2,6,1,1,2025-05-08,79,54.36,158
U10518,2025-08-06,Free,US,Paid Search,Startup,11,5,2,3,0,0,,0,66.86,0
U10519,2025-10-13,Pro,US,Content,Mid-Market,10,6,1,3,0,1,2026-08-09,79,42.82,790
U10520,2025-05-13,Free,India,Organic,SMB,4,2,2,1,0,1,2025-11-24,0,38.56,0
U10521,2025-02-07,Free,UK,Organic,Mid-Market,4,3,0,1,0,0,,0,50.47,0
U10522,2025-05-31,Free,US,Organic,Startup,9,2,1,1,0,1,2026-02-11,0,51.37,0
U10523,2025-10-27,Pro,US,Referral,Startup,12,8,1,5,0,0,,79,41.27,1027
U10524,2025-01-22,Business,India,Referral,Startup,15,9,0,7,1,0,,249,26.78,2490
U10525,2025-03-20,Free,US,Paid Search,SMB,6,2,1,3,0,0,,0,104.7,0
U10526,2025-08-17,Pro,Canada,Referral,Startup,10,8,1,3,0,0,,79,37.57,948
U10527,2025-03-21,Pro,India,Partner,Mid-Market,9,5,3,3,0,0,,79,96.7,869
U10528,2025-10-17,Pro,India,Organic,Mid-Market,13,7,1,4,1,0,,79,18.16,869
U10529,2025-06-26,Pro,Germany,Organic,SMB,15,3,0,6,1,0,,79,32.56,711
U10530,2025-07-30,Free,US,Paid Search,SMB,14,1,0,4,0,1,2025-08-31,0,93.51,0
U10531,2025-09-26,Free,Canada,Referral,Startup,10,3,1,2,0,0,,0,21.94,0
U10532,2025-09-19,Pro,Canada,Content,SMB,14,7,1,2,0,0,,79,9.72,790
U10533,2025-09-25,Pro,India,Organic,SMB,8,7,0,4,0,1,2026-04-17,79,38.42,553
U10534,2025-04-07,Pro,Australia,Referral,SMB,12,10,0,4,0,1,2025-07-09,79,37.13,237
U10535,2025-04-24,Free,US,Organic,SMB,8,1,1,3,0,1,2026-01-22,0,32.35,0
U10536,2025-10-01,Free,US,Partner,Mid-Market,2,4,0,2,1,0,,0,80.49,0
U10537,2025-05-09,Pro,India,Organic,SMB,13,6,3,7,0,0,,79,32.93,869
U10538,2025-01-27,Pro,India,Referral,Startup,27,4,0,11,1,0,,79,18.93,790
U10539,2025-04-30,Free,US,Paid Search,Startup,11,6,3,1,1,0,,0,115.69,0
U10540,2025-10-24,Free,Germany,Partner,Mid-Market,7,4,1,3,0,0,,0,56.79,0
U10541,2025-02-28,Business,India,Organic,Mid-Market,11,7,0,14,0,1,2025-12-17,249,24.87,2490
U10542,2025-09-27,Free,US,Organic,Startup,9,1,3,1,0,0,,0,43.75,0
U10543,2025-05-09,Free,UK,Content,SMB,10,4,1,3,0,0,,0,43.27,0
U10544,2025-10-27,Free,US,Paid Search,Startup,6,2,1,3,0,0,,0,86.26,0
U10545,2025-01-29,Free,Germany,Content,Mid-Market,10,1,2,2,0,0,,0,22.6,0
U10546,2025-04-17,Free,India,Partner,SMB,5,3,1,2,0,1,2025-09-16,0,64.67,0
U10547,2025-02-02,Pro,India,Organic,SMB,11,3,1,5,0,0,,79,37.6,632
U10548,2025-01-11,Free,Australia,Paid Search,SMB,10,2,0,2,1,0,,0,115.8,0
U10549,2025-07-05,Free,India,Paid Search,SMB,18,3,4,3,0,1,2025-11-17,0,91.37,0
U10550,2025-08-21,Pro,US,Content,Startup,12,10,0,8,0,0,,79,40.35,632
U10551,2025-06-24,Pro,US,Content,SMB,11,7,0,2,0,0,,79,51.21,711
U10552,2025-02-09,Free,India,Organic,Startup,6,5,3,3,0,1,2025-08-04,0,35.98,0
U10553,2025-04-19,Free,US,Paid Search,Startup,8,3,1,2,0,0,,0,70.29,0
U10554,2025-08-13,Pro,US,Organic,SMB,17,6,1,5,1,0,,79,35.93,790
U10555,2025-02-28,Free,Germany,Paid Search,Startup,8,6,3,1,0,1,2025-10-05,0,68.48,0
U10556,2025-04-23,Pro,UK,Content,Mid-Market,15,6,0,3,0,0,,79,38.83,1027
U10557,2025-09-26,Free,Canada,Paid Search,Startup,12,4,2,1,0,1,2026-06-29,0,102.12,0
U10558,2025-02-14,Pro,Germany,Content,Startup,5,6,0,6,1,1,2025-03-19,79,49.26,79
U10559,2025-01-11,Free,Australia,Organic,SMB,8,3,2,3,0,0,,0,18.35,0
U10560,2025-04-05,Pro,UK,Referral,Mid-Market,20,6,2,6,0,0,,79,35.44,869
U10561,2025-08-06,Free,India,Content,Mid-Market,9,4,0,3,0,1,2025-11-07,0,31.47,0
U10562,2025-01-30,Pro,US,Paid Search,SMB,11,9,3,5,0,0,,79,107.96,711
U10563,2025-04-02,Free,UK,Referral,SMB,8,3,1,1,0,0,,0,43.17,0
U10564,2025-05-29,Pro,India,Paid Search,SMB,15,8,0,6,1,0,,79,111.8,1106
U10565,2025-05-25,Free,US,Content,Startup,10,1,3,3,0,1,2026-01-13,0,44.65,0
U10566,2025-03-25,Free,US,Organic,Startup,3,3,0,2,0,1,2025-09-02,0,39.21,0
U10567,2025-08-30,Pro,Australia,Organic,Startup,10,6,1,5,1,1,2026-01-20,79,44.3,395
U10568,2025-03-18,Free,India,Paid Search,SMB,6,6,3,1,0,0,,0,104.38,0
U10569,2025-10-21,Free,Germany,Content,Mid-Market,11,4,3,2,0,0,,0,35.89,0
U10570,2025-01-02,Free,Canada,Paid Search,Startup,10,5,1,3,0,1,2025-11-05,0,84.56,0
U10571,2025-08-26,Pro,Australia,Organic,SMB,7,8,1,5,1,0,,79,45.5,948
U10572,2025-08-17,Business,US,Referral,Mid-Market,15,4,1,9,0,0,,249,41.46,2241
U10573,2025-01-18,Free,Australia,Content,Enterprise,10,1,1,2,0,0,,0,38.0,0
U10574,2025-08-26,Pro,UK,Paid Search,Mid-Market,11,8,0,4,0,0,,79,69.26,790
U10575,2025-06-22,Free,India,Organic,SMB,8,5,3,3,1,1,2026-03-09,0,44.63,0
U10576,2025-06-15,Free,US,Organic,Startup,10,1,1,2,0,0,,0,29.88,0
U10577,2025-08-07,Free,India,Organic,SMB,6,1,0,3,0,0,,0,27.93,0
U10578,2025-06-24,Pro,Canada,Content,Startup,10,7,2,6,0,1,2026-03-01,79,18.25,632
U10579,2025-07-30,Pro,US,Organic,Startup,11,6,2,3,0,0,,79,36.0,790
U10580,2025-08-13,Pro,India,Paid Search,SMB,10,8,1,2,0,0,,79,98.27,1027
U10581,2025-03-02,Business,India,Paid Search,SMB,21,9,0,9,1,0,,249,87.47,3237
U10582,2025-10-18,Pro,India,Partner,SMB,15,4,2,4,1,0,,79,79.59,1106
U10583,2025-02-23,Business,Germany,Referral,Startup,8,10,0,10,0,1,2025-12-20,249,31.75,2490
U10584,2025-09-07,Free,Canada,Content,Startup,7,5,1,2,0,1,2025-12-17,0,42.02,0
U10585,2025-08-22,Free,Germany,Content,Startup,11,5,2,3,0,0,,0,43.83,0
U10586,2025-06-15,Pro,US,Partner,Enterprise,10,8,2,6,0,1,2025-08-30,79,31.7,237
U10587,2025-04-20,Free,US,Organic,Enterprise,4,3,3,3,0,0,,0,25.39,0
U10588,2025-10-11,Free,India,Paid Search,SMB,12,2,0,3,0,0,,0,65.34,0
U10589,2025-04-13,Free,US,Organic,Mid-Market,10,7,1,1,1,0,,0,30.05,0
U10590,2025-07-18,Free,Germany,Organic,Startup,3,5,3,3,0,0,,0,44.27,0
U10591,2025-08-17,Free,US,Organic,SMB,10,1,0,3,0,1,2025-11-23,0,19.87,0
U10592,2025-04-19,Pro,India,Paid Search,Mid-Market,11,6,2,6,1,0,,79,118.03,790
U10593,2025-07-01,Free,US,Paid Search,Mid-Market,11,1,0,3,0,0,,0,98.26,0
U10594,2025-08-01,Pro,US,Organic,Startup,16,7,1,3,0,0,,79,35.79,790
U10595,2025-06-18,Free,India,Partner,Startup,8,3,3,1,1,0,,0,107.34,0
U10596,2025-07-29,Pro,US,Content,Startup,15,6,1,6,1,0,,79,27.01,790
U10597,2025-07-20,Free,US,Content,SMB,8,6,2,3,0,1,2025-11-19,0,40.2,0
U10598,2025-10-16,Pro,US,Referral,Mid-Market,11,5,0,6,0,0,,79,39.55,948
U10599,2025-01-01,Free,UK,Content,SMB,8,3,1,3,0,1,2025-03-28,0,33.07,0
U10600,2025-06-05,Pro,Australia,Content,Enterprise,9,6,0,2,0,0,,79,36.75,948
U10601,2025-07-08,Pro,US,Referral,Startup,11,2,0,3,0,0,,79,42.05,711
U10602,2025-05-19,Pro,India,Content,Startup,6,6,1,4,1,0,,79,38.81,790
U10603,2025-02-20,Business,US,Partner,SMB,14,5,1,9,0,1,2025-08-02,249,47.56,1245
U10604,2025-01-06,Business,India,Content,Startup,19,9,1,10,1,0,,249,27.26,2739
U10605,2025-06-15,Free,US,Referral,Enterprise,4,4,1,1,0,0,,0,40.83,0
U10606,2025-06-13,Pro,India,Organic,Mid-Market,14,6,1,4,0,1,2026-03-26,79,24.36,790
U10607,2025-05-02,Pro,India,Partner,SMB,20,5,3,6,0,0,,79,36.49,869
U10608,2025-03-24,Pro,India,Organic,SMB,10,9,1,3,0,0,,79,32.46,869
U10609,2025-09-29,Free,Australia,Organic,Startup,9,5,3,2,0,1,2026-01-11,0,34.62,0
U10610,2025-08-23,Free,Canada,Partner,SMB,6,1,0,1,0,0,,0,70.4,0
U10611,2025-04-25,Pro,Germany,Content,Mid-Market,14,4,0,6,0,0,,79,26.85,869
U10612,2025-09-29,Business,India,Content,Startup,17,7,1,9,1,1,2025-11-21,249,37.6,498
U10613,2025-03-01,Free,US,Referral,Startup,17,3,0,5,0,1,2025-07-26,0,25.42,0
U10614,2025-09-24,Free,India,Referral,Startup,8,1,3,1,0,1,2026-07-10,0,25.07,0
U10615,2025-03-25,Free,India,Organic,Startup,14,7,3,2,0,0,,0,30.43,0
U10616,2025-01-27,Free,India,Partner,Startup,8,1,3,3,0,1,2025-11-03,0,92.09,0
U10617,2025-02-28,Pro,Germany,Organic,SMB,15,6,1,4,0,1,2025-11-10,79,38.65,632
U10618,2025-07-06,Free,Germany,Referral,Startup,10,4,1,1,1,0,,0,28.87,0
U10619,2025-01-15,Free,US,Organic,SMB,7,2,2,2,0,0,,0,34.58,0
U10620,2025-07-18,Free,Germany,Partner,Startup,13,5,1,1,0,0,,0,100.85,0
U10621,2025-05-06,Free,US,Content,SMB,7,2,1,3,0,1,2025-12-18,0,31.47,0
U10622,2025-03-20,Pro,Germany,Paid Search,SMB,15,4,1,5,0,1,2025-08-18,79,104.78,395
U10623,2025-04-29,Pro,US,Referral,Startup,12,8,1,5,0,0,,79,40.65,711
U10624,2025-06-05,Free,India,Referral,SMB,3,5,3,1,0,0,,0,34.2,0
U10625,2025-08-20,Pro,UK,Referral,Startup,11,5,3,4,0,1,2026-06-16,79,51.35,790
U10626,2025-06-28,Free,India,Organic,Startup,13,4,1,1,0,0,,0,68.47,0
U10627,2025-06-12,Business,Canada,Referral,SMB,6,12,0,7,1,1,2025-11-25,249,33.55,1494
U10628,2025-03-21,Pro,US,Content,SMB,9,6,0,7,1,0,,79,26.66,869
U10629,2025-08-11,Pro,UK,Referral,SMB,12,8,1,5,0,0,,79,27.13,1027
U10630,2025-05-07,Pro,India,Organic,Startup,15,6,1,4,0,1,2025-08-05,79,43.32,237
U10631,2025-05-23,Free,US,Paid Search,SMB,10,3,5,2,1,1,2025-07-03,0,89.91,0
U10632,2025-09-11,Free,Australia,Referral,Enterprise,8,4,4,4,0,1,2025-12-03,0,37.7,0
U10633,2025-03-10,Business,UK,Referral,SMB,14,10,2,8,0,0,,249,34.61,2490
U10634,2025-03-01,Free,Canada,Paid Search,SMB,11,1,0,3,0,0,,0,83.03,0
U10635,2025-02-10,Free,US,Paid Search,SMB,8,4,3,2,1,0,,0,87.55,0
U10636,2025-10-27,Free,Canada,Content,Enterprise,9,3,2,1,0,1,2026-02-03,0,28.67,0
U10637,2025-07-14,Free,US,Organic,Startup,6,2,1,1,0,0,,0,24.15,0
U10638,2025-07-12,Free,Canada,Referral,Startup,6,3,0,4,0,0,,0,15.42,0
U10639,2025-02-15,Pro,US,Referral,Startup,16,8,2,8,1,0,,79,49.61,1106
U10640,2025-10-27,Free,India,Organic,SMB,3,6,0,1,0,1,2026-09-05,0,31.8,0
U10641,2025-08-15,Pro,US,Paid Search,SMB,10,5,1,5,0,1,2025-10-27,79,130.76,158
U10642,2025-06-15,Pro,Germany,Referral,Mid-Market,14,4,3,5,0,0,,79,46.64,1027
U10643,2025-05-07,Business,Australia,Content,SMB,8,7,2,9,1,0,,249,23.42,3486
U10644,2025-08-19,Free,US,Organic,Mid-Market,12,3,1,2,0,0,,0,38.3,0
U10645,2025-05-14,Pro,US,Paid Search,SMB,11,7,2,6,1,0,,79,87.89,1106
U10646,2025-09-07,Business,Germany,Paid Search,Mid-Market,20,7,2,4,0,0,,249,73.73,2490
U10647,2025-05-04,Business,India,Paid Search,Mid-Market,19,8,0,7,1,0,,249,117.31,3486
U10648,2025-03-31,Pro,India,Referral,Mid-Market,14,5,1,7,0,0,,79,23.37,711
U10649,2025-02-08,Pro,India,Content,Startup,10,3,0,3,1,0,,79,23.11,1106
U10650,2025-10-01,Free,India,Referral,Startup,6,4,1,1,0,0,,0,46.36,0
U10651,2025-09-12,Pro,UK,Referral,SMB,17,4,2,6,1,0,,79,27.83,948
U10652,2025-02-04,Free,UK,Paid Search,SMB,12,2,2,2,0,0,,0,94.34,0
U10653,2025-02-23,Business,UK,Paid Search,Mid-Market,7,9,1,10,1,0,,249,104.86,2490
U10654,2025-08-17,Pro,Canada,Organic,Startup,10,8,2,6,0,0,,79,25.58,790
U10655,2025-04-15,Free,US,Paid Search,SMB,6,5,2,1,0,1,2025-08-18,0,151.34,0
U10656,2025-05-31,Free,Australia,Organic,Startup,9,1,3,2,0,1,2025-12-22,0,34.49,0
U10657,2025-04-09,Free,India,Paid Search,Mid-Market,8,1,1,7,0,0,,0,107.32,0
U10658,2025-10-11,Pro,Germany,Content,Startup,8,3,0,6,0,0,,79,24.36,1027
U10659,2025-09-11,Business,US,Content,SMB,14,10,0,10,1,0,,249,35.8,2490
U10660,2025-06-07,Pro,US,Organic,Startup,10,6,0,2,1,0,,79,39.34,711
U10661,2025-08-10,Pro,US,Content,Mid-Market,10,4,2,5,0,0,,79,36.27,790
U10662,2025-08-10,Free,US,Referral,Mid-Market,7,3,0,1,0,1,2026-05-01,0,15.14,0
U10663,2025-05-06,Business,Canada,Partner,Enterprise,17,12,2,7,1,1,2025-07-17,249,75.39,498
U10664,2025-04-20,Free,Canada,Referral,Startup,15,3,1,3,0,0,,0,19.37,0
U10665,2025-02-24,Pro,India,Organic,SMB,10,4,0,4,0,0,,79,27.05,711
U10666,2025-04-14,Pro,India,Referral,SMB,13,8,2,2,0,0,,79,35.7,632
U10667,2025-02-11,Free,India,Organic,SMB,9,3,4,1,0,1,2025-09-19,0,55.37,0
U10668,2025-07-31,Free,US,Referral,SMB,8,3,0,2,0,0,,0,19.14,0
U10669,2025-06-17,Pro,US,Paid Search,Startup,12,5,0,7,0,0,,79,75.11,711
U10670,2025-03-11,Free,India,Organic,SMB,10,5,3,2,0,0,,0,24.74,0
U10671,2025-09-23,Pro,India,Paid Search,SMB,12,6,0,8,1,0,,79,141.23,790
U10672,2025-03-29,Free,US,Paid Search,Startup,3,2,4,5,1,0,,0,121.04,0
U10673,2025-01-03,Free,India,Organic,Startup,7,6,2,2,0,0,,0,28.15,0
U10674,2025-06-12,Free,Australia,Referral,SMB,12,4,0,3,0,0,,0,22.97,0
U10675,2025-08-23,Business,India,Referral,Mid-Market,17,10,1,8,0,0,,249,35.23,3237
U10676,2025-08-20,Pro,India,Referral,Mid-Market,16,4,0,4,1,0,,79,27.18,711
U10677,2025-05-20,Free,India,Partner,Enterprise,8,3,1,3,0,0,,0,90.5,0
U10678,2025-07-11,Pro,Germany,Referral,SMB,14,5,2,2,0,0,,79,43.77,869
U10679,2025-03-01,Business,India,Paid Search,SMB,9,8,0,14,0,0,,249,70.6,2490
U10680,2025-02-28,Free,India,Organic,SMB,14,4,1,4,0,1,2025-05-20,0,47.94,0
U10681,2025-03-15,Business,India,Paid Search,Mid-Market,13,8,1,5,0,1,2025-09-13,249,81.46,1494
U10682,2025-10-01,Free,Germany,Partner,Startup,5,4,0,3,0,1,2026-03-10,0,73.8,0
U10683,2025-01-19,Free,US,Organic,SMB,7,5,1,1,1,0,,0,23.36,0
U10684,2025-05-13,Free,India,Referral,Mid-Market,8,3,2,1,0,0,,0,22.88,0
U10685,2025-03-03,Free,US,Referral,Startup,8,2,0,4,0,0,,0,21.88,0
U10686,2025-02-12,Pro,Canada,Content,Startup,17,5,1,5,1,0,,79,48.37,869
U10687,2025-08-06,Free,UK,Organic,Startup,10,1,1,1,0,0,,0,40.44,0
U10688,2025-08-11,Free,US,Paid Search,SMB,16,1,1,1,0,0,,0,93.72,0
U10689,2025-05-06,Free,Australia,Paid Search,Startup,8,2,1,4,0,1,2025-06-26,0,138.89,0
U10690,2025-08-18,Pro,UK,Organic,Startup,22,6,0,5,1,0,,79,41.24,1027
U10691,2025-05-20,Pro,India,Partner,Startup,14,3,1,6,1,0,,79,70.37,711
U10692,2025-01-14,Pro,India,Organic,Mid-Market,20,5,0,4,0,1,2025-10-13,79,41.09,711
U10693,2025-05-14,Free,US,Referral,Startup,9,5,3,4,0,1,2026-03-27,0,24.81,0
U10694,2025-08-28,Pro,Germany,Referral,Startup,8,7,1,2,0,0,,79,25.24,869
U10695,2025-03-21,Free,India,Organic,SMB,9,1,1,1,0,1,2025-04-26,0,22.79,0
U10696,2025-05-15,Business,US,Referral,SMB,17,9,1,5,1,0,,249,40.17,2241
U10697,2025-10-15,Pro,India,Organic,SMB,12,7,1,1,0,1,2026-08-25,79,27.72,790
U10698,2025-04-05,Free,US,Organic,SMB,10,4,1,2,0,0,,0,40.81,0
U10699,2025-06-01,Pro,Canada,Content,Startup,11,4,1,4,1,0,,79,35.82,948
U10700,2025-07-15,Free,Canada,Partner,Mid-Market,9,5,1,1,0,0,,0,79.18,0
U10701,2025-02-13,Pro,India,Organic,SMB,12,8,2,8,0,0,,79,34.09,711
U10702,2025-05-31,Business,Australia,Organic,Startup,15,11,2,9,1,1,2025-10-31,249,24.13,1245
U10703,2025-05-28,Pro,India,Partner,Enterprise,15,7,0,4,1,0,,79,68.72,632
U10704,2025-07-30,Free,Germany,Organic,Mid-Market,5,7,2,3,0,1,2026-05-13,0,34.63,0
U10705,2025-07-21,Business,Canada,Organic,SMB,20,7,1,6,1,0,,249,37.98,3486
U10706,2025-10-18,Free,US,Referral,Mid-Market,7,1,3,3,0,1,2025-11-28,0,39.1,0
U10707,2025-10-23,Free,US,Organic,Mid-Market,8,4,1,4,0,0,,0,38.49,0
U10708,2025-02-24,Pro,UK,Partner,Startup,13,7,2,4,0,0,,79,94.62,1106
U10709,2025-08-27,Pro,US,Paid Search,Startup,12,8,1,3,0,0,,79,95.63,1027
U10710,2025-03-21,Pro,UK,Referral,SMB,8,5,0,4,0,0,,79,38.47,711
U10711,2025-09-04,Pro,India,Referral,Mid-Market,8,7,3,3,0,0,,79,60.26,1027
U10712,2025-08-12,Pro,US,Paid Search,SMB,14,6,2,8,1,1,2026-01-31,79,110.82,474
U10713,2025-10-08,Pro,UK,Referral,Startup,14,7,3,5,0,0,,79,43.52,790
U10714,2025-08-07,Free,UK,Organic,Startup,12,3,2,1,0,1,2025-12-13,0,42.03,0
U10715,2025-02-19,Pro,US,Content,Startup,13,6,0,5,0,0,,79,33.34,790
U10716,2025-02-07,Free,US,Partner,Mid-Market,8,2,2,3,0,1,2025-11-14,0,44.71,0
U10717,2025-09-06,Pro,US,Paid Search,Startup,16,5,0,8,0,0,,79,75.11,790
U10718,2025-04-04,Pro,US,Organic,Startup,10,8,2,4,0,0,,79,37.11,790
U10719,2025-08-18,Free,India,Referral,Startup,7,5,0,2,1,1,2026-05-30,0,47.32,0
U10720,2025-06-25,Free,UK,Paid Search,Enterprise,6,2,2,1,0,1,2026-02-24,0,121.48,0
U10721,2025-10-21,Pro,India,Referral,SMB,19,7,0,5,0,0,,79,38.15,948
U10722,2025-10-01,Free,India,Content,Startup,7,4,4,7,0,1,2026-07-16,0,35.72,0
U10723,2025-06-12,Free,Canada,Organic,SMB,10,1,0,1,0,0,,0,45.7,0
U10724,2025-08-25,Pro,India,Referral,Mid-Market,16,3,1,4,1,0,,79,54.99,1027
U10725,2025-01-28,Pro,US,Referral,SMB,17,7,1,7,0,0,,79,36.02,1027
U10726,2025-10-19,Pro,Germany,Referral,SMB,13,7,2,4,0,0,,79,32.36,711
U10727,2025-03-29,Business,Australia,Referral,SMB,17,7,0,6,0,0,,249,44.16,3486
U10728,2025-05-18,Pro,US,Referral,SMB,12,3,1,1,0,0,,79,32.56,711
U10729,2025-09-13,Free,UK,Organic,Enterprise,11,5,2,3,0,0,,0,46.37,0
U10730,2025-08-29,Free,Germany,Paid Search,SMB,9,3,2,2,0,1,2026-05-13,0,78.92,0
U10731,2025-01-15,Pro,UK,Organic,Startup,8,7,1,4,1,0,,79,32.77,1106
U10732,2025-09-29,Free,India,Organic,SMB,11,1,1,2,1,0,,0,38.05,0
U10733,2025-07-12,Free,US,Paid Search,Startup,7,2,2,1,0,1,2026-05-25,0,109.41,0
U10734,2025-05-11,Free,India,Content,SMB,5,4,1,1,0,0,,0,19.66,0
U10735,2025-02-18,Free,US,Paid Search,SMB,11,3,2,3,1,0,,0,129.92,0
U10736,2025-10-06,Business,US,Referral,Mid-Market,13,7,1,10,0,0,,249,26.89,2739
U10737,2025-09-25,Free,India,Partner,SMB,5,5,1,2,0,1,2026-07-08,0,75.2,0
U10738,2025-04-24,Pro,UK,Paid Search,Startup,16,5,0,2,0,0,,79,54.11,790
U10739,2025-05-21,Free,US,Referral,Startup,7,2,0,2,0,0,,0,61.35,0
U10740,2025-05-15,Business,US,Referral,Mid-Market,11,9,2,10,1,0,,249,18.1,2988
U10741,2025-05-14,Business,Australia,Content,SMB,11,8,0,4,0,0,,249,34.69,2241
U10742,2025-03-21,Pro,UK,Paid Search,SMB,10,4,2,5,0,1,2025-10-03,79,84.35,553
U10743,2025-01-23,Pro,US,Paid Search,Mid-Market,9,8,0,5,0,0,,79,96.82,790
U10744,2025-01-24,Free,Germany,Partner,SMB,10,4,0,1,0,0,,0,63.11,0
U10745,2025-10-26,Free,US,Organic,Mid-Market,10,6,2,3,0,0,,0,32.77,0
U10746,2025-06-22,Free,US,Organic,Startup,5,3,0,2,0,1,2026-03-01,0,34.11,0
U10747,2025-07-14,Free,Canada,Paid Search,Mid-Market,9,2,1,1,0,1,2026-05-06,0,68.29,0
U10748,2025-09-03,Business,US,Organic,Enterprise,13,9,0,11,0,0,,249,35.74,2490
U10749,2025-07-06,Business,India,Content,Mid-Market,16,8,0,7,1,0,,249,38.51,3237
U10750,2025-09-12,Pro,UK,Paid Search,SMB,9,5,0,4,0,1,2026-06-06,79,77.03,711
U10751,2025-08-21,Pro,India,Partner,SMB,13,7,1,2,0,0,,79,60.06,948
U10752,2025-09-22,Pro,India,Paid Search,Mid-Market,10,7,0,4,0,0,,79,46.71,1106
U10753,2025-01-09,Free,US,Content,Startup,6,2,2,2,0,1,2025-07-03,0,24.14,0
U10754,2025-01-27,Pro,UK,Organic,Enterprise,19,6,4,2,0,0,,79,21.58,1106
U10755,2025-07-14,Free,UK,Paid Search,SMB,12,1,0,3,0,0,,0,111.56,0
U10756,2025-09-07,Pro,UK,Organic,SMB,12,5,4,3,0,1,2025-11-03,79,25.2,158
U10757,2025-01-27,Business,US,Referral,SMB,14,7,1,6,1,0,,249,35.12,2988
U10758,2025-08-09,Pro,India,Referral,Startup,15,6,1,4,0,0,,79,37.49,1027
U10759,2025-04-16,Business,UK,Organic,Startup,16,7,1,13,1,0,,249,21.42,3237
U10760,2025-09-26,Business,US,Content,SMB,15,8,2,3,0,0,,249,44.28,2490
U10761,2025-07-15,Pro,UK,Paid Search,Startup,9,7,3,3,0,1,2026-02-28,79,89.23,632
U10762,2025-02-03,Pro,India,Referral,Mid-Market,15,7,3,6,0,0,,79,30.62,869
U10763,2025-07-18,Business,India,Organic,SMB,11,5,0,3,1,0,,249,36.92,2241
U10764,2025-05-07,Free,UK,Organic,Startup,5,7,0,3,1,0,,0,27.58,0
U10765,2025-10-27,Pro,Canada,Partner,Enterprise,12,6,3,5,0,0,,79,47.24,711
U10766,2025-03-16,Business,US,Content,Startup,22,7,0,8,0,0,,249,40.86,2739
U10767,2025-07-13,Pro,US,Referral,SMB,18,3,1,3,1,0,,79,41.52,948
U10768,2025-02-02,Pro,US,Organic,Startup,9,4,2,5,0,0,,79,23.91,869
U10769,2025-07-20,Pro,US,Organic,SMB,13,6,0,8,1,0,,79,33.85,869
U10770,2025-07-13,Pro,US,Referral,Mid-Market,11,7,0,3,0,0,,79,29.24,948
U10771,2025-07-03,Free,US,Paid Search,SMB,10,3,3,1,0,0,,0,116.71,0
U10772,2025-07-16,Pro,UK,Paid Search,SMB,13,3,0,4,1,1,2026-01-21,79,103.91,474
U10773,2025-07-05,Free,Germany,Organic,Startup,9,5,4,2,0,1,2025-10-12,0,38.37,0
U10774,2025-09-08,Free,UK,Content,Enterprise,11,3,1,1,1,0,,0,38.03,0
U10775,2025-04-04,Pro,Germany,Referral,SMB,11,4,2,7,0,1,2025-10-18,79,41.82,553
U10776,2025-10-21,Pro,Australia,Paid Search,Startup,12,4,2,3,0,1,2026-07-31,79,114.7,711
U10777,2025-03-09,Free,UK,Organic,SMB,10,2,1,2,0,1,2025-06-07,0,31.13,0
U10778,2025-04-02,Free,Australia,Paid Search,Enterprise,10,2,2,5,0,1,2025-07-05,0,112.56,0
U10779,2025-02-18,Pro,Canada,Content,Enterprise,16,7,0,3,0,0,,79,41.53,1106
U10780,2025-02-04,Free,Canada,Paid Search,SMB,13,1,0,1,1,0,,0,93.7,0
U10781,2025-08-30,Free,US,Organic,Enterprise,6,1,2,1,0,0,,0,28.68,0
U10782,2025-06-01,Free,India,Paid Search,Startup,9,2,1,3,0,0,,0,107.98,0
U10783,2025-05-26,Business,Canada,Paid Search,Startup,15,9,1,5,1,0,,249,113.55,3486
U10784,2025-10-20,Pro,Canada,Partner,SMB,14,5,1,6,0,0,,79,76.97,790
U10785,2025-09-02,Free,Germany,Paid Search,Enterprise,7,3,1,1,0,0,,0,87.28,0
U10786,2025-10-15,Free,India,Organic,SMB,11,1,1,1,0,0,,0,26.62,0
U10787,2025-02-06,Pro,Australia,Paid Search,SMB,18,6,0,2,0,0,,79,84.07,790
U10788,2025-03-27,Free,Canada,Organic,SMB,7,4,1,5,0,0,,0,30.31,0
U10789,2025-01-22,Free,India,Referral,Startup,10,3,4,5,0,1,2025-07-23,0,28.12,0
U10790,2025-03-22,Pro,UK,Content,SMB,7,5,1,7,1,1,2025-09-13,79,46.34,474
U10791,2025-04-29,Free,US,Paid Search,Mid-Market,9,6,1,4,0,0,,0,94.52,0
U10792,2025-06-01,Free,Canada,Organic,Enterprise,7,2,1,2,0,1,2026-02-26,0,21.84,0
U10793,2025-02-22,Free,India,Paid Search,Mid-Market,6,4,1,3,0,1,2025-06-26,0,80.89,0
U10794,2025-09-12,Free,Canada,Organic,Startup,9,1,0,1,1,0,,0,34.68,0
U10795,2025-07-18,Free,US,Paid Search,Enterprise,7,3,2,1,0,0,,0,110.01,0
U10796,2025-08-28,Free,India,Referral,Startup,5,2,2,1,0,1,2025-11-29,0,19.85,0
U10797,2025-08-29,Free,Germany,Content,SMB,6,2,0,2,0,0,,0,27.88,0
U10798,2025-03-28,Free,India,Referral,SMB,13,4,0,2,1,0,,0,43.3,0
U10799,2025-08-04,Pro,Canada,Paid Search,Startup,11,5,0,6,0,0,,79,129.54,790
U10800,2025-05-04,Free,Canada,Organic,Startup,7,2,1,2,0,1,2026-03-12,0,38.72,0
U10801,2025-08-12,Pro,India,Referral,SMB,19,7,0,4,0,0,,79,27.56,1106
U10802,2025-03-27,Pro,Canada,Content,SMB,11,9,2,7,0,0,,79,38.29,1027
U10803,2025-04-13,Business,India,Organic,Startup,12,9,1,7,1,0,,249,35.73,2739
U10804,2025-10-24,Pro,India,Organic,SMB,15,4,1,4,0,0,,79,5.0,948
U10805,2025-06-18,Free,Canada,Content,Enterprise,11,5,1,2,0,1,2026-04-23,0,34.8,0
U10806,2025-01-03,Free,UK,Referral,Startup,10,4,0,2,0,0,,0,39.89,0
U10807,2025-09-06,Free,Canada,Partner,Enterprise,8,1,0,2,0,1,2025-10-26,0,101.96,0
U10808,2025-04-18,Pro,India,Organic,SMB,10,3,0,5,0,0,,79,24.68,869
U10809,2025-01-30,Pro,US,Partner,SMB,15,6,1,5,0,1,2025-05-18,79,97.13,316
U10810,2025-10-13,Free,US,Partner,Startup,10,4,2,2,0,1,2026-05-18,0,92.91,0
U10811,2025-08-22,Free,India,Paid Search,Startup,8,3,1,2,0,0,,0,103.03,0
U10812,2025-07-15,Pro,India,Paid Search,SMB,9,6,0,6,0,0,,79,90.75,948
U10813,2025-01-10,Free,India,Content,Mid-Market,15,4,1,2,1,0,,0,25.77,0
U10814,2025-02-12,Pro,US,Referral,SMB,8,6,0,8,1,0,,79,37.22,790
U10815,2025-03-31,Business,UK,Paid Search,Startup,18,8,0,3,0,0,,249,112.08,2490
U10816,2025-01-10,Free,Australia,Content,Mid-Market,9,6,1,1,0,0,,0,18.71,0
U10817,2025-01-23,Pro,US,Referral,Startup,11,4,0,6,0,0,,79,52.47,869
U10818,2025-10-03,Free,India,Content,Startup,4,2,0,3,0,1,2026-07-26,0,32.64,0
U10819,2025-07-09,Free,Australia,Paid Search,Mid-Market,7,5,1,2,0,0,,0,112.93,0
U10820,2025-07-16,Pro,India,Content,Startup,12,5,0,2,0,0,,79,22.2,711
U10821,2025-10-09,Free,UK,Organic,Startup,9,4,1,1,1,0,,0,40.99,0
U10822,2025-10-14,Free,Germany,Organic,Startup,10,5,0,2,0,0,,0,39.1,0
U10823,2025-08-04,Pro,India,Organic,SMB,14,6,1,5,0,0,,79,37.44,790
U10824,2025-09-16,Free,India,Organic,SMB,9,4,1,3,0,1,2025-11-13,0,40.81,0
U10825,2025-04-24,Free,US,Content,Enterprise,8,4,2,3,0,0,,0,31.58,0
U10826,2025-02-17,Free,India,Paid Search,Enterprise,13,5,1,2,0,0,,0,106.4,0
U10827,2025-05-05,Pro,US,Paid Search,Mid-Market,9,5,3,2,0,0,,79,104.92,1027
U10828,2025-04-18,Business,UK,Partner,Startup,15,7,2,10,0,1,2025-09-01,249,61.97,1245
U10829,2025-06-05,Free,US,Organic,SMB,10,1,0,3,0,0,,0,39.63,0
U10830,2025-07-03,Pro,US,Organic,SMB,9,8,1,4,0,0,,79,19.86,711
U10831,2025-04-03,Pro,Canada,Paid Search,SMB,16,4,2,3,0,0,,79,63.79,790
U10832,2025-04-01,Free,Germany,Organic,Startup,7,1,3,4,0,0,,0,17.06,0
U10833,2025-09-22,Business,Australia,Organic,Mid-Market,15,8,0,4,0,0,,249,28.25,2241
U10834,2025-04-24,Free,US,Partner,Mid-Market,8,1,2,2,0,0,,0,62.27,0
U10835,2025-05-29,Free,US,Content,Mid-Market,12,5,2,2,0,0,,0,39.89,0
U10836,2025-10-14,Free,US,Paid Search,SMB,14,4,1,3,0,1,2026-07-21,0,94.31,0
U10837,2025-02-04,Pro,India,Organic,Enterprise,10,1,0,3,0,0,,79,50.6,1106
U10838,2025-07-27,Free,US,Partner,SMB,11,2,0,2,1,0,,0,91.03,0
U10839,2025-08-01,Pro,US,Referral,SMB,7,7,1,4,0,1,2025-12-02,79,15.82,316
U10840,2025-10-01,Pro,Canada,Organic,SMB,12,8,2,6,1,0,,79,28.32,948
U10841,2025-06-11,Pro,India,Referral,Enterprise,16,7,0,7,1,0,,79,21.3,869
U10842,2025-04-04,Free,Germany,Content,Mid-Market,11,2,1,3,0,0,,0,42.29,0
U10843,2025-09-01,Free,Australia,Organic,Enterprise,8,4,2,3,0,1,2026-04-01,0,41.0,0
U10844,2025-09-25,Pro,Australia,Organic,SMB,17,4,1,4,0,0,,79,23.36,711
U10845,2025-01-09,Pro,US,Referral,Startup,6,4,0,5,0,0,,79,43.07,790
U10846,2025-04-04,Free,Germany,Organic,Mid-Market,10,1,2,2,0,0,,0,34.87,0
U10847,2025-10-18,Business,US,Referral,SMB,20,12,1,6,1,0,,249,27.4,2241
U10848,2025-07-14,Pro,US,Content,Startup,16,7,1,5,1,0,,79,21.82,948
U10849,2025-08-11,Free,UK,Paid Search,SMB,10,6,2,5,0,1,2026-03-28,0,90.61,0
U10850,2025-07-30,Business,US,Organic,Startup,8,9,1,10,1,0,,249,43.29,2490
U10851,2025-01-12,Pro,Germany,Organic,Mid-Market,9,7,0,3,0,0,,79,38.28,1106
U10852,2025-03-07,Pro,UK,Referral,Enterprise,12,1,1,4,0,0,,79,45.8,790
U10853,2025-06-03,Free,US,Paid Search,Mid-Market,7,2,5,2,0,0,,0,100.28,0
U10854,2025-06-14,Free,India,Paid Search,SMB,4,6,0,2,0,1,2026-02-01,0,99.35,0
U10855,2025-05-31,Free,India,Referral,Mid-Market,6,3,1,2,0,1,2025-10-20,0,24.76,0
U10856,2025-10-12,Free,US,Organic,SMB,8,2,1,1,0,0,,0,19.95,0
U10857,2025-05-15,Business,US,Referral,SMB,17,11,0,7,1,0,,249,21.61,3237
U10858,2025-08-17,Pro,Canada,Referral,Startup,9,6,2,8,1,0,,79,28.45,948
U10859,2025-07-20,Pro,India,Content,Startup,11,3,1,4,1,0,,79,46.9,948
U10860,2025-03-15,Pro,Australia,Paid Search,SMB,18,11,5,7,0,0,,79,70.2,790
U10861,2025-07-24,Free,US,Referral,Startup,9,1,2,3,0,1,2025-10-09,0,22.18,0
U10862,2025-02-22,Free,India,Paid Search,Startup,12,5,2,3,0,0,,0,84.87,0
U10863,2025-05-02,Pro,US,Partner,Mid-Market,11,5,1,4,0,1,2025-08-26,79,66.45,316
U10864,2025-01-05,Free,India,Paid Search,Startup,10,4,0,3,0,1,2025-02-25,0,85.34,0
U10865,2025-01-24,Pro,US,Referral,SMB,20,5,0,6,1,0,,79,50.91,869
U10866,2025-09-18,Pro,Australia,Partner,Startup,15,5,3,5,0,0,,79,82.54,869
U10867,2025-01-20,Pro,India,Content,Startup,13,6,1,4,0,1,2025-08-04,79,41.81,553
U10868,2025-02-05,Pro,US,Content,SMB,13,7,2,7,0,0,,79,34.94,948
U10869,2025-01-27,Pro,Germany,Organic,Mid-Market,8,4,1,4,0,0,,79,22.7,869
U10870,2025-01-20,Pro,India,Content,Startup,11,7,1,4,0,1,2025-06-27,79,27.4,395
U10871,2025-06-11,Pro,India,Referral,Startup,10,6,1,5,0,1,2026-04-09,79,24.1,790
U10872,2025-03-17,Pro,US,Referral,SMB,11,9,0,3,1,0,,79,44.74,711
U10873,2025-09-21,Pro,India,Referral,Startup,9,6,1,8,0,1,2025-11-19,79,44.38,158
U10874,2025-01-03,Free,Canada,Paid Search,Startup,7,3,3,1,0,0,,0,77.18,0
U10875,2025-08-21,Free,US,Paid Search,Startup,6,4,2,2,0,0,,0,105.79,0
U10876,2025-03-25,Free,UK,Paid Search,Startup,6,4,1,1,0,0,,0,117.34,0
U10877,2025-05-30,Pro,US,Organic,Startup,11,7,0,3,0,1,2025-08-02,79,42.42,158
U10878,2025-01-11,Pro,US,Referral,Startup,21,6,2,4,1,0,,79,34.07,711
U10879,2025-08-13,Free,US,Referral,SMB,4,6,1,1,0,0,,0,17.64,0
U10880,2025-04-24,Free,UK,Content,Startup,10,1,1,2,0,0,,0,32.55,0
U10881,2025-09-20,Pro,India,Organic,Startup,9,4,2,4,0,0,,79,43.05,1027
U10882,2025-08-22,Pro,Canada,Organic,Mid-Market,4,4,1,4,0,0,,79,27.09,869
U10883,2025-09-25,Pro,US,Paid Search,Startup,19,4,1,6,1,0,,79,73.14,869
U10884,2025-08-26,Pro,India,Organic,Mid-Market,17,9,0,6,1,1,2026-07-19,79,31.71,869
U10885,2025-02-19,Pro,Canada,Paid Search,Mid-Market,19,1,1,7,0,0,,79,113.01,790
U10886,2025-07-07,Business,Canada,Paid Search,Startup,14,9,0,7,1,0,,249,72.73,2241
U10887,2025-07-11,Pro,Canada,Organic,SMB,12,3,0,3,1,1,2026-04-22,79,26.04,790
U10888,2025-02-25,Pro,US,Partner,Mid-Market,8,6,1,7,0,0,,79,51.96,790
U10889,2025-05-04,Free,India,Organic,SMB,11,8,0,4,0,1,2025-09-30,0,30.58,0
U10890,2025-10-15,Free,US,Paid Search,SMB,6,2,1,3,0,1,2026-01-19,0,95.97,0
U10891,2025-02-06,Pro,US,Organic,Startup,8,5,0,1,1,0,,79,28.11,948
U10892,2025-06-19,Pro,Germany,Paid Search,Mid-Market,15,6,1,7,0,1,2026-01-12,79,88.48,553
U10893,2025-10-14,Free,Australia,Partner,SMB,8,3,2,3,0,1,2026-02-11,0,64.1,0
U10894,2025-01-22,Free,India,Paid Search,Enterprise,16,3,1,5,1,0,,0,92.85,0
U10895,2025-08-20,Pro,UK,Content,Startup,13,6,1,5,1,0,,79,37.08,1106
U10896,2025-07-20,Free,Australia,Organic,Mid-Market,6,6,0,2,0,0,,0,41.4,0
U10897,2025-10-03,Free,Canada,Content,SMB,10,3,2,2,0,1,2026-04-13,0,29.17,0
U10898,2025-10-22,Free,Canada,Content,SMB,11,5,1,3,0,1,2026-08-25,0,35.42,0
U10899,2025-06-15,Pro,UK,Paid Search,SMB,15,6,1,5,0,0,,79,86.51,1106
U10900,2025-10-04,Free,US,Partner,Startup,7,2,5,2,0,0,,0,64.55,0
U10901,2025-06-09,Free,Australia,Organic,Enterprise,4,3,3,3,0,0,,0,38.94,0
U10902,2025-04-09,Free,India,Organic,SMB,7,1,2,2,0,1,2025-09-13,0,36.51,0
U10903,2025-08-10,Free,UK,Partner,SMB,17,3,2,1,1,0,,0,55.2,0
U10904,2025-02-10,Free,US,Organic,SMB,8,2,0,2,0,1,2025-05-06,0,40.46,0
U10905,2025-03-05,Free,US,Partner,Mid-Market,7,3,1,3,0,1,2025-04-15,0,82.23,0
U10906,2025-10-06,Free,India,Paid Search,Mid-Market,7,3,1,2,0,1,2026-02-11,0,91.49,0
U10907,2025-04-19,Pro,UK,Organic,SMB,10,5,2,4,0,0,,79,37.76,869
U10908,2025-06-01,Pro,US,Referral,SMB,14,5,0,2,0,0,,79,35.57,711
U10909,2025-03-04,Free,Australia,Paid Search,Startup,8,7,3,4,0,1,2025-06-16,0,59.52,0
U10910,2025-09-24,Pro,Australia,Referral,Mid-Market,7,8,0,7,0,1,2026-08-08,79,29.23,869
U10911,2025-01-25,Free,India,Organic,Mid-Market,4,6,3,1,0,0,,0,44.52,0
U10912,2025-08-16,Pro,India,Paid Search,Startup,15,3,2,6,0,0,,79,112.05,1106
U10913,2025-08-21,Pro,India,Paid Search,Startup,13,12,0,3,1,1,2025-10-16,79,60.77,158
U10914,2025-08-01,Free,India,Organic,Mid-Market,8,1,0,2,0,1,2026-05-05,0,31.21,0
U10915,2025-07-21,Pro,US,Content,Mid-Market,12,9,0,4,0,0,,79,32.49,711
U10916,2025-10-02,Pro,UK,Referral,Mid-Market,10,9,2,4,0,0,,79,46.93,869
U10917,2025-05-07,Business,US,Organic,Startup,14,10,0,4,0,0,,249,27.16,2490
U10918,2025-09-30,Free,UK,Organic,SMB,10,3,1,2,0,0,,0,21.35,0
U10919,2025-04-08,Free,India,Paid Search,SMB,10,1,1,2,0,0,,0,102.5,0
U10920,2025-10-26,Pro,UK,Partner,SMB,14,6,0,4,1,0,,79,64.49,948
U10921,2025-01-11,Free,Germany,Partner,SMB,9,2,0,1,1,0,,0,57.87,0
U10922,2025-03-19,Free,UK,Paid Search,Startup,6,2,3,3,0,1,2025-09-25,0,76.4,0
U10923,2025-06-11,Pro,Germany,Organic,Mid-Market,16,7,1,2,0,0,,79,21.52,1106
U10924,2025-09-04,Free,Germany,Paid Search,Startup,5,6,0,3,0,0,,0,70.95,0
U10925,2025-09-05,Free,UK,Organic,SMB,6,4,1,3,0,0,,0,15.9,0
U10926,2025-01-11,Pro,US,Partner,SMB,15,5,1,4,0,1,2025-06-13,79,53.82,395
U10927,2025-02-28,Pro,US,Referral,Startup,12,4,2,3,1,0,,79,44.86,948
U10928,2025-09-29,Free,Canada,Paid Search,Mid-Market,11,4,0,2,1,0,,0,93.62,0
U10929,2025-02-05,Pro,Australia,Organic,Startup,9,6,3,5,0,0,,79,35.02,869
U10930,2025-07-17,Free,UK,Referral,Startup,16,3,2,3,0,1,2026-05-21,0,47.14,0
U10931,2025-07-01,Free,India,Paid Search,Startup,7,3,0,2,1,0,,0,74.95,0
U10932,2025-07-08,Free,US,Referral,SMB,7,2,1,1,0,0,,0,28.07,0
U10933,2025-03-27,Free,UK,Referral,Mid-Market,8,1,1,2,0,0,,0,29.46,0
U10934,2025-02-01,Business,India,Organic,Startup,9,8,0,10,0,0,,249,33.9,2490
U10935,2025-07-26,Free,India,Paid Search,SMB,10,7,0,2,0,0,,0,115.15,0
U10936,2025-04-19,Pro,US,Organic,Startup,12,6,1,4,0,0,,79,40.93,790
U10937,2025-10-09,Pro,India,Paid Search,SMB,10,5,2,4,0,0,,79,106.66,790
U10938,2025-02-19,Free,US,Paid Search,Mid-Market,9,4,0,2,0,1,2025-11-25,0,83.51,0
U10939,2025-03-02,Pro,India,Organic,Mid-Market,13,4,1,5,0,0,,79,19.92,1027
U10940,2025-10-06,Free,US,Paid Search,SMB,7,2,2,2,0,0,,0,114.53,0
U10941,2025-02-11,Free,US,Organic,SMB,7,1,2,1,0,0,,0,43.71,0
U10942,2025-07-11,Free,US,Partner,SMB,5,2,0,3,0,1,2025-10-30,0,65.2,0
U10943,2025-08-29,Free,India,Paid Search,SMB,13,5,1,1,0,0,,0,105.94,0
U10944,2025-01-22,Business,India,Referral,Startup,14,7,1,8,1,0,,249,31.09,2241
U10945,2025-08-06,Pro,India,Content,Mid-Market,13,6,2,7,1,0,,79,33.18,711
U10946,2025-04-28,Free,UK,Referral,Startup,10,4,0,4,0,0,,0,41.58,0
U10947,2025-05-08,Free,UK,Content,Startup,8,2,2,2,0,1,2025-12-28,0,26.14,0
U10948,2025-01-21,Pro,India,Referral,Startup,18,4,2,4,1,0,,79,44.75,1106
U10949,2025-01-04,Free,Canada,Partner,Startup,11,2,3,2,1,0,,0,78.47,0
U10950,2025-08-02,Free,Germany,Organic,Startup,7,1,3,2,0,0,,0,47.44,0
U10951,2025-10-26,Free,UK,Organic,SMB,10,3,1,4,0,1,2026-03-15,0,19.54,0
U10952,2025-07-30,Pro,UK,Organic,Mid-Market,12,8,3,2,0,1,2026-06-02,79,51.19,790
U10953,2025-10-25,Pro,India,Paid Search,Startup,9,4,3,5,0,0,,79,119.28,711
U10954,2025-01-08,Free,Germany,Partner,Startup,8,5,4,1,0,1,2025-08-31,0,94.01,0
U10955,2025-04-05,Free,US,Partner,Startup,7,1,0,1,0,1,2025-10-09,0,56.81,0
U10956,2025-04-28,Business,US,Organic,Startup,13,7,0,8,1,0,,249,39.28,2490
U10957,2025-07-18,Pro,India,Paid Search,Startup,13,3,0,7,0,0,,79,75.27,1027
U10958,2025-01-21,Pro,UK,Content,Mid-Market,17,9,2,6,0,0,,79,35.43,1106
U10959,2025-10-01,Free,India,Content,Enterprise,3,5,1,2,0,0,,0,31.46,0
U10960,2025-07-20,Free,Germany,Referral,SMB,9,3,1,1,0,0,,0,43.57,0
U10961,2025-08-19,Free,India,Organic,SMB,9,5,1,3,0,0,,0,22.64,0
U10962,2025-04-27,Free,India,Organic,SMB,7,6,3,3,0,0,,0,47.69,0
U10963,2025-05-05,Free,US,Content,SMB,6,1,1,1,0,0,,0,44.97,0
U10964,2025-03-14,Pro,US,Content,SMB,8,5,2,4,0,0,,79,27.26,711
U10965,2025-01-30,Free,Germany,Content,Startup,10,4,1,2,0,0,,0,45.73,0
U10966,2025-02-12,Free,Canada,Organic,SMB,5,5,2,1,0,1,2025-12-30,0,55.73,0
U10967,2025-09-15,Pro,India,Organic,Mid-Market,10,4,0,7,1,0,,79,43.75,1027
U10968,2025-08-27,Business,India,Referral,Enterprise,15,9,0,8,0,0,,249,34.83,2739
U10969,2025-04-26,Free,India,Content,SMB,5,7,0,5,1,1,2025-11-18,0,25.62,0
U10970,2025-10-27,Business,Canada,Organic,SMB,17,10,0,9,0,0,,249,33.98,3237
U10971,2025-02-25,Pro,Australia,Content,Startup,10,5,2,1,0,0,,79,28.82,869
U10972,2025-03-10,Free,Germany,Paid Search,SMB,10,4,1,1,0,0,,0,77.96,0
U10973,2025-01-04,Free,Australia,Referral,Mid-Market,8,1,1,2,0,1,2025-06-05,0,34.05,0
U10974,2025-09-20,Free,India,Organic,Startup,6,2,1,3,0,1,2026-05-24,0,28.59,0
U10975,2025-06-03,Business,Germany,Paid Search,SMB,12,11,2,9,1,0,,249,77.12,3486
U10976,2025-06-05,Pro,Australia,Referral,Enterprise,9,10,1,6,1,0,,79,35.96,790
U10977,2025-05-10,Free,India,Partner,Startup,5,6,2,3,0,0,,0,71.5,0
U10978,2025-07-18,Free,US,Organic,SMB,10,1,1,2,0,0,,0,31.55,0
U10979,2025-06-05,Free,US,Organic,Startup,6,3,0,1,0,1,2026-01-13,0,16.87,0
U10980,2025-09-02,Free,US,Organic,SMB,11,4,1,3,0,0,,0,30.85,0
U10981,2025-06-11,Free,Canada,Partner,SMB,6,7,0,4,0,0,,0,82.31,0
U10982,2025-02-11,Business,US,Organic,Enterprise,8,7,0,11,1,0,,249,19.29,2739
U10983,2025-03-26,Pro,US,Paid Search,Mid-Market,15,4,1,3,0,1,2025-06-21,79,140.76,237
U10984,2025-01-30,Free,US,Content,Startup,7,3,2,2,0,0,,0,51.96,0
U10985,2025-03-14,Free,India,Paid Search,Startup,7,5,4,4,1,0,,0,99.66,0
U10986,2025-03-22,Business,India,Paid Search,SMB,7,9,1,8,0,1,2025-05-29,249,63.18,498
U10987,2025-06-24,Business,US,Referral,Mid-Market,12,7,0,11,0,0,,249,33.92,2988
U10988,2025-08-30,Pro,Australia,Content,Mid-Market,14,6,1,2,0,0,,79,40.03,790
U10989,2025-04-18,Free,India,Paid Search,Mid-Market,10,6,1,5,1,0,,0,84.63,0
U10990,2025-02-27,Pro,UK,Organic,Startup,12,4,1,3,1,0,,79,33.6,1027
U10991,2025-02-20,Free,UK,Organic,Mid-Market,8,5,2,2,0,0,,0,12.05,0
U10992,2025-08-27,Free,India,Referral,SMB,9,2,3,2,0,1,2026-07-03,0,36.95,0
U10993,2025-06-12,Pro,India,Referral,Mid-Market,13,8,2,5,0,1,2025-10-20,79,41.64,316
U10994,2025-07-08,Free,India,Paid Search,Mid-Market,7,4,2,5,0,0,,0,105.39,0
U10995,2025-06-19,Free,India,Paid Search,Mid-Market,11,6,1,2,0,0,,0,70.92,0
U10996,2025-07-01,Free,India,Content,Startup,9,1,3,2,0,1,2026-01-25,0,42.56,0
U10997,2025-05-07,Free,India,Organic,Mid-Market,7,5,0,1,0,0,,0,40.22,0
U10998,2025-01-26,Pro,India,Paid Search,Mid-Market,15,7,3,4,1,0,,79,89.52,790
U10999,2025-08-20,Free,US,Paid Search,SMB,11,3,2,3,0,0,,0,116.71,0
U11000,2025-08-01,Business,US,Organic,Startup,10,10,3,8,0,0,,249,29.9,2739
U11001,2025-09-02,Business,US,Organic,Mid-Market,9,7,2,11,1,1,2026-02-10,249,61.14,1245
U11002,2025-06-25,Free,Australia,Partner,SMB,7,2,1,1,0,1,2026-01-21,0,108.25,0
U11003,2025-05-02,Free,India,Content,Mid-Market,7,1,4,1,0,0,,0,32.36,0
U11004,2025-08-11,Pro,US,Content,SMB,13,7,1,6,0,0,,79,25.71,869
U11005,2025-08-26,Business,US,Content,SMB,16,10,1,8,1,0,,249,29.84,2241
U11006,2025-04-13,Pro,Canada,Partner,Startup,12,5,2,6,0,1,2026-01-13,79,80.46,711
U11007,2025-01-06,Business,Germany,Paid Search,Startup,16,6,1,8,0,1,2025-04-26,249,111.45,996
U11008,2025-07-13,Free,US,Organic,Startup,8,5,1,3,0,0,,0,30.69,0
U11009,2025-09-15,Business,UK,Paid Search,Startup,18,9,0,7,1,0,,249,74.7,2241
U11010,2025-01-05,Free,India,Referral,SMB,5,2,1,2,0,0,,0,13.33,0
U11011,2025-02-25,Free,India,Content,SMB,10,4,0,1,0,0,,0,21.71,0
U11012,2025-05-24,Free,US,Organic,Enterprise,14,3,2,2,0,1,2026-02-10,0,43.85,0
U11013,2025-08-11,Free,US,Partner,Mid-Market,10,3,0,1,0,0,,0,58.72,0
U11014,2025-04-06,Pro,Canada,Paid Search,SMB,10,8,2,5,1,1,2025-07-07,79,80.45,237
U11015,2025-09-26,Pro,US,Referral,SMB,8,7,0,6,1,0,,79,41.57,1106
U11016,2025-10-11,Pro,India,Paid Search,Startup,10,6,2,2,0,1,2026-07-16,79,86.36,711
U11017,2025-02-24,Pro,Germany,Referral,Startup,12,6,0,6,0,1,2025-11-24,79,37.84,711
U11018,2025-08-26,Pro,US,Organic,Startup,14,6,0,4,1,0,,79,44.72,1106
U11019,2025-07-18,Free,India,Organic,Mid-Market,7,4,1,5,0,0,,0,36.19,0
U11020,2025-10-24,Free,India,Paid Search,Mid-Market,9,5,1,2,0,0,,0,84.74,0
U11021,2025-03-02,Free,US,Referral,SMB,14,3,0,2,0,0,,0,47.68,0
U11022,2025-05-07,Pro,US,Organic,SMB,13,3,0,5,1,0,,79,44.33,711
U11023,2025-05-04,Pro,UK,Paid Search,Startup,11,5,0,4,0,0,,79,108.59,790
U11024,2025-03-27,Pro,India,Referral,Enterprise,11,5,0,4,1,0,,79,30.48,948
U11025,2025-09-18,Free,Germany,Referral,SMB,8,2,1,3,0,1,2025-10-30,0,23.69,0
U11026,2025-07-04,Free,US,Organic,Mid-Market,9,2,1,1,0,1,2026-05-24,0,46.07,0
U11027,2025-08-25,Free,India,Organic,SMB,12,5,1,2,0,0,,0,52.01,0
U11028,2025-07-10,Pro,US,Paid Search,Startup,12,5,2,3,1,0,,79,135.1,948
U11029,2025-07-21,Free,Australia,Organic,Enterprise,7,3,0,3,0,0,,0,37.56,0
U11030,2025-03-26,Free,India,Paid Search,Startup,7,3,0,1,0,0,,0,92.5,0
U11031,2025-06-30,Free,US,Content,Startup,4,1,2,2,0,0,,0,48.17,0
U11032,2025-06-17,Pro,US,Referral,Startup,11,4,0,3,1,0,,79,29.93,790
U11033,2025-09-23,Free,UK,Content,SMB,6,4,1,2,0,1,2026-04-25,0,38.72,0
U11034,2025-01-29,Free,India,Partner,SMB,9,1,3,2,0,0,,0,72.17,0
U11035,2025-09-19,Free,UK,Organic,Startup,9,4,2,2,0,0,,0,38.94,0
U11036,2025-10-08,Free,US,Paid Search,Mid-Market,10,4,1,3,0,0,,0,63.95,0
U11037,2025-05-05,Pro,Australia,Organic,Startup,11,3,0,3,1,0,,79,54.72,948
U11038,2025-01-24,Pro,US,Organic,SMB,14,5,1,2,0,1,2025-11-19,79,43.12,790
U11039,2025-04-04,Pro,US,Referral,Enterprise,12,5,1,3,0,0,,79,39.3,948
U11040,2025-10-10,Business,India,Organic,Mid-Market,15,6,2,10,1,0,,249,51.48,2739
U11041,2025-05-03,Pro,Germany,Paid Search,Startup,5,6,1,7,0,0,,79,107.82,790
U11042,2025-06-11,Pro,India,Content,Mid-Market,9,8,0,5,0,1,2025-12-25,79,20.87,553
U11043,2025-02-11,Pro,UK,Content,SMB,13,8,0,7,1,0,,79,44.59,790
U11044,2025-07-29,Pro,India,Partner,SMB,17,6,1,5,0,0,,79,115.06,869
U11045,2025-06-16,Pro,UK,Organic,Startup,13,7,2,8,1,0,,79,38.48,790
U11046,2025-06-29,Pro,India,Partner,Startup,11,6,1,5,1,0,,79,51.14,711
U11047,2025-08-01,Free,US,Paid Search,SMB,10,4,1,1,1,0,,0,87.32,0
U11048,2025-02-11,Pro,UK,Paid Search,Mid-Market,10,8,0,9,0,0,,79,99.69,869
U11049,2025-07-31,Pro,India,Referral,Enterprise,10,6,1,5,0,0,,79,38.36,1106
U11050,2025-07-26,Pro,US,Referral,Mid-Market,13,6,1,4,1,0,,79,27.26,790
U11051,2025-01-30,Free,US,Content,SMB,6,2,1,3,0,0,,0,39.98,0
U11052,2025-07-05,Free,India,Paid Search,SMB,4,2,0,3,0,1,2026-01-07,0,71.23,0
U11053,2025-10-03,Pro,Germany,Referral,Enterprise,16,1,0,3,0,0,,79,47.59,711
U11054,2025-03-13,Free,India,Referral,Mid-Market,8,4,1,4,1,0,,0,16.01,0
U11055,2025-03-20,Pro,US,Paid Search,Mid-Market,15,6,1,4,0,1,2025-05-18,79,92.25,158
U11056,2025-08-19,Business,India,Paid Search,Startup,13,8,0,9,0,0,,249,107.04,2739
U11057,2025-05-05,Pro,India,Content,Mid-Market,18,6,4,3,0,0,,79,31.44,711
U11058,2025-10-19,Free,UK,Organic,Enterprise,7,5,1,1,0,1,2026-07-13,0,26.12,0
U11059,2025-09-25,Free,India,Content,Mid-Market,8,3,0,2,1,1,2026-02-23,0,21.33,0
U11060,2025-05-12,Pro,India,Organic,SMB,13,4,0,3,1,0,,79,23.53,948
U11061,2025-01-10,Free,UK,Organic,Mid-Market,11,9,2,1,0,0,,0,51.37,0
U11062,2025-08-30,Pro,India,Paid Search,Startup,13,8,1,5,1,0,,79,113.22,869
U11063,2025-09-08,Free,India,Organic,SMB,8,1,1,2,0,1,2026-07-23,0,21.51,0
U11064,2025-02-26,Free,India,Referral,Startup,7,3,3,1,1,0,,0,36.86,0
U11065,2025-03-09,Pro,India,Partner,Enterprise,12,8,1,3,0,0,,79,71.71,790
U11066,2025-04-16,Free,Germany,Referral,Enterprise,11,6,2,1,0,0,,0,32.76,0
U11067,2025-08-29,Free,UK,Organic,Startup,13,1,2,3,0,1,2026-06-20,0,49.9,0
U11068,2025-10-01,Pro,UK,Paid Search,Startup,15,8,3,2,1,0,,79,104.99,711
U11069,2025-07-30,Free,UK,Organic,Startup,7,4,3,1,1,0,,0,40.06,0
U11070,2025-04-11,Free,UK,Organic,Startup,9,1,1,2,0,0,,0,40.81,0
U11071,2025-10-01,Free,US,Referral,SMB,11,4,0,3,1,0,,0,43.4,0
U11072,2025-06-29,Pro,UK,Paid Search,Mid-Market,12,7,1,7,0,0,,79,86.0,869
U11073,2025-06-26,Free,US,Referral,Startup,5,5,1,3,0,0,,0,45.1,0
U11074,2025-01-31,Free,India,Paid Search,Mid-Market,8,2,1,2,0,0,,0,83.13,0
U11075,2025-04-27,Business,Germany,Partner,Startup,14,10,2,12,0,0,,249,71.68,2739
U11076,2025-09-28,Free,India,Paid Search,Startup,9,3,2,2,0,1,2025-12-18,0,114.89,0
U11077,2025-03-27,Pro,US,Content,SMB,8,8,3,3,0,0,,79,31.89,790
U11078,2025-06-25,Free,US,Organic,Startup,6,3,0,2,0,1,2026-03-03,0,30.45,0
U11079,2025-08-05,Business,Australia,Content,Startup,15,7,0,6,0,0,,249,27.69,2490
U11080,2025-02-22,Free,India,Referral,Mid-Market,8,6,1,2,0,0,,0,20.46,0
U11081,2025-04-19,Free,India,Referral,Mid-Market,11,2,1,3,0,1,2025-09-25,0,51.5,0
U11082,2025-07-08,Pro,US,Organic,Enterprise,12,7,1,7,0,0,,79,41.92,869
U11083,2025-06-01,Business,India,Organic,SMB,16,8,0,5,1,0,,249,34.5,2739
U11084,2025-10-17,Pro,US,Referral,SMB,14,8,0,3,1,0,,79,21.22,869
U11085,2025-10-26,Business,UK,Paid Search,SMB,13,9,0,7,0,0,,249,79.12,2988
U11086,2025-03-12,Pro,US,Paid Search,SMB,6,5,1,2,0,1,2025-10-16,79,130.28,553
U11087,2025-05-03,Pro,Canada,Organic,SMB,15,8,3,8,0,0,,79,36.05,711
U11088,2025-03-15,Pro,India,Referral,SMB,15,6,0,6,1,0,,79,24.62,869
U11089,2025-04-25,Free,US,Paid Search,SMB,10,2,1,2,0,0,,0,86.88,0
U11090,2025-01-29,Free,India,Organic,Mid-Market,12,1,2,3,0,0,,0,44.5,0
U11091,2025-03-11,Pro,India,Organic,Startup,13,7,2,5,0,0,,79,18.35,1106
U11092,2025-03-29,Free,Canada,Paid Search,SMB,6,1,1,4,0,0,,0,116.05,0
U11093,2025-03-30,Pro,India,Content,SMB,8,8,0,5,1,0,,79,44.7,1027
U11094,2025-08-09,Free,UK,Organic,SMB,8,9,3,7,0,1,2026-05-14,0,35.79,0
U11095,2025-03-20,Pro,US,Content,SMB,10,8,1,4,1,0,,79,31.43,948
U11096,2025-08-21,Pro,UK,Referral,Startup,15,6,0,2,1,0,,79,45.26,1106
U11097,2025-03-13,Pro,Australia,Content,Mid-Market,8,7,0,3,1,0,,79,27.44,1106
U11098,2025-03-02,Free,India,Partner,SMB,4,2,3,3,0,0,,0,63.01,0
U11099,2025-09-15,Free,US,Content,SMB,6,5,3,5,0,1,2026-04-05,0,23.67,0
U11100,2025-10-10,Pro,US,Paid Search,Mid-Market,14,7,0,2,1,0,,79,91.97,1106
U11101,2025-08-21,Business,US,Paid Search,Startup,17,9,0,9,1,0,,249,71.05,2988
U11102,2025-05-23,Pro,Germany,Paid Search,Startup,10,4,1,3,0,0,,79,105.41,1027
U11103,2025-07-25,Pro,India,Organic,SMB,13,6,1,7,0,0,,79,27.13,869
U11104,2025-10-12,Free,Germany,Content,SMB,7,3,0,1,0,1,2026-01-29,0,15.03,0
U11105,2025-01-11,Free,India,Paid Search,Enterprise,6,5,1,3,0,0,,0,101.5,0
U11106,2025-10-14,Free,India,Organic,Enterprise,6,6,1,1,0,0,,0,36.28,0
U11107,2025-04-21,Business,India,Paid Search,SMB,15,8,0,6,0,1,2025-12-03,249,74.23,1992
U11108,2025-04-20,Pro,US,Paid Search,Mid-Market,9,4,1,5,0,0,,79,96.63,1106
U11109,2025-06-23,Free,US,Organic,Startup,7,3,2,5,0,1,2025-11-05,0,50.87,0
U11110,2025-06-28,Business,Germany,Content,Startup,18,7,1,7,0,0,,249,20.38,2241
U11111,2025-04-04,Free,India,Content,Startup,13,3,1,2,0,1,2025-09-19,0,26.83,0
U11112,2025-02-07,Free,UK,Referral,Enterprise,11,1,1,5,0,1,2025-04-27,0,36.61,0
U11113,2025-09-27,Pro,Canada,Paid Search,SMB,12,5,3,3,1,0,,79,88.02,711
U11114,2025-10-11,Free,India,Organic,SMB,11,3,2,1,0,1,2026-08-07,0,21.2,0
U11115,2025-08-02,Pro,Australia,Referral,SMB,7,6,1,3,0,0,,79,31.86,790
U11116,2025-09-22,Free,UK,Paid Search,Startup,8,4,3,2,0,1,2026-02-25,0,89.77,0
U11117,2025-01-27,Business,Canada,Organic,SMB,14,6,0,8,1,0,,249,35.74,2490
U11118,2025-03-12,Free,Germany,Partner,SMB,3,4,1,2,0,0,,0,51.49,0
U11119,2025-10-27,Free,Canada,Organic,Startup,7,2,1,4,0,0,,0,40.82,0
U11120,2025-09-19,Free,India,Paid Search,Startup,6,1,0,1,0,1,2026-04-17,0,54.73,0
U11121,2025-10-13,Pro,India,Organic,SMB,9,5,0,10,0,0,,79,39.22,790
U11122,2025-04-05,Business,Germany,Partner,SMB,21,8,0,7,1,0,,249,80.5,3237
U11123,2025-04-04,Free,Germany,Paid Search,Mid-Market,5,2,1,3,0,0,,0,76.55,0
U11124,2025-08-06,Free,India,Organic,Mid-Market,13,5,1,1,0,0,,0,42.73,0
U11125,2025-04-05,Pro,UK,Paid Search,Enterprise,14,7,1,2,1,0,,79,86.24,869
U11126,2025-07-17,Free,US,Paid Search,SMB,13,2,0,6,0,1,2026-04-13,0,91.5,0
U11127,2025-03-15,Pro,US,Paid Search,Enterprise,11,8,2,6,0,0,,79,76.86,790
U11128,2025-03-14,Free,UK,Content,Startup,9,6,0,3,0,1,2025-12-28,0,40.27,0
U11129,2025-07-12,Free,UK,Referral,Enterprise,9,7,1,2,0,0,,0,33.75,0
U11130,2025-06-29,Free,US,Organic,SMB,13,8,0,1,0,1,2025-08-28,0,30.14,0
U11131,2025-03-14,Free,Australia,Referral,SMB,11,4,1,2,0,0,,0,23.01,0
U11132,2025-09-01,Pro,UK,Organic,Mid-Market,16,6,1,6,0,0,,79,30.42,711
U11133,2025-06-05,Pro,US,Content,Startup,12,6,1,4,0,0,,79,51.88,790
U11134,2025-10-12,Free,US,Referral,Enterprise,5,6,2,3,0,1,2026-01-02,0,25.59,0
U11135,2025-04-21,Free,US,Paid Search,Mid-Market,9,2,4,4,0,0,,0,77.74,0
U11136,2025-09-01,Free,Canada,Referral,SMB,10,2,1,4,0,1,2025-12-01,0,20.46,0
U11137,2025-10-07,Business,Germany,Referral,SMB,19,5,0,3,0,0,,249,33.92,2988
U11138,2025-10-09,Free,India,Paid Search,SMB,7,4,3,3,0,0,,0,118.54,0
U11139,2025-06-19,Pro,Australia,Referral,Mid-Market,21,7,2,4,0,0,,79,32.63,632
U11140,2025-03-07,Pro,India,Paid Search,Mid-Market,14,9,2,3,1,0,,79,112.68,869
U11141,2025-07-09,Business,US,Organic,Mid-Market,13,7,1,8,1,0,,249,39.32,2241
U11142,2025-04-28,Free,US,Content,Mid-Market,8,1,2,1,0,1,2026-02-28,0,40.28,0
U11143,2025-06-10,Free,India,Partner,SMB,11,5,1,1,0,0,,0,56.13,0
U11144,2025-08-21,Free,Germany,Referral,SMB,8,3,3,3,0,0,,0,36.31,0
U11145,2025-10-15,Pro,India,Organic,SMB,11,5,3,3,0,0,,79,39.54,869
U11146,2025-09-07,Free,India,Content,Startup,9,2,1,1,0,0,,0,27.42,0
U11147,2025-08-22,Pro,India,Organic,Startup,18,9,0,4,0,0,,79,50.08,1027
U11148,2025-05-05,Free,Canada,Content,SMB,9,6,1,3,0,0,,0,28.81,0
U11149,2025-02-05,Pro,India,Referral,Mid-Market,12,5,1,7,0,0,,79,42.71,711
U11150,2025-05-09,Free,US,Content,SMB,10,4,1,4,0,0,,0,28.29,0
U11151,2025-03-17,Free,Australia,Referral,SMB,8,2,1,3,0,0,,0,38.64,0
U11152,2025-02-10,Free,Canada,Referral,Mid-Market,11,4,0,2,0,0,,0,17.35,0
U11153,2025-01-24,Pro,US,Content,Mid-Market,10,6,1,5,0,0,,79,46.56,1027
U11154,2025-07-31,Pro,US,Paid Search,Startup,10,6,0,6,0,0,,79,136.4,632
U11155,2025-08-30,Pro,Germany,Organic,Startup,9,6,0,6,1,0,,79,39.5,790
U11156,2025-02-18,Pro,Australia,Partner,Mid-Market,10,6,1,4,0,0,,79,75.13,869
U11157,2025-01-29,Free,India,Partner,Mid-Market,13,4,0,2,0,0,,0,87.98,0
U11158,2025-06-30,Free,Canada,Paid Search,Enterprise,6,1,0,3,1,1,2025-08-21,0,109.72,0
U11159,2025-09-14,Free,India,Organic,SMB,15,1,1,1,1,0,,0,44.38,0
U11160,2025-08-02,Pro,UK,Content,Startup,10,3,2,1,0,1,2025-10-28,79,35.39,237
U11161,2025-01-18,Free,US,Referral,Startup,8,2,1,1,0,0,,0,52.65,0
U11162,2025-06-08,Free,UK,Referral,SMB,9,5,1,2,1,0,,0,32.63,0
U11163,2025-07-06,Free,UK,Paid Search,Startup,14,2,1,4,1,1,2026-04-17,0,77.25,0
U11164,2025-05-05,Pro,India,Referral,SMB,13,10,0,3,0,1,2026-01-02,79,36.1,632
U11165,2025-08-25,Business,India,Content,Startup,20,7,0,12,1,0,,249,42.44,2490
U11166,2025-03-11,Free,India,Paid Search,SMB,4,2,0,5,0,1,2025-09-17,0,65.23,0
U11167,2025-02-03,Free,India,Paid Search,Startup,18,3,1,1,0,0,,0,124.65,0
U11168,2025-09-05,Pro,UK,Organic,Startup,14,3,6,9,0,1,2026-07-02,79,36.8,790
U11169,2025-07-29,Free,US,Content,Enterprise,9,2,0,2,0,0,,0,33.44,0
U11170,2025-08-09,Free,India,Organic,SMB,7,6,1,3,0,0,,0,39.33,0
U11171,2025-06-26,Free,US,Organic,Mid-Market,12,4,3,2,0,0,,0,42.61,0
U11172,2025-05-12,Pro,UK,Partner,SMB,13,7,3,3,1,0,,79,72.26,1106
U11173,2025-04-13,Free,US,Referral,Enterprise,4,6,0,1,0,1,2026-01-26,0,34.66,0
U11174,2025-05-24,Business,US,Organic,SMB,16,5,1,10,0,0,,249,35.98,3486
U11175,2025-04-19,Free,Australia,Organic,SMB,12,3,2,6,0,0,,0,34.01,0
U11176,2025-07-20,Business,UK,Organic,Startup,17,9,1,6,1,0,,249,30.72,3486
U11177,2025-07-30,Free,US,Referral,SMB,14,3,4,1,0,1,2026-06-23,0,50.03,0
U11178,2025-03-12,Free,India,Paid Search,Startup,3,5,1,4,0,0,,0,88.27,0
U11179,2025-08-24,Free,Canada,Content,Startup,7,5,1,2,1,0,,0,34.43,0
U11180,2025-01-31,Free,India,Partner,Mid-Market,11,6,1,1,0,0,,0,83.98,0
U11181,2025-07-09,Free,US,Organic,Enterprise,8,4,0,1,0,0,,0,41.88,0
U11182,2025-02-10,Pro,US,Organic,Startup,23,7,0,7,0,0,,79,39.95,869
U11183,2025-05-31,Business,Australia,Organic,Startup,10,10,1,7,1,0,,249,33.02,2241
U11184,2025-09-07,Pro,India,Organic,Mid-Market,7,11,2,6,1,0,,79,40.57,711
U11185,2025-09-21,Pro,India,Paid Search,Startup,12,8,0,5,0,0,,79,100.46,711
U11186,2025-09-08,Free,India,Organic,SMB,5,4,2,1,0,0,,0,31.21,0
U11187,2025-10-09,Pro,US,Paid Search,Startup,13,9,1,3,1,0,,79,95.5,711
U11188,2025-05-16,Pro,Canada,Organic,Startup,6,4,0,4,0,1,2026-01-06,79,25.41,632
U11189,2025-06-05,Pro,Germany,Referral,Startup,9,5,2,5,0,0,,79,38.2,1027
U11190,2025-01-28,Pro,Canada,Paid Search,Startup,13,4,2,4,0,0,,79,75.89,869
U11191,2025-04-15,Free,US,Content,SMB,11,1,1,2,0,1,2025-12-27,0,29.26,0
U11192,2025-09-02,Pro,Canada,Content,Enterprise,11,5,3,6,0,0,,79,26.21,1106
U11193,2025-10-12,Pro,India,Organic,Startup,17,6,0,4,0,0,,79,49.09,948
U11194,2025-07-26,Pro,India,Organic,SMB,12,5,0,5,0,1,2026-04-05,79,37.05,632
U11195,2025-05-04,Free,India,Referral,Mid-Market,10,4,1,4,0,0,,0,28.15,0
U11196,2025-07-21,Free,UK,Organic,Mid-Market,7,1,1,1,0,0,,0,41.32,0
U11197,2025-08-17,Business,US,Organic,Mid-Market,20,11,1,9,1,0,,249,44.82,3486
U11198,2025-08-05,Business,Australia,Referral,Startup,14,8,2,7,1,0,,249,32.48,3486
U11199,2025-07-16,Pro,US,Organic,Startup,17,7,0,4,1,0,,79,32.22,1027
U11200,2025-07-25,Pro,US,Paid Search,Startup,10,3,3,4,0,0,,79,88.38,711
U11201,2025-08-13,Free,UK,Partner,SMB,9,2,0,4,0,0,,0,67.03,0
U11202,2025-02-02,Free,US,Paid Search,Startup,10,2,3,1,0,1,2025-11-08,0,89.17,0
U11203,2025-09-26,Pro,US,Content,Startup,9,7,2,7,1,1,2026-06-04,79,40.1,632
U11204,2025-04-13,Pro,US,Organic,SMB,12,9,2,4,0,0,,79,18.75,948
U11205,2025-10-18,Free,India,Paid Search,Enterprise,9,3,2,1,0,0,,0,108.95,0
U11206,2025-04-29,Free,Canada,Organic,Startup,9,4,4,2,0,0,,0,24.87,0
U11207,2025-04-13,Pro,UK,Referral,Enterprise,10,5,3,8,0,0,,79,34.96,1027
U11208,2025-09-29,Free,Germany,Paid Search,Startup,6,6,0,2,0,0,,0,84.25,0
U11209,2025-05-04,Business,Canada,Paid Search,Mid-Market,16,10,0,8,1,0,,249,63.62,2739
U11210,2025-03-13,Business,India,Organic,Enterprise,15,10,2,5,1,0,,249,42.51,2241
U11211,2025-01-03,Free,US,Organic,SMB,11,2,1,3,0,0,,0,28.81,0
U11212,2025-07-09,Free,Australia,Referral,SMB,5,1,2,5,0,0,,0,34.05,0
U11213,2025-07-03,Business,US,Organic,Mid-Market,15,11,0,6,1,1,2026-02-15,249,40.21,1992
U11214,2025-01-03,Free,US,Paid Search,Mid-Market,5,3,3,4,0,1,2025-08-28,0,85.78,0
U11215,2025-02-08,Free,US,Paid Search,SMB,9,4,2,4,0,0,,0,119.02,0
U11216,2025-04-09,Pro,India,Organic,Startup,18,4,1,6,0,0,,79,36.74,711
U11217,2025-01-24,Free,Canada,Content,SMB,12,6,0,7,0,0,,0,35.64,0
U11218,2025-05-03,Pro,UK,Partner,Startup,19,5,2,3,0,0,,79,94.34,869
U11219,2025-06-04,Free,Canada,Paid Search,Startup,6,4,3,3,0,1,2026-02-07,0,75.21,0
U11220,2025-06-07,Free,Germany,Organic,Mid-Market,10,7,0,4,0,0,,0,31.52,0
U11221,2025-07-22,Free,US,Paid Search,Enterprise,9,1,2,1,0,1,2025-12-19,0,68.05,0
U11222,2025-10-23,Free,India,Organic,Startup,5,3,5,2,0,0,,0,36.81,0
U11223,2025-05-16,Free,UK,Organic,SMB,11,4,1,2,0,1,2025-12-19,0,26.82,0
U11224,2025-01-05,Pro,India,Partner,Mid-Market,9,7,2,2,0,0,,79,59.45,948
U11225,2025-09-20,Business,India,Organic,Startup,10,7,0,11,1,0,,249,35.52,3486
U11226,2025-07-09,Pro,Germany,Paid Search,SMB,10,7,1,2,0,0,,79,63.03,1106
U11227,2025-06-23,Pro,India,Organic,Mid-Market,20,11,0,3,0,0,,79,35.36,790
U11228,2025-10-06,Free,US,Paid Search,SMB,7,3,0,3,0,1,2026-01-11,0,110.85,0
U11229,2025-10-10,Free,India,Organic,SMB,10,5,1,2,0,0,,0,34.3,0
U11230,2025-08-10,Free,Canada,Organic,Enterprise,6,3,0,3,0,1,2026-02-18,0,41.33,0
U11231,2025-02-16,Business,India,Partner,Mid-Market,17,6,0,9,1,0,,249,71.56,3237
U11232,2025-04-22,Free,US,Organic,Mid-Market,6,4,2,3,0,0,,0,27.17,0
U11233,2025-01-28,Business,Canada,Content,Mid-Market,15,10,2,5,0,0,,249,40.89,2988
U11234,2025-08-09,Free,Canada,Referral,Mid-Market,6,6,2,1,0,0,,0,41.03,0
U11235,2025-08-25,Pro,Canada,Organic,SMB,5,8,0,6,0,0,,79,45.72,790
U11236,2025-08-02,Pro,US,Referral,Startup,9,8,1,1,0,0,,79,44.13,869
U11237,2025-02-07,Free,Canada,Content,Startup,6,6,3,4,0,0,,0,44.29,0
U11238,2025-04-13,Pro,US,Partner,Enterprise,8,6,4,1,0,1,2025-12-01,79,48.12,632
U11239,2025-01-27,Free,US,Partner,Mid-Market,10,3,1,4,0,1,2025-05-10,0,63.13,0
U11240,2025-03-23,Pro,Australia,Content,SMB,17,5,0,3,1,0,,79,39.77,869
U11241,2025-03-20,Free,US,Partner,Mid-Market,16,4,1,2,0,0,,0,85.96,0
U11242,2025-07-09,Free,Australia,Referral,SMB,9,4,1,2,0,0,,0,33.24,0
U11243,2025-04-17,Business,India,Organic,Startup,13,8,0,9,1,0,,249,29.97,2241
U11244,2025-08-06,Pro,UK,Organic,Enterprise,15,4,1,8,0,1,2026-04-23,79,12.45,711
U11245,2025-01-11,Pro,Australia,Paid Search,Mid-Market,16,5,0,7,0,0,,79,123.42,948
U11246,2025-04-18,Pro,US,Organic,SMB,10,8,2,3,1,0,,79,36.67,1106
U11247,2025-01-09,Free,Germany,Referral,Startup,8,4,4,2,0,1,2025-11-19,0,40.6,0
U11248,2025-09-23,Business,Australia,Organic,Startup,16,9,0,3,0,0,,249,35.68,3486
U11249,2025-09-26,Free,UK,Content,SMB,8,3,2,2,0,0,,0,38.13,0
U11250,2025-06-22,Business,Australia,Organic,SMB,13,6,0,10,1,1,2025-11-07,249,46.85,1245
U11251,2025-08-24,Free,India,Organic,SMB,9,2,1,1,0,1,2026-03-14,0,24.83,0
U11252,2025-05-07,Free,Germany,Partner,Startup,9,4,0,1,0,0,,0,50.0,0
U11253,2025-05-29,Free,India,Paid Search,Mid-Market,11,2,2,2,0,0,,0,77.05,0
U11254,2025-07-12,Pro,India,Paid Search,SMB,7,7,1,5,1,0,,79,53.6,790
U11255,2025-05-10,Pro,Australia,Content,Startup,11,7,0,3,0,1,2026-03-09,79,34.54,790
U11256,2025-05-25,Free,India,Organic,Enterprise,4,3,1,3,0,1,2025-10-25,0,35.63,0
U11257,2025-02-04,Free,India,Organic,Startup,4,1,1,3,0,1,2025-09-27,0,44.23,0
U11258,2025-03-19,Pro,Germany,Organic,Startup,11,5,3,2,0,1,2025-05-12,79,34.14,158
U11259,2025-07-29,Free,US,Referral,Startup,5,1,2,2,0,0,,0,41.39,0
U11260,2025-09-24,Free,India,Partner,Enterprise,9,2,1,4,0,1,2026-04-22,0,80.84,0
U11261,2025-03-11,Free,Canada,Paid Search,SMB,8,3,2,2,0,1,2025-11-02,0,84.8,0
U11262,2025-02-28,Pro,UK,Paid Search,Startup,10,6,0,4,0,1,2025-12-11,79,119.87,790
U11263,2025-05-20,Free,UK,Content,Startup,11,1,2,3,0,0,,0,50.13,0
U11264,2025-07-13,Free,India,Paid Search,Mid-Market,10,4,1,2,0,0,,0,88.26,0
U11265,2025-03-31,Pro,India,Paid Search,Startup,7,8,2,5,1,0,,79,69.95,711
U11266,2025-10-13,Pro,India,Partner,Startup,15,5,1,4,0,0,,79,88.09,1027
U11267,2025-06-25,Pro,UK,Paid Search,Enterprise,12,1,3,4,0,0,,79,54.07,869
U11268,2025-01-14,Pro,India,Organic,Mid-Market,10,6,1,4,1,0,,79,36.38,1027
U11269,2025-06-16,Free,Canada,Partner,SMB,10,6,1,6,1,0,,0,51.47,0
U11270,2025-03-20,Pro,US,Paid Search,SMB,10,4,0,2,0,0,,79,57.31,790
U11271,2025-06-21,Free,US,Content,SMB,5,1,0,2,0,0,,0,24.29,0
U11272,2025-10-11,Pro,Germany,Referral,Mid-Market,7,5,2,3,0,0,,79,36.06,1106
U11273,2025-09-22,Free,Germany,Referral,Mid-Market,6,1,1,3,0,0,,0,54.78,0
U11274,2025-02-10,Business,Germany,Partner,Mid-Market,19,8,0,12,1,1,2025-03-28,249,96.21,498
U11275,2025-10-13,Free,Germany,Content,Startup,7,7,0,3,0,0,,0,34.16,0
U11276,2025-06-01,Free,Germany,Partner,Startup,7,3,0,2,0,1,2026-04-23,0,68.23,0
U11277,2025-06-23,Free,Canada,Content,Startup,11,3,1,3,0,1,2025-09-15,0,17.58,0
U11278,2025-10-17,Free,India,Content,Startup,6,2,1,1,0,1,2025-12-27,0,33.31,0
U11279,2025-07-19,Pro,India,Referral,Startup,23,6,1,3,1,0,,79,31.03,948
U11280,2025-02-15,Pro,US,Partner,SMB,15,6,1,3,1,0,,79,85.32,869
U11281,2025-10-10,Free,India,Referral,Mid-Market,8,3,1,3,0,0,,0,43.66,0
U11282,2025-01-21,Free,India,Organic,Mid-Market,10,4,0,3,0,0,,0,38.81,0
U11283,2025-03-09,Free,India,Partner,Startup,14,3,1,1,0,0,,0,62.3,0
U11284,2025-03-25,Business,Germany,Organic,SMB,19,10,1,5,0,0,,249,40.57,3237
U11285,2025-10-12,Free,Australia,Partner,Startup,8,5,0,2,0,0,,0,79.93,0
U11286,2025-02-13,Free,US,Paid Search,Startup,7,6,1,1,0,1,2025-08-01,0,82.6,0
U11287,2025-03-12,Free,Australia,Organic,SMB,12,5,0,4,0,0,,0,36.72,0
U11288,2025-01-01,Free,UK,Partner,Startup,7,3,2,2,0,0,,0,91.44,0
U11289,2025-01-03,Free,Germany,Content,Startup,7,1,2,4,0,1,2025-04-06,0,43.27,0
U11290,2025-05-27,Free,US,Content,SMB,9,5,1,3,0,0,,0,20.17,0
U11291,2025-10-16,Free,India,Partner,Mid-Market,8,3,2,2,0,1,2026-03-04,0,76.92,0
U11292,2025-05-24,Pro,US,Organic,Mid-Market,12,5,1,3,1,0,,79,44.82,948
U11293,2025-05-08,Pro,US,Content,Startup,18,8,1,5,1,1,2025-06-16,79,24.49,79
U11294,2025-10-22,Free,Australia,Paid Search,Startup,4,7,0,3,0,0,,0,90.19,0
U11295,2025-03-12,Pro,Canada,Partner,SMB,12,5,0,6,1,0,,79,72.03,869
U11296,2025-10-03,Pro,Canada,Partner,SMB,7,4,0,3,1,0,,79,93.74,790
U11297,2025-08-26,Pro,Canada,Paid Search,SMB,21,4,1,7,0,1,2026-02-16,79,79.62,474
U11298,2025-01-01,Pro,Germany,Organic,SMB,7,6,1,4,0,0,,79,28.21,711
U11299,2025-03-22,Free,India,Paid Search,Startup,13,5,1,4,0,1,2025-09-30,0,102.06,0
U11300,2025-05-14,Business,Australia,Referral,Mid-Market,19,9,0,6,1,0,,249,47.89,2988
U11301,2025-09-11,Free,Australia,Paid Search,Enterprise,11,2,1,2,0,0,,0,105.21,0
U11302,2025-02-28,Free,Germany,Paid Search,Startup,13,6,0,1,0,0,,0,115.27,0
U11303,2025-01-16,Free,US,Referral,Startup,5,4,0,1,0,1,2025-03-25,0,42.72,0
U11304,2025-04-23,Business,Australia,Organic,Startup,16,8,0,9,0,1,2026-02-20,249,48.02,2490
U11305,2025-03-14,Pro,Canada,Paid Search,SMB,20,5,2,4,1,0,,79,92.11,1106
U11306,2025-04-15,Pro,India,Organic,SMB,10,4,2,5,0,0,,79,37.94,1106
U11307,2025-06-25,Free,Canada,Organic,Startup,8,4,0,2,0,0,,0,49.66,0
U11308,2025-06-09,Business,India,Organic,Mid-Market,15,7,1,10,0,0,,249,18.07,3486
U11309,2025-07-18,Pro,US,Paid Search,Startup,14,5,1,3,0,1,2026-04-19,79,81.07,711
U11310,2025-02-03,Pro,India,Paid Search,SMB,12,6,1,5,1,0,,79,52.64,948
U11311,2025-05-26,Pro,India,Organic,Startup,9,6,0,2,1,0,,79,31.04,1106
U11312,2025-10-11,Free,Canada,Paid Search,Mid-Market,8,1,0,3,0,0,,0,78.11,0
U11313,2025-03-13,Pro,US,Organic,Startup,7,8,6,5,0,0,,79,18.9,790
U11314,2025-06-12,Free,UK,Content,SMB,11,4,2,2,0,0,,0,30.93,0
U11315,2025-09-19,Pro,India,Partner,SMB,15,7,0,4,1,0,,79,87.16,948
U11316,2025-02-25,Free,US,Organic,SMB,8,3,0,2,0,0,,0,41.62,0
U11317,2025-10-04,Pro,Australia,Paid Search,Startup,16,7,2,5,1,0,,79,74.43,790
U11318,2025-05-08,Free,India,Referral,Enterprise,8,4,6,2,0,0,,0,29.99,0
U11319,2025-01-20,Pro,Germany,Referral,Mid-Market,6,6,1,7,1,0,,79,46.2,790
U11320,2025-09-09,Free,India,Organic,Mid-Market,7,2,1,5,0,1,2026-08-01,0,24.77,0
U11321,2025-03-16,Pro,UK,Organic,SMB,12,4,0,4,1,1,2025-04-26,79,9.67,79
U11322,2025-05-07,Free,India,Partner,Startup,11,3,0,2,0,0,,0,92.1,0
U11323,2025-07-21,Pro,India,Referral,Mid-Market,6,4,1,4,0,1,2025-12-14,79,40.77,395
U11324,2025-06-08,Free,UK,Referral,SMB,5,4,1,2,0,0,,0,40.39,0
U11325,2025-08-25,Free,India,Content,Startup,6,1,1,2,0,1,2026-01-21,0,30.94,0
U11326,2025-09-13,Free,India,Content,Mid-Market,13,1,2,2,0,1,2025-11-25,0,34.73,0
U11327,2025-08-14,Pro,Canada,Paid Search,Startup,7,4,1,5,0,0,,79,87.33,790
U11328,2025-02-17,Pro,India,Content,Mid-Market,19,7,2,6,0,0,,79,27.41,1106
U11329,2025-03-10,Free,Canada,Referral,SMB,5,4,0,3,0,1,2025-09-05,0,36.92,0
U11330,2025-10-14,Free,India,Organic,Mid-Market,7,3,2,3,1,0,,0,28.77,0
U11331,2025-02-26,Free,India,Organic,Startup,10,3,0,3,1,0,,0,42.18,0
U11332,2025-10-16,Free,US,Organic,SMB,12,5,1,1,0,0,,0,58.06,0
U11333,2025-05-07,Pro,UK,Partner,Startup,17,7,2,6,0,0,,79,82.21,948
U11334,2025-03-19,Free,India,Organic,Startup,10,1,1,2,0,1,2026-02-06,0,39.75,0
U11335,2025-04-15,Business,US,Organic,Enterprise,18,6,0,9,1,0,,249,35.7,2490
U11336,2025-04-03,Free,UK,Partner,SMB,14,3,0,5,0,0,,0,51.32,0
U11337,2025-05-06,Business,India,Paid Search,SMB,15,5,1,8,1,0,,249,107.77,3237
U11338,2025-07-07,Free,India,Partner,SMB,10,1,0,2,0,0,,0,78.07,0
U11339,2025-06-28,Pro,UK,Content,Startup,14,5,0,4,0,1,2025-12-10,79,45.52,474
U11340,2025-09-29,Free,India,Organic,SMB,9,4,0,1,0,0,,0,24.29,0
U11341,2025-05-28,Pro,US,Referral,Enterprise,19,8,1,4,0,0,,79,25.07,869
U11342,2025-03-10,Free,Germany,Referral,SMB,16,5,0,2,0,1,2025-06-19,0,44.8,0
U11343,2025-02-28,Free,US,Referral,SMB,12,5,1,2,0,1,2025-10-08,0,31.07,0
U11344,2025-05-06,Free,India,Paid Search,Mid-Market,13,6,3,2,0,0,,0,134.09,0
U11345,2025-01-26,Free,India,Partner,Startup,5,5,0,3,0,0,,0,83.11,0
U11346,2025-10-21,Pro,US,Partner,Mid-Market,12,6,1,5,1,0,,79,42.38,948
U11347,2025-10-21,Business,India,Content,Enterprise,22,10,1,7,1,0,,249,51.72,3486
U11348,2025-10-18,Free,US,Organic,Enterprise,3,4,1,2,0,0,,0,60.56,0
U11349,2025-02-16,Free,Canada,Paid Search,Mid-Market,7,3,0,3,0,1,2025-04-23,0,97.42,0
U11350,2025-08-01,Pro,Germany,Referral,Startup,19,9,0,3,0,0,,79,18.14,869
U11351,2025-05-02,Free,Canada,Paid Search,SMB,9,3,1,2,0,0,,0,99.7,0
U11352,2025-05-15,Free,India,Paid Search,Mid-Market,11,1,3,2,0,0,,0,120.44,0
U11353,2025-01-22,Free,US,Paid Search,Mid-Market,13,2,2,3,0,1,2025-11-27,0,88.07,0
U11354,2025-04-01,Free,India,Organic,SMB,9,5,0,2,0,0,,0,20.76,0
U11355,2025-04-13,Free,UK,Organic,Mid-Market,7,5,3,4,0,1,2025-10-12,0,49.04,0
U11356,2025-10-13,Business,India,Partner,Startup,12,13,2,9,1,0,,249,55.48,2739
U11357,2025-09-20,Pro,Canada,Paid Search,Startup,14,7,1,5,0,0,,79,92.08,948
U11358,2025-06-01,Business,India,Organic,Enterprise,22,8,0,8,1,0,,249,40.12,3237
U11359,2025-05-13,Pro,UK,Paid Search,SMB,9,5,0,5,0,0,,79,87.84,711
U11360,2025-09-22,Free,US,Paid Search,Mid-Market,6,3,0,2,0,1,2026-04-03,0,100.73,0
U11361,2025-02-19,Free,US,Content,SMB,6,1,1,2,0,0,,0,42.49,0
U11362,2025-09-02,Free,India,Organic,SMB,5,5,0,1,0,0,,0,22.17,0
U11363,2025-07-26,Pro,US,Content,SMB,10,3,1,4,1,0,,79,35.97,1027
U11364,2025-05-15,Pro,India,Organic,Enterprise,10,4,1,5,0,0,,79,17.65,948
U11365,2025-05-02,Business,Germany,Referral,SMB,20,10,0,3,1,1,2025-10-14,249,44.1,1494
U11366,2025-02-06,Free,India,Organic,Enterprise,6,3,0,1,0,1,2025-05-25,0,55.24,0
U11367,2025-08-26,Free,Germany,Content,Mid-Market,6,4,3,1,1,0,,0,43.52,0
U11368,2025-05-08,Free,India,Content,SMB,13,5,0,4,0,0,,0,25.83,0
U11369,2025-08-24,Pro,US,Content,Startup,10,4,1,2,1,0,,79,22.19,1106
U11370,2025-08-23,Free,India,Content,Mid-Market,6,6,4,2,0,1,2026-05-29,0,40.11,0
U11371,2025-10-14,Pro,UK,Organic,Startup,13,13,1,2,0,0,,79,39.36,711
U11372,2025-10-22,Pro,UK,Content,Mid-Market,14,8,2,7,0,0,,79,26.41,948
U11373,2025-03-24,Free,US,Organic,SMB,14,2,0,1,0,0,,0,31.8,0
U11374,2025-05-16,Pro,Germany,Partner,SMB,10,6,0,5,0,0,,79,96.04,869
U11375,2025-01-10,Free,India,Content,Startup,12,4,1,3,0,0,,0,45.28,0
U11376,2025-09-16,Free,US,Organic,SMB,11,1,0,2,0,1,2026-03-01,0,24.78,0
U11377,2025-08-07,Pro,Canada,Content,SMB,15,5,2,10,0,1,2025-09-22,79,34.6,158
U11378,2025-03-20,Pro,India,Content,SMB,14,8,0,5,0,1,2025-06-14,79,26.06,237
U11379,2025-08-08,Pro,Canada,Organic,Mid-Market,15,8,0,3,0,0,,79,52.39,869
U11380,2025-09-29,Pro,US,Content,Enterprise,18,7,1,3,0,1,2026-07-03,79,35.98,711
U11381,2025-05-25,Pro,Germany,Organic,SMB,15,7,2,2,1,0,,79,42.47,948
U11382,2025-03-29,Free,US,Content,Startup,6,4,1,3,0,0,,0,28.75,0
U11383,2025-05-23,Free,Germany,Paid Search,Startup,6,3,1,1,0,1,2025-07-13,0,135.27,0
U11384,2025-04-29,Pro,India,Content,Mid-Market,9,7,1,4,0,0,,79,39.35,790
U11385,2025-07-29,Free,US,Organic,Startup,11,4,3,2,0,0,,0,32.07,0
U11386,2025-08-08,Free,US,Referral,SMB,8,2,3,2,0,1,2026-04-20,0,23.9,0
U11387,2025-01-19,Free,India,Organic,SMB,8,1,1,2,0,0,,0,44.78,0
U11388,2025-09-15,Pro,India,Content,SMB,14,5,0,7,1,0,,79,42.54,1027
U11389,2025-10-14,Free,Germany,Partner,Startup,16,1,2,4,0,0,,0,82.58,0
U11390,2025-03-03,Business,UK,Partner,Mid-Market,21,12,0,7,0,0,,249,68.09,2241
U11391,2025-01-21,Free,India,Paid Search,Enterprise,4,6,1,1,0,0,,0,131.67,0
U11392,2025-06-10,Pro,India,Partner,SMB,9,5,3,1,0,1,2025-09-14,79,69.03,237
U11393,2025-02-03,Free,Canada,Organic,Startup,10,3,1,3,0,0,,0,51.92,0
U11394,2025-06-09,Free,US,Paid Search,SMB,14,4,0,3,0,0,,0,67.09,0
U11395,2025-03-07,Free,India,Organic,Startup,12,4,0,1,0,0,,0,40.48,0
U11396,2025-09-21,Free,India,Organic,SMB,13,3,1,5,0,1,2025-12-07,0,40.0,0
U11397,2025-05-15,Pro,India,Referral,SMB,14,4,0,4,1,0,,79,14.68,790
U11398,2025-06-21,Free,US,Paid Search,Startup,6,5,3,3,0,1,2025-10-31,0,102.32,0
U11399,2025-08-11,Free,India,Paid Search,Enterprise,8,1,0,2,0,0,,0,97.91,0
U11400,2025-03-31,Free,UK,Paid Search,SMB,11,4,1,2,0,0,,0,94.52,0
U11401,2025-10-14,Free,India,Organic,SMB,8,2,0,2,0,1,2026-03-19,0,44.36,0
U11402,2025-02-07,Free,US,Paid Search,SMB,12,3,5,3,0,1,2025-05-18,0,79.31,0
U11403,2025-04-03,Pro,US,Content,SMB,9,6,1,9,1,0,,79,36.39,948
U11404,2025-05-23,Free,UK,Content,SMB,7,4,2,3,0,0,,0,18.39,0
U11405,2025-02-02,Free,US,Organic,Startup,8,3,0,1,0,0,,0,50.89,0
U11406,2025-01-18,Pro,Germany,Content,Startup,14,5,2,7,0,1,2025-12-04,79,32.04,869
U11407,2025-06-05,Business,India,Content,Startup,12,5,0,16,1,0,,249,49.49,2988
U11408,2025-09-18,Business,India,Content,SMB,11,9,1,7,1,0,,249,39.26,2739
U11409,2025-04-19,Pro,Australia,Content,Mid-Market,16,3,1,3,0,1,2026-02-28,79,37.96,790
U11410,2025-05-25,Free,Germany,Organic,Startup,8,2,1,1,0,0,,0,37.68,0
U11411,2025-04-21,Free,US,Referral,SMB,9,1,2,4,0,1,2025-06-09,0,42.83,0
U11412,2025-06-10,Free,Germany,Paid Search,Mid-Market,9,6,2,6,0,0,,0,86.66,0
U11413,2025-08-16,Free,India,Paid Search,Mid-Market,8,3,1,3,0,1,2026-07-11,0,102.88,0
U11414,2025-03-19,Pro,US,Content,SMB,10,4,1,3,0,0,,79,43.53,790
U11415,2025-10-09,Business,US,Organic,Startup,14,9,1,13,0,0,,249,44.06,3486
U11416,2025-09-07,Free,US,Content,Startup,7,8,4,1,0,0,,0,32.22,0
U11417,2025-03-10,Pro,India,Content,SMB,13,7,2,3,0,0,,79,34.49,790
U11418,2025-08-20,Pro,US,Content,SMB,18,8,0,6,0,0,,79,49.07,711
U11419,2025-02-11,Pro,India,Content,Startup,17,4,2,4,1,0,,79,22.26,1106
U11420,2025-02-18,Free,US,Organic,Startup,11,5,2,1,0,1,2025-07-19,0,29.31,0
U11421,2025-08-16,Free,US,Organic,Startup,8,5,1,4,1,1,2025-10-06,0,43.55,0
U11422,2025-10-08,Free,Australia,Partner,Startup,4,2,2,3,0,1,2026-01-08,0,64.69,0
U11423,2025-06-18,Free,Germany,Organic,SMB,7,2,0,2,0,1,2026-01-18,0,26.4,0
U11424,2025-04-25,Pro,Canada,Paid Search,Mid-Market,12,9,1,2,1,0,,79,77.63,1027
U11425,2025-01-13,Pro,India,Organic,Startup,14,7,2,3,0,1,2025-03-13,79,30.51,158
U11426,2025-02-15,Business,US,Content,SMB,18,6,1,9,0,0,,249,29.17,2241
U11427,2025-01-06,Free,US,Referral,SMB,7,4,2,3,0,0,,0,38.02,0
U11428,2025-01-31,Pro,Germany,Content,SMB,23,4,2,4,0,1,2025-03-07,79,40.39,79
U11429,2025-04-04,Pro,UK,Partner,Enterprise,19,6,1,4,1,1,2025-12-21,79,67.93,711
U11430,2025-08-01,Pro,India,Paid Search,SMB,14,6,0,3,0,1,2026-03-27,79,76.17,632
U11431,2025-02-04,Free,Canada,Partner,SMB,2,4,0,4,0,0,,0,54.38,0
U11432,2025-03-16,Free,UK,Organic,SMB,8,5,0,3,0,0,,0,27.32,0
U11433,2025-07-03,Free,India,Paid Search,Mid-Market,9,3,1,4,0,0,,0,80.94,0
U11434,2025-07-30,Pro,India,Organic,Startup,9,7,1,8,0,0,,79,45.87,869
U11435,2025-05-24,Free,UK,Referral,SMB,6,4,2,1,0,0,,0,34.43,0
U11436,2025-08-12,Free,India,Paid Search,Enterprise,6,5,4,3,0,0,,0,141.88,0
U11437,2025-10-17,Pro,Australia,Partner,Enterprise,9,8,0,9,0,0,,79,74.91,948
U11438,2025-01-03,Free,Australia,Organic,SMB,7,2,0,2,0,1,2025-06-11,0,32.82,0
U11439,2025-06-20,Free,Australia,Content,Startup,13,2,0,4,0,0,,0,43.58,0
U11440,2025-09-12,Free,UK,Content,SMB,9,1,0,2,0,1,2026-03-27,0,18.95,0
U11441,2025-05-04,Free,Australia,Referral,SMB,3,2,3,2,0,1,2025-08-23,0,38.29,0
U11442,2025-08-29,Business,UK,Referral,Mid-Market,7,8,1,7,0,0,,249,32.29,2241
U11443,2025-01-09,Free,India,Organic,Startup,8,6,1,3,0,1,2025-04-18,0,46.36,0
U11444,2025-05-04,Pro,Australia,Partner,Startup,10,5,0,5,1,0,,79,55.98,948
U11445,2025-06-24,Free,US,Organic,SMB,8,2,0,3,1,1,2026-05-15,0,27.4,0
U11446,2025-08-09,Pro,India,Organic,SMB,11,6,2,3,1,0,,79,13.83,1106
U11447,2025-10-25,Pro,India,Paid Search,Enterprise,11,11,1,3,0,1,2025-12-22,79,80.78,158
U11448,2025-05-31,Business,US,Referral,Startup,10,5,1,10,1,0,,249,30.25,3486
U11449,2025-02-13,Free,Canada,Referral,SMB,7,2,1,3,0,1,2025-06-11,0,43.52,0
U11450,2025-06-16,Free,Germany,Referral,Startup,12,1,4,1,0,1,2026-02-13,0,33.2,0
U11451,2025-03-14,Free,Germany,Content,Startup,7,4,0,3,0,0,,0,25.66,0
U11452,2025-02-20,Pro,Canada,Partner,Startup,15,5,1,4,0,0,,79,70.94,1106
U11453,2025-09-28,Free,India,Organic,Mid-Market,6,5,1,4,0,0,,0,37.31,0
U11454,2025-05-31,Free,US,Partner,Startup,7,1,2,1,0,1,2025-10-25,0,73.29,0
U11455,2025-08-06,Pro,India,Organic,SMB,12,7,0,7,0,0,,79,25.44,790
U11456,2025-02-23,Free,UK,Partner,Startup,8,2,1,1,0,1,2025-11-20,0,84.17,0
U11457,2025-07-13,Pro,India,Paid Search,Enterprise,11,9,1,5,0,0,,79,102.99,869
U11458,2025-09-03,Free,India,Organic,Mid-Market,8,2,1,1,0,0,,0,23.3,0
U11459,2025-01-23,Pro,India,Organic,Startup,8,6,1,5,0,0,,79,28.72,1106
U11460,2025-02-13,Free,US,Paid Search,Startup,5,4,1,1,0,1,2025-10-29,0,81.51,0
U11461,2025-08-21,Business,India,Paid Search,Startup,13,5,1,5,0,1,2026-03-25,249,67.24,1743
U11462,2025-06-09,Pro,US,Referral,SMB,19,1,0,3,0,0,,79,13.4,948
U11463,2025-05-06,Pro,Germany,Partner,SMB,12,6,0,4,1,0,,79,51.27,711
U11464,2025-08-31,Pro,US,Referral,Enterprise,16,5,2,8,0,1,2025-10-03,79,19.44,79
U11465,2025-04-02,Free,Germany,Referral,Startup,9,5,0,2,0,0,,0,29.9,0
U11466,2025-10-04,Business,India,Paid Search,Startup,16,10,0,7,1,0,,249,93.74,2490
U11467,2025-09-03,Pro,Canada,Referral,SMB,10,2,1,4,1,0,,79,15.09,948
U11468,2025-07-07,Free,Canada,Referral,SMB,7,3,1,1,0,0,,0,49.64,0
U11469,2025-10-10,Business,India,Organic,Mid-Market,11,8,1,7,0,0,,249,38.57,2241
U11470,2025-05-09,Free,Germany,Referral,Startup,4,5,1,1,0,1,2025-07-03,0,38.82,0
U11471,2025-01-23,Free,US,Organic,SMB,9,1,0,2,0,1,2025-12-07,0,33.49,0
U11472,2025-05-25,Free,Canada,Content,SMB,8,6,1,2,0,0,,0,27.01,0
U11473,2025-10-22,Free,Australia,Organic,Startup,9,2,1,4,0,0,,0,41.78,0
U11474,2025-10-02,Business,US,Organic,SMB,23,7,0,7,1,0,,249,30.58,2988
U11475,2025-07-28,Free,Canada,Content,Mid-Market,3,5,1,4,1,1,2025-09-26,0,27.22,0
U11476,2025-09-08,Pro,Germany,Organic,SMB,19,5,1,4,0,0,,79,43.15,948
U11477,2025-05-08,Pro,Australia,Organic,Mid-Market,12,6,0,2,0,0,,79,24.0,790
U11478,2025-06-03,Business,India,Referral,Mid-Market,19,8,1,9,1,0,,249,25.88,2490
U11479,2025-09-24,Free,Germany,Partner,Enterprise,9,4,2,2,0,1,2025-11-01,0,43.93,0
U11480,2025-10-04,Free,Germany,Paid Search,SMB,10,5,0,1,0,0,,0,126.37,0
U11481,2025-09-22,Free,Australia,Referral,Startup,7,6,2,5,0,0,,0,44.83,0
U11482,2025-03-27,Free,India,Organic,SMB,10,4,1,3,0,0,,0,31.95,0
U11483,2025-05-18,Pro,US,Organic,SMB,14,9,4,7,0,0,,79,28.2,711
U11484,2025-01-25,Free,Canada,Content,Startup,6,7,1,4,0,1,2025-09-15,0,26.99,0
U11485,2025-08-08,Pro,Australia,Organic,Mid-Market,11,5,2,4,1,0,,79,18.32,948
U11486,2025-10-21,Free,US,Paid Search,SMB,8,1,1,2,0,0,,0,100.11,0
U11487,2025-08-19,Free,US,Partner,SMB,9,1,0,2,0,0,,0,77.39,0
U11488,2025-09-15,Free,Germany,Referral,Startup,9,3,2,3,0,0,,0,21.31,0
U11489,2025-04-06,Pro,Canada,Organic,Startup,11,3,1,3,1,1,2026-02-25,79,38.05,869
U11490,2025-06-21,Free,US,Referral,SMB,9,5,4,3,0,1,2026-03-25,0,35.99,0
U11491,2025-06-10,Business,India,Referral,Mid-Market,16,8,1,10,0,1,2025-08-02,249,57.56,498
U11492,2025-01-12,Free,India,Paid Search,SMB,12,1,4,2,0,0,,0,119.19,0
U11493,2025-09-28,Free,India,Referral,SMB,5,4,1,3,0,0,,0,17.44,0
U11494,2025-07-22,Pro,India,Paid Search,Startup,14,7,0,7,0,0,,79,92.13,711
U11495,2025-01-18,Pro,India,Content,SMB,13,6,0,4,0,1,2025-07-22,79,29.45,474
U11496,2025-07-16,Free,US,Paid Search,Startup,12,4,2,3,0,0,,0,82.69,0
U11497,2025-04-10,Free,US,Partner,Startup,8,3,4,6,0,1,2025-11-29,0,64.89,0
U11498,2025-02-14,Pro,India,Organic,Startup,14,4,3,2,1,0,,79,42.69,948
U11499,2025-09-15,Pro,US,Referral,Startup,14,5,2,4,0,0,,79,30.67,790
U11500,2025-03-08,Free,US,Organic,Mid-Market,14,2,2,3,0,0,,0,46.88,0
U11501,2025-06-15,Business,Australia,Partner,Mid-Market,15,8,1,4,1,0,,249,88.24,3237
U11502,2025-03-26,Pro,India,Paid Search,SMB,11,7,1,3,1,1,2025-07-18,79,136.05,316
U11503,2025-07-29,Free,UK,Paid Search,SMB,13,3,3,1,1,0,,0,61.62,0
U11504,2025-10-04,Free,India,Paid Search,SMB,6,2,2,1,0,1,2026-02-22,0,93.09,0
U11505,2025-08-04,Business,Canada,Partner,Enterprise,18,7,0,4,0,0,,249,72.82,2988
U11506,2025-01-22,Pro,Australia,Paid Search,Startup,14,6,0,1,1,0,,79,135.55,790
U11507,2025-01-22,Business,US,Referral,SMB,10,9,1,18,1,0,,249,17.27,1992
U11508,2025-01-25,Free,US,Organic,SMB,8,1,2,1,0,0,,0,38.97,0
U11509,2025-03-24,Free,Canada,Content,Startup,4,3,1,1,0,0,,0,36.55,0
U11510,2025-03-22,Free,Canada,Organic,Enterprise,8,5,2,1,0,1,2025-04-25,0,16.57,0
U11511,2025-07-30,Free,Canada,Organic,Startup,9,6,0,2,0,0,,0,39.34,0
U11512,2025-05-18,Pro,US,Organic,Startup,18,5,1,4,0,1,2025-08-28,79,27.82,237
U11513,2025-04-24,Business,US,Paid Search,Startup,16,8,0,8,0,1,2025-12-01,249,94.87,1743
U11514,2025-04-27,Free,US,Referral,Mid-Market,11,1,3,4,0,1,2025-10-09,0,38.08,0
U11515,2025-10-23,Pro,US,Organic,Enterprise,10,3,0,6,0,0,,79,34.27,790
U11516,2025-04-20,Free,Canada,Partner,SMB,9,2,1,1,0,1,2025-07-07,0,67.56,0
U11517,2025-02-27,Free,Canada,Organic,Startup,6,3,1,4,1,0,,0,38.08,0
U11518,2025-07-09,Pro,US,Organic,SMB,8,5,2,6,1,1,2026-01-08,79,33.94,474
U11519,2025-06-05,Free,Canada,Referral,SMB,9,6,2,3,0,0,,0,48.29,0
U11520,2025-04-14,Free,Germany,Referral,SMB,12,2,2,2,1,1,2026-03-04,0,34.75,0
U11521,2025-02-01,Free,UK,Organic,Startup,16,3,1,3,0,0,,0,37.78,0
U11522,2025-06-19,Free,US,Organic,Mid-Market,12,6,2,2,0,0,,0,29.25,0
U11523,2025-07-22,Free,Canada,Organic,SMB,9,6,0,3,0,0,,0,40.49,0
U11524,2025-06-03,Pro,US,Content,SMB,10,5,0,4,0,0,,79,21.28,869
U11525,2025-06-08,Free,India,Content,SMB,8,4,0,4,0,0,,0,46.68,0
U11526,2025-04-27,Pro,India,Paid Search,Enterprise,12,6,0,7,0,0,,79,91.14,790
U11527,2025-04-10,Pro,Germany,Referral,SMB,6,8,1,7,0,0,,79,32.83,790
U11528,2025-02-25,Business,UK,Partner,SMB,18,7,1,6,0,0,,249,49.61,2988
U11529,2025-07-16,Pro,India,Organic,SMB,8,5,0,5,0,0,,79,44.72,948
U11530,2025-02-10,Business,Canada,Organic,Mid-Market,11,8,1,11,0,0,,249,38.42,3237
U11531,2025-10-03,Pro,US,Organic,SMB,8,9,1,5,1,0,,79,19.68,790
U11532,2025-03-29,Business,US,Paid Search,Startup,15,11,0,8,0,1,2025-06-23,249,66.65,747
U11533,2025-10-24,Free,US,Content,SMB,9,4,1,1,0,0,,0,38.03,0
U11534,2025-09-25,Free,Australia,Paid Search,Startup,10,5,1,1,0,0,,0,136.98,0
U11535,2025-04-06,Free,Australia,Organic,Mid-Market,7,2,0,4,0,1,2025-07-29,0,41.22,0
U11536,2025-10-22,Free,India,Referral,Startup,4,3,1,3,0,1,2026-08-03,0,55.01,0
U11537,2025-01-23,Pro,US,Paid Search,Enterprise,19,6,3,3,1,1,2025-07-23,79,149.19,474
U11538,2025-02-01,Business,Germany,Partner,Startup,16,9,1,7,1,0,,249,64.51,2739
U11539,2025-03-11,Pro,US,Paid Search,Enterprise,11,5,0,2,0,0,,79,131.99,790
U11540,2025-10-04,Free,India,Content,Startup,11,6,1,1,0,1,2025-11-09,0,19.02,0
U11541,2025-10-23,Pro,India,Content,Mid-Market,16,7,0,10,1,0,,79,45.56,869
U11542,2025-04-01,Free,US,Referral,Startup,6,2,2,3,0,0,,0,24.14,0
U11543,2025-08-11,Business,Canada,Content,SMB,17,11,1,8,1,0,,249,34.51,3237
U11544,2025-03-09,Pro,US,Paid Search,SMB,14,6,0,4,0,0,,79,102.26,711
U11545,2025-03-13,Pro,India,Referral,Mid-Market,10,4,2,5,0,0,,79,29.62,1027
U11546,2025-01-29,Free,US,Referral,SMB,14,6,1,5,0,0,,0,49.88,0
U11547,2025-04-30,Pro,US,Paid Search,Mid-Market,10,8,0,7,1,0,,79,81.73,869
U11548,2025-02-28,Pro,US,Content,Startup,10,7,0,5,0,0,,79,37.64,1106
U11549,2025-05-08,Business,UK,Partner,Enterprise,11,6,1,5,1,0,,249,60.93,2988
U11550,2025-02-04,Free,UK,Referral,SMB,7,3,2,1,0,1,2025-03-22,0,36.78,0
U11551,2025-10-08,Free,India,Partner,Mid-Market,4,3,1,3,0,0,,0,103.76,0
U11552,2025-03-31,Free,US,Organic,Startup,9,6,3,3,0,0,,0,36.92,0
U11553,2025-02-26,Pro,Germany,Organic,SMB,10,7,0,7,1,0,,79,28.95,948
U11554,2025-10-20,Pro,India,Paid Search,Mid-Market,10,5,1,4,0,0,,79,67.47,1027
U11555,2025-04-23,Free,US,Organic,Mid-Market,11,4,0,4,1,0,,0,30.78,0
U11556,2025-09-30,Free,US,Content,SMB,8,5,1,4,0,0,,0,31.91,0
U11557,2025-09-06,Pro,India,Referral,SMB,13,7,0,5,0,0,,79,45.47,1106
U11558,2025-08-28,Pro,Canada,Referral,SMB,12,6,1,2,1,0,,79,44.43,632
U11559,2025-05-11,Free,UK,Paid Search,SMB,7,1,4,4,0,1,2026-01-05,0,113.04,0
U11560,2025-08-16,Pro,Australia,Paid Search,Mid-Market,9,6,1,4,0,1,2026-01-01,79,96.4,395
U11561,2025-03-30,Pro,India,Partner,Enterprise,9,8,0,5,1,0,,79,71.63,1027
U11562,2025-05-22,Free,Canada,Organic,Startup,8,6,0,2,0,0,,0,46.19,0
U11563,2025-03-05,Free,India,Content,Mid-Market,11,1,1,2,0,0,,0,36.3,0
U11564,2025-03-27,Pro,India,Referral,SMB,12,7,3,2,0,0,,79,36.68,1027
U11565,2025-07-23,Free,Australia,Referral,SMB,12,2,0,2,0,0,,0,50.56,0
U11566,2025-05-07,Pro,India,Content,Startup,15,6,0,5,1,0,,79,38.7,1106
U11567,2025-10-02,Business,India,Organic,Mid-Market,21,9,0,6,1,0,,249,32.84,2241
U11568,2025-07-03,Free,UK,Paid Search,SMB,9,3,1,2,1,0,,0,97.48,0
U11569,2025-06-04,Free,US,Referral,Startup,5,4,2,2,0,0,,0,18.14,0
U11570,2025-06-05,Free,India,Referral,Startup,7,3,0,2,0,1,2025-11-15,0,26.83,0
U11571,2025-04-15,Free,UK,Organic,SMB,5,6,0,4,0,0,,0,45.38,0
U11572,2025-06-12,Pro,Australia,Content,Startup,12,6,0,3,0,0,,79,27.63,1027
U11573,2025-04-09,Free,UK,Referral,Enterprise,6,5,0,6,0,0,,0,13.85,0
U11574,2025-04-07,Pro,India,Organic,SMB,12,6,1,3,0,0,,79,33.49,1106
U11575,2025-02-16,Business,US,Content,Startup,14,9,0,10,1,1,2025-11-25,249,26.52,2241
U11576,2025-02-16,Free,US,Paid Search,Startup,13,5,1,2,0,0,,0,111.73,0
U11577,2025-07-24,Pro,UK,Organic,Startup,7,9,2,2,1,0,,79,36.33,790
U11578,2025-07-05,Free,UK,Paid Search,Startup,9,3,2,1,0,0,,0,110.01,0
U11579,2025-03-01,Free,Australia,Paid Search,Startup,11,2,1,3,0,0,,0,83.09,0
U11580,2025-08-01,Business,US,Referral,SMB,8,8,0,5,1,0,,249,49.05,2988
U11581,2025-05-06,Pro,India,Content,SMB,11,5,1,7,0,0,,79,37.03,1027
U11582,2025-10-25,Pro,UK,Paid Search,Mid-Market,10,4,2,6,1,0,,79,105.21,790
U11583,2025-08-01,Business,UK,Content,Startup,20,5,1,10,1,0,,249,33.92,2988
U11584,2025-09-13,Free,US,Paid Search,Startup,7,6,3,3,0,0,,0,113.77,0
U11585,2025-08-14,Free,US,Organic,SMB,5,4,2,2,0,1,2026-05-09,0,19.43,0
U11586,2025-07-09,Pro,UK,Partner,Enterprise,9,4,1,7,0,0,,79,51.78,1027
U11587,2025-05-06,Pro,Germany,Content,Startup,9,8,0,4,1,0,,79,42.28,948
U11588,2025-06-14,Free,US,Content,Mid-Market,10,3,5,3,0,1,2025-10-28,0,24.33,0
U11589,2025-05-12,Pro,India,Referral,Startup,12,5,0,4,1,0,,79,33.05,1106
U11590,2025-02-20,Pro,Canada,Referral,SMB,9,5,0,4,1,1,2025-05-17,79,50.72,237
U11591,2025-07-04,Pro,India,Organic,SMB,13,5,1,3,1,1,2026-04-20,79,29.37,790
U11592,2025-07-02,Business,Australia,Referral,Mid-Market,14,10,1,5,1,0,,249,27.09,3486
U11593,2025-02-26,Free,Canada,Content,Startup,11,4,3,2,0,0,,0,31.11,0
U11594,2025-01-10,Free,Australia,Partner,SMB,12,4,3,4,0,1,2025-08-10,0,58.76,0
U11595,2025-02-19,Pro,US,Content,SMB,15,4,1,3,0,0,,79,35.0,1106
U11596,2025-04-13,Business,US,Organic,Startup,16,11,1,8,0,0,,249,30.45,3237
U11597,2025-02-19,Pro,US,Paid Search,Startup,9,5,1,5,0,1,2025-04-23,79,106.35,158
U11598,2025-01-30,Free,US,Partner,SMB,8,5,3,1,0,0,,0,76.59,0
U11599,2025-02-10,Free,Germany,Organic,Startup,12,5,0,1,0,0,,0,33.91,0
U11600,2025-10-24,Free,India,Organic,SMB,13,2,0,2,0,0,,0,37.57,0
U11601,2025-07-24,Free,Australia,Paid Search,Mid-Market,6,6,1,7,0,1,2026-01-05,0,105.76,0
U11602,2025-08-18,Pro,India,Paid Search,SMB,11,10,3,5,0,0,,79,74.12,711
U11603,2025-04-19,Free,India,Organic,SMB,8,2,0,2,0,1,2025-07-27,0,30.47,0
U11604,2025-03-17,Pro,US,Paid Search,Mid-Market,12,5,1,4,1,1,2025-05-07,79,78.19,158
U11605,2025-02-16,Pro,Germany,Partner,SMB,11,5,1,6,1,0,,79,95.62,869
U11606,2025-09-05,Pro,UK,Content,Startup,13,6,1,3,0,0,,79,31.22,1106
U11607,2025-03-28,Pro,India,Content,SMB,19,6,0,6,0,0,,79,26.92,948
U11608,2025-04-30,Pro,India,Content,SMB,15,6,0,3,0,0,,79,25.24,869
U11609,2025-04-07,Free,India,Referral,Startup,12,3,2,1,1,1,2025-09-11,0,13.97,0
U11610,2025-04-12,Pro,India,Content,SMB,8,8,1,7,0,0,,79,21.99,1106
U11611,2025-09-22,Free,Germany,Paid Search,Enterprise,4,4,1,2,0,0,,0,73.12,0
U11612,2025-07-13,Free,India,Content,Mid-Market,13,1,2,3,0,1,2025-11-16,0,36.3,0
U11613,2025-09-17,Free,Australia,Paid Search,Startup,11,3,2,1,0,1,2026-02-16,0,92.3,0
U11614,2025-03-14,Pro,Canada,Referral,Enterprise,9,6,0,4,0,0,,79,7.95,711
U11615,2025-05-21,Free,US,Content,Mid-Market,9,1,0,3,0,1,2025-08-04,0,36.88,0
U11616,2025-01-19,Free,US,Partner,Startup,7,7,1,4,1,1,2025-06-01,0,65.1,0
U11617,2025-08-20,Pro,India,Content,SMB,12,6,0,7,1,0,,79,27.61,790
U11618,2025-06-04,Free,India,Partner,Mid-Market,10,3,2,2,0,1,2025-10-23,0,74.59,0
U11619,2025-07-01,Free,Canada,Organic,Mid-Market,9,2,0,2,0,1,2025-10-23,0,29.36,0
U11620,2025-09-19,Pro,Canada,Organic,SMB,18,6,1,4,1,0,,79,20.3,790
U11621,2025-01-11,Pro,UK,Referral,Startup,23,8,2,6,0,0,,79,36.32,948
U11622,2025-03-16,Pro,US,Referral,SMB,12,4,2,3,0,0,,79,36.06,711
U11623,2025-08-25,Pro,US,Paid Search,Startup,18,5,0,5,0,0,,79,90.33,1106
U11624,2025-05-19,Pro,Australia,Organic,SMB,14,5,1,3,0,1,2026-01-12,79,38.0,632
U11625,2025-01-21,Free,India,Partner,Startup,11,4,0,3,0,0,,0,47.01,0
U11626,2025-01-20,Business,US,Referral,Enterprise,21,10,0,9,1,0,,249,40.58,3486
U11627,2025-08-28,Pro,US,Paid Search,Mid-Market,13,6,0,3,0,0,,79,74.41,790
U11628,2025-10-22,Pro,US,Content,Mid-Market,17,8,2,7,0,0,,79,51.67,948
U11629,2025-03-09,Free,Germany,Referral,Startup,13,4,0,2,0,0,,0,31.07,0
U11630,2025-02-07,Business,US,Organic,SMB,12,7,0,7,1,0,,249,52.38,2490
U11631,2025-07-29,Pro,Australia,Partner,SMB,15,7,1,4,0,0,,79,82.14,1106
U11632,2025-08-13,Pro,Australia,Organic,Startup,7,6,2,5,0,0,,79,24.35,711
U11633,2025-02-21,Pro,Australia,Organic,Mid-Market,18,7,1,3,0,0,,79,36.52,790
U11634,2025-04-19,Free,India,Organic,Mid-Market,10,7,0,4,0,0,,0,21.22,0
U11635,2025-08-17,Business,US,Referral,Startup,12,8,1,6,0,1,2026-05-16,249,47.49,2241
U11636,2025-01-26,Free,India,Referral,Startup,5,3,2,2,0,0,,0,35.68,0
U11637,2025-03-30,Business,US,Referral,SMB,20,9,3,4,1,0,,249,15.58,2988
U11638,2025-09-29,Business,Canada,Referral,SMB,13,6,0,9,0,0,,249,32.7,2988
U11639,2025-02-09,Pro,UK,Paid Search,SMB,7,7,1,2,0,1,2025-04-25,79,79.96,158
U11640,2025-02-01,Pro,UK,Partner,Mid-Market,17,6,1,4,1,0,,79,80.38,1106
U11641,2025-08-21,Free,US,Organic,SMB,8,4,1,1,0,0,,0,23.35,0
U11642,2025-01-20,Free,US,Organic,SMB,12,2,2,3,0,0,,0,40.34,0
U11643,2025-03-19,Free,UK,Paid Search,SMB,7,6,2,5,0,1,2025-08-25,0,124.35,0
U11644,2025-04-24,Pro,US,Content,SMB,14,8,1,5,0,0,,79,38.16,790
U11645,2025-10-23,Pro,US,Referral,Mid-Market,15,9,1,2,0,0,,79,23.04,1106
U11646,2025-02-17,Pro,US,Organic,Startup,18,8,0,3,0,1,2025-11-14,79,31.34,711
U11647,2025-05-19,Business,Canada,Organic,Mid-Market,19,9,0,9,1,0,,249,38.96,2739
U11648,2025-07-30,Pro,Canada,Organic,Startup,12,7,1,4,1,1,2025-09-21,79,33.14,158
U11649,2025-02-10,Free,US,Organic,SMB,8,5,2,2,0,0,,0,25.03,0
U11650,2025-10-02,Free,Canada,Organic,SMB,10,1,0,1,0,1,2026-03-10,0,21.46,0
U11651,2025-09-11,Free,India,Partner,SMB,5,2,1,1,0,1,2026-06-06,0,62.48,0
U11652,2025-02-22,Business,Canada,Referral,Mid-Market,12,10,0,11,1,0,,249,30.71,3237
U11653,2025-08-26,Pro,UK,Paid Search,SMB,17,5,1,3,1,0,,79,84.81,711
U11654,2025-08-21,Free,India,Content,SMB,13,3,2,2,0,0,,0,31.95,0
U11655,2025-08-26,Free,Canada,Content,Startup,10,3,4,2,0,1,2026-02-05,0,37.05,0
U11656,2025-06-01,Free,Canada,Partner,SMB,11,3,1,5,0,1,2026-01-12,0,55.44,0
U11657,2025-07-17,Free,India,Referral,Startup,9,3,1,2,0,0,,0,41.2,0
U11658,2025-02-02,Free,India,Organic,Startup,6,3,0,3,0,1,2025-12-03,0,36.02,0
U11659,2025-07-09,Free,India,Content,Startup,9,3,4,2,0,1,2025-12-05,0,32.28,0
U11660,2025-05-11,Free,India,Organic,SMB,14,5,1,1,0,0,,0,32.62,0
U11661,2025-06-14,Pro,UK,Organic,SMB,11,4,2,2,1,0,,79,50.66,1027
U11662,2025-06-19,Free,Canada,Organic,Startup,8,3,2,1,0,1,2025-09-25,0,40.44,0
U11663,2025-02-25,Business,Canada,Content,SMB,15,12,0,11,1,0,,249,11.61,3237
U11664,2025-03-26,Pro,Germany,Content,Mid-Market,10,4,2,2,0,0,,79,28.71,790
U11665,2025-03-15,Free,UK,Content,SMB,7,5,0,6,0,0,,0,32.0,0
U11666,2025-02-05,Free,UK,Partner,Enterprise,7,2,5,3,0,1,2025-08-03,0,76.67,0
U11667,2025-02-26,Free,US,Partner,SMB,6,4,2,2,0,0,,0,46.67,0
U11668,2025-06-21,Free,US,Organic,Startup,9,4,2,1,0,0,,0,46.36,0
U11669,2025-03-17,Pro,US,Organic,SMB,8,6,0,7,1,0,,79,46.24,711
U11670,2025-09-11,Free,US,Paid Search,SMB,9,3,0,1,0,0,,0,83.06,0
U11671,2025-01-23,Business,Canada,Content,Mid-Market,10,8,1,5,0,0,,249,40.0,2490
U11672,2025-04-18,Free,Australia,Organic,Startup,8,5,1,2,0,0,,0,29.84,0
U11673,2025-09-21,Free,Canada,Organic,Enterprise,8,3,2,1,0,0,,0,26.78,0
U11674,2025-01-19,Free,Australia,Paid Search,Startup,8,6,0,3,0,1,2025-11-27,0,88.45,0
U11675,2025-07-05,Pro,Canada,Organic,Startup,10,9,4,2,0,0,,79,26.61,1027
U11676,2025-07-04,Pro,UK,Paid Search,Startup,6,6,1,2,0,0,,79,123.17,711
U11677,2025-09-16,Free,India,Referral,Enterprise,13,4,2,1,0,0,,0,54.47,0
U11678,2025-10-10,Free,India,Content,SMB,12,5,0,2,0,0,,0,52.83,0
U11679,2025-03-17,Free,Germany,Paid Search,SMB,5,4,2,2,0,0,,0,105.57,0
U11680,2025-10-20,Free,US,Referral,Startup,8,2,1,3,0,1,2026-01-06,0,33.9,0
U11681,2025-01-11,Free,US,Paid Search,SMB,14,4,3,2,0,0,,0,91.22,0
U11682,2025-09-11,Pro,India,Organic,Startup,13,8,2,3,0,0,,79,29.34,869
U11683,2025-04-15,Free,US,Partner,Startup,7,4,0,3,0,0,,0,55.5,0
U11684,2025-01-31,Pro,US,Partner,SMB,12,10,3,3,0,0,,79,81.42,948
U11685,2025-06-08,Business,US,Paid Search,Mid-Market,10,7,0,12,0,0,,249,93.25,2739
U11686,2025-05-30,Free,UK,Partner,Startup,10,6,1,2,0,0,,0,72.69,0
U11687,2025-02-27,Pro,US,Organic,Startup,18,6,2,8,0,0,,79,41.02,948
U11688,2025-06-03,Free,US,Organic,Startup,9,2,2,2,0,0,,0,26.6,0
U11689,2025-10-12,Free,US,Referral,SMB,7,1,1,1,0,0,,0,37.61,0
U11690,2025-02-13,Free,US,Referral,Startup,8,5,1,2,0,0,,0,27.82,0
U11691,2025-05-18,Free,US,Referral,Mid-Market,11,4,3,2,0,0,,0,31.44,0
U11692,2025-01-23,Business,Germany,Content,Startup,11,9,1,9,0,1,2025-08-08,249,49.02,1743
U11693,2025-03-30,Pro,Germany,Referral,Mid-Market,10,7,0,4,1,0,,79,60.41,1106
U11694,2025-07-09,Pro,India,Paid Search,Mid-Market,16,5,2,6,0,0,,79,88.94,948
U11695,2025-02-02,Free,US,Organic,Mid-Market,6,4,1,2,1,0,,0,28.22,0
U11696,2025-01-20,Pro,India,Referral,Startup,16,8,0,11,0,1,2025-11-24,79,35.58,790
U11697,2025-08-16,Free,India,Paid Search,Mid-Market,11,1,0,3,0,0,,0,92.68,0
U11698,2025-09-24,Pro,India,Organic,Startup,17,4,1,11,0,0,,79,52.55,790
U11699,2025-04-25,Pro,India,Paid Search,SMB,14,5,1,3,0,1,2025-10-25,79,102.42,474
U11700,2025-05-22,Pro,India,Content,Startup,9,5,1,4,0,0,,79,58.52,948
U11701,2025-09-18,Pro,US,Organic,SMB,16,5,1,6,0,1,2025-11-07,79,51.67,158
U11702,2025-02-03,Free,Canada,Content,SMB,8,4,2,3,0,1,2025-12-15,0,35.94,0
U11703,2025-08-02,Free,India,Paid Search,Startup,11,1,1,1,0,1,2025-10-02,0,97.96,0
U11704,2025-04-21,Free,Canada,Partner,Mid-Market,8,4,0,2,0,0,,0,66.61,0
U11705,2025-08-31,Free,US,Organic,SMB,5,4,1,4,0,0,,0,22.25,0
U11706,2025-07-19,Free,Australia,Paid Search,Mid-Market,9,5,3,1,0,0,,0,74.01,0
U11707,2025-01-02,Pro,Australia,Content,SMB,17,7,0,3,1,0,,79,39.77,711
U11708,2025-03-11,Free,Germany,Organic,SMB,7,4,0,2,0,0,,0,31.62,0
U11709,2025-10-06,Pro,UK,Paid Search,Mid-Market,11,7,1,1,1,0,,79,126.96,948
U11710,2025-03-08,Free,India,Organic,Enterprise,6,1,1,3,0,1,2025-05-16,0,11.71,0
U11711,2025-09-15,Pro,UK,Organic,SMB,13,9,1,6,0,0,,79,36.56,711
U11712,2025-04-17,Free,US,Paid Search,Startup,11,6,2,3,0,1,2025-12-01,0,127.23,0
U11713,2025-05-28,Business,India,Partner,SMB,13,7,0,5,1,0,,249,55.8,2490
U11714,2025-02-24,Pro,US,Organic,SMB,23,1,0,2,1,0,,79,29.95,948
U11715,2025-03-02,Free,Canada,Content,SMB,3,2,1,1,0,0,,0,30.22,0
U11716,2025-01-08,Free,UK,Referral,SMB,9,3,2,5,0,0,,0,38.35,0
U11717,2025-09-11,Free,UK,Paid Search,Mid-Market,7,3,2,2,0,0,,0,93.88,0
U11718,2025-10-22,Pro,India,Referral,Startup,12,6,0,5,0,1,2026-08-10,79,22.23,790
U11719,2025-04-30,Pro,India,Organic,Mid-Market,10,6,2,3,0,0,,79,6.81,1027
U11720,2025-07-20,Free,UK,Organic,SMB,7,4,3,2,0,0,,0,27.22,0
U11721,2025-10-08,Pro,US,Organic,Mid-Market,9,7,2,8,1,1,2026-04-25,79,43.69,553
U11722,2025-09-11,Free,US,Content,SMB,5,1,2,3,0,1,2026-07-16,0,32.71,0
U11723,2025-06-08,Pro,India,Paid Search,Startup,12,9,0,3,1,1,2025-09-17,79,63.86,237
U11724,2025-07-16,Free,UK,Partner,Startup,12,2,0,2,0,0,,0,79.62,0
U11725,2025-08-14,Business,India,Organic,SMB,18,9,1,11,1,1,2026-04-02,249,47.06,1992
U11726,2025-03-12,Pro,India,Organic,Startup,15,9,0,8,1,0,,79,23.14,948
U11727,2025-07-11,Free,US,Content,SMB,10,3,2,1,0,0,,0,33.41,0
U11728,2025-07-14,Free,US,Organic,Mid-Market,12,5,0,1,0,1,2026-03-16,0,32.45,0
U11729,2025-04-13,Pro,Australia,Paid Search,Startup,12,6,1,4,0,0,,79,120.07,790
U11730,2025-05-29,Free,Australia,Partner,Startup,9,2,0,2,0,0,,0,63.51,0
U11731,2025-08-10,Free,US,Paid Search,Startup,13,1,3,1,0,1,2026-02-28,0,77.43,0
U11732,2025-03-13,Pro,India,Referral,Mid-Market,12,5,1,1,0,1,2025-09-22,79,38.81,474
U11733,2025-08-09,Free,India,Paid Search,SMB,7,2,0,3,0,0,,0,79.36,0
U11734,2025-05-06,Pro,UK,Referral,SMB,14,8,1,8,1,0,,79,26.72,1027
U11735,2025-08-13,Business,Canada,Paid Search,Enterprise,14,6,0,9,0,1,2026-05-19,249,68.59,2241
U11736,2025-04-26,Free,Canada,Content,Startup,12,4,1,1,0,0,,0,39.19,0
U11737,2025-02-19,Pro,UK,Content,SMB,7,9,5,3,1,0,,79,22.6,869
U11738,2025-10-23,Free,Australia,Content,SMB,5,1,0,2,1,1,2026-04-03,0,29.52,0
U11739,2025-02-24,Pro,US,Organic,Startup,14,6,1,3,0,0,,79,38.29,790
U11740,2025-09-15,Business,UK,Referral,Startup,11,7,0,9,1,0,,249,29.18,3486
U11741,2025-03-26,Free,India,Content,SMB,6,6,2,3,0,1,2025-05-24,0,44.07,0
U11742,2025-03-12,Business,Canada,Content,Mid-Market,14,8,0,6,0,0,,249,36.72,3237
U11743,2025-04-03,Free,US,Organic,Enterprise,9,2,0,1,0,0,,0,57.72,0
U11744,2025-01-10,Free,Australia,Paid Search,Mid-Market,6,3,2,2,0,1,2025-11-30,0,120.52,0
U11745,2025-07-06,Free,Germany,Paid Search,Startup,13,5,3,2,0,0,,0,107.41,0
U11746,2025-07-01,Free,UK,Content,SMB,10,3,1,2,1,1,2025-08-21,0,18.53,0
U11747,2025-03-16,Business,India,Content,SMB,10,11,0,11,0,1,2025-06-12,249,27.09,747
U11748,2025-01-06,Pro,Canada,Organic,Startup,11,4,3,3,1,0,,79,29.92,711
U11749,2025-02-02,Business,US,Referral,SMB,18,10,1,9,1,0,,249,39.58,3237
U11750,2025-10-06,Free,India,Content,SMB,8,4,0,1,0,0,,0,29.49,0
U11751,2025-01-30,Pro,Canada,Referral,Startup,12,6,3,5,0,1,2025-07-04,79,28.26,395
U11752,2025-10-25,Free,US,Organic,Startup,7,2,0,1,0,0,,0,22.3,0
U11753,2025-08-24,Free,Germany,Organic,Mid-Market,6,4,2,4,0,0,,0,29.21,0
U11754,2025-05-19,Free,Germany,Content,Mid-Market,10,5,1,4,0,1,2025-08-17,0,36.63,0
U11755,2025-09-03,Free,US,Referral,Startup,9,4,1,1,0,1,2025-12-03,0,24.95,0
U11756,2025-02-09,Pro,Germany,Paid Search,SMB,7,6,2,4,0,1,2025-09-02,79,119.91,553
U11757,2025-10-24,Business,UK,Organic,Enterprise,15,11,0,12,1,0,,249,34.35,2241
U11758,2025-07-16,Free,India,Organic,Enterprise,6,3,3,2,1,0,,0,38.03,0
U11759,2025-04-25,Free,US,Referral,Mid-Market,3,3,2,3,0,1,2025-12-28,0,43.02,0
U11760,2025-09-20,Free,US,Referral,SMB,5,2,0,2,0,1,2025-12-08,0,39.05,0
U11761,2025-01-26,Free,UK,Referral,Mid-Market,11,5,0,4,0,0,,0,38.05,0
U11762,2025-06-29,Free,India,Organic,SMB,9,1,3,4,0,0,,0,54.19,0
U11763,2025-06-13,Pro,Australia,Paid Search,Mid-Market,9,7,1,2,1,0,,79,73.26,711
U11764,2025-08-30,Business,India,Organic,Startup,13,9,1,8,0,0,,249,30.07,2241
U11765,2025-01-25,Pro,India,Organic,SMB,19,4,0,5,1,1,2025-07-12,79,26.08,474
U11766,2025-08-16,Pro,US,Organic,Startup,14,9,1,2,1,0,,79,43.36,869
U11767,2025-01-01,Free,US,Organic,Startup,8,4,1,2,0,0,,0,20.77,0
U11768,2025-02-05,Pro,US,Partner,Enterprise,8,5,1,4,0,0,,79,83.86,711
U11769,2025-07-29,Business,India,Content,Mid-Market,11,9,2,9,1,0,,249,21.19,2241
U11770,2025-06-29,Pro,US,Content,Mid-Market,5,6,2,6,0,1,2026-02-21,79,38.35,632
U11771,2025-02-08,Pro,Germany,Referral,Mid-Market,11,3,2,6,1,0,,79,50.51,948
U11772,2025-04-12,Free,UK,Content,Mid-Market,6,3,3,4,0,1,2025-05-13,0,19.86,0
U11773,2025-03-04,Pro,US,Referral,Startup,7,3,2,4,0,1,2025-09-21,79,24.64,553
U11774,2025-10-13,Pro,UK,Content,Startup,13,5,1,3,0,0,,79,35.33,1106
U11775,2025-06-17,Free,Germany,Organic,Startup,5,6,0,2,0,1,2025-09-23,0,52.55,0
U11776,2025-08-16,Free,Canada,Organic,Startup,8,4,2,1,0,1,2025-10-16,0,36.18,0
U11777,2025-01-30,Pro,US,Paid Search,SMB,12,8,3,6,1,0,,79,71.31,1106
U11778,2025-01-31,Free,US,Organic,Startup,10,3,1,2,0,1,2025-10-04,0,34.15,0
U11779,2025-10-07,Pro,India,Content,Mid-Market,15,7,2,5,0,1,2026-03-08,79,26.05,395
U11780,2025-04-08,Pro,Canada,Organic,Startup,15,7,1,5,1,0,,79,23.45,1027
U11781,2025-03-18,Pro,UK,Referral,SMB,18,5,0,3,1,0,,79,26.86,790
U11782,2025-05-11,Pro,US,Paid Search,Mid-Market,13,6,0,13,1,1,2026-01-17,79,74.41,632
U11783,2025-03-25,Free,US,Paid Search,Startup,5,2,0,1,0,1,2025-09-08,0,88.32,0
U11784,2025-10-19,Pro,US,Partner,Mid-Market,13,4,0,4,0,0,,79,45.75,948
U11785,2025-04-22,Free,India,Partner,Enterprise,3,3,3,3,0,0,,0,66.9,0
U11786,2025-08-12,Pro,India,Organic,SMB,11,8,1,6,0,0,,79,25.3,948
U11787,2025-10-07,Free,US,Content,Enterprise,9,3,0,1,0,0,,0,46.99,0
U11788,2025-09-07,Pro,Canada,Partner,Mid-Market,6,6,1,3,0,0,,79,77.14,1027
U11789,2025-05-23,Business,Germany,Content,SMB,16,4,3,8,0,0,,249,24.86,2241
U11790,2025-02-24,Pro,India,Organic,Mid-Market,14,4,2,5,0,0,,79,42.98,1106
U11791,2025-01-27,Pro,India,Organic,Startup,17,8,0,3,1,0,,79,22.84,869
U11792,2025-06-21,Free,UK,Referral,Mid-Market,8,2,3,1,0,0,,0,28.97,0
U11793,2025-03-04,Free,US,Referral,SMB,14,3,1,2,0,0,,0,18.92,0
U11794,2025-08-07,Free,Australia,Referral,Startup,11,4,3,2,0,0,,0,40.87,0
U11795,2025-08-02,Pro,India,Organic,Mid-Market,16,7,1,6,0,0,,79,43.68,1106
U11796,2025-03-31,Pro,Canada,Partner,Mid-Market,9,8,1,4,0,0,,79,62.71,948
U11797,2025-04-12,Free,UK,Referral,SMB,9,8,1,3,1,0,,0,35.26,0
U11798,2025-10-11,Free,Australia,Organic,Startup,9,5,0,2,0,0,,0,51.79,0
U11799,2025-02-10,Pro,UK,Organic,Mid-Market,14,7,0,3,0,0,,79,26.47,948
U11800,2025-03-12,Pro,Germany,Organic,SMB,11,6,3,2,0,0,,79,31.39,1027
U11801,2025-08-19,Free,Canada,Organic,Startup,11,4,3,3,0,0,,0,39.9,0
U11802,2025-09-14,Free,India,Paid Search,Mid-Market,1,5,1,6,0,0,,0,132.4,0
U11803,2025-10-08,Pro,Germany,Paid Search,Startup,12,7,1,8,0,0,,79,62.94,1106
U11804,2025-08-25,Pro,US,Partner,Startup,19,5,2,6,1,0,,79,74.57,790
U11805,2025-06-21,Free,US,Organic,Startup,5,3,1,5,1,0,,0,46.98,0
U11806,2025-10-10,Free,India,Referral,Mid-Market,8,6,1,2,0,0,,0,33.92,0
U11807,2025-01-08,Free,India,Organic,Startup,11,6,0,3,1,0,,0,33.01,0
U11808,2025-09-02,Free,US,Organic,Enterprise,6,5,3,4,0,0,,0,41.97,0
U11809,2025-03-10,Free,India,Paid Search,SMB,5,2,4,3,0,1,2025-05-11,0,99.7,0
U11810,2025-07-19,Business,India,Organic,Startup,16,11,1,9,0,0,,249,25.23,1992
U11811,2025-07-28,Business,UK,Referral,Mid-Market,12,11,0,11,1,0,,249,30.9,2490
U11812,2025-07-07,Free,US,Partner,Startup,13,6,2,4,1,0,,0,57.17,0
U11813,2025-06-04,Pro,Germany,Content,Startup,13,5,0,7,0,0,,79,29.67,1027
U11814,2025-02-26,Free,India,Content,SMB,11,2,0,1,1,0,,0,32.56,0
U11815,2025-10-02,Free,Australia,Paid Search,SMB,10,4,1,2,0,0,,0,87.64,0
U11816,2025-01-28,Pro,UK,Paid Search,Startup,8,8,0,2,0,0,,79,88.62,869
U11817,2025-01-14,Pro,Canada,Organic,Mid-Market,12,5,0,3,0,0,,79,25.1,948
U11818,2025-05-05,Free,India,Partner,SMB,11,5,0,4,0,1,2025-12-26,0,83.12,0
U11819,2025-08-15,Pro,Germany,Content,Enterprise,11,5,3,7,0,0,,79,30.25,948
U11820,2025-05-03,Pro,US,Referral,SMB,19,5,1,4,0,0,,79,42.23,869
U11821,2025-10-13,Free,India,Referral,SMB,9,5,1,4,0,1,2026-05-25,0,58.92,0
U11822,2025-04-07,Free,US,Referral,Startup,5,6,1,3,0,0,,0,29.94,0
U11823,2025-06-23,Pro,Canada,Referral,Startup,11,10,1,5,1,0,,79,23.62,711
U11824,2025-05-06,Pro,India,Paid Search,Mid-Market,8,8,1,5,0,0,,79,90.97,1027
U11825,2025-02-09,Pro,US,Organic,Startup,15,5,1,3,0,0,,79,44.96,1106
U11826,2025-04-18,Free,India,Paid Search,Startup,12,1,1,3,0,1,2025-08-16,0,127.97,0
U11827,2025-10-17,Pro,US,Paid Search,SMB,9,5,1,3,0,1,2026-07-21,79,85.7,711
U11828,2025-02-23,Free,Australia,Content,Startup,8,6,0,2,0,1,2025-06-27,0,18.21,0
U11829,2025-02-07,Free,US,Paid Search,Mid-Market,6,1,2,1,0,0,,0,101.47,0
U11830,2025-07-27,Free,India,Organic,Startup,8,5,0,3,0,0,,0,30.81,0
U11831,2025-06-11,Pro,India,Partner,Startup,12,7,3,8,0,1,2025-12-08,79,65.93,474
U11832,2025-03-20,Free,India,Organic,Startup,8,2,1,4,0,1,2025-12-18,0,31.1,0
U11833,2025-08-15,Free,US,Paid Search,Startup,10,7,3,4,0,0,,0,102.8,0
U11834,2025-05-16,Pro,India,Paid Search,Startup,10,9,1,5,0,0,,79,103.81,1106
U11835,2025-05-11,Free,Australia,Partner,SMB,6,5,3,3,1,0,,0,71.15,0
U11836,2025-09-02,Free,Australia,Organic,SMB,11,2,1,2,0,0,,0,30.39,0
U11837,2025-10-22,Free,India,Paid Search,SMB,9,7,0,1,0,0,,0,118.63,0
U11838,2025-02-02,Business,Canada,Paid Search,Startup,16,7,0,7,0,0,,249,104.01,3237
U11839,2025-01-26,Free,Germany,Partner,Startup,8,4,0,4,0,0,,0,70.42,0
U11840,2025-09-18,Pro,US,Organic,Mid-Market,14,4,0,4,1,1,2026-01-26,79,47.93,316
U11841,2025-03-10,Pro,Germany,Partner,Startup,16,6,1,2,0,0,,79,68.5,790
U11842,2025-10-15,Free,Germany,Referral,SMB,9,4,1,2,0,1,2026-04-01,0,51.68,0
U11843,2025-01-29,Free,Canada,Organic,Startup,7,9,1,3,0,0,,0,30.96,0
U11844,2025-06-24,Free,Germany,Partner,SMB,10,4,2,6,0,0,,0,92.45,0
U11845,2025-07-20,Free,Australia,Content,Startup,5,2,3,2,1,1,2025-08-24,0,35.76,0
U11846,2025-06-14,Pro,US,Referral,Startup,9,5,2,3,0,1,2026-04-23,79,28.18,790
U11847,2025-03-15,Free,Canada,Partner,Mid-Market,5,3,1,1,0,0,,0,58.56,0
U11848,2025-04-04,Business,India,Organic,Mid-Market,11,8,1,12,0,0,,249,50.24,2490
U11849,2025-09-06,Free,Canada,Paid Search,Startup,6,5,1,2,0,1,2025-10-15,0,109.62,0
U11850,2025-01-06,Business,India,Organic,SMB,19,8,1,8,0,0,,249,32.58,3237
U11851,2025-01-22,Business,Canada,Organic,Startup,16,5,2,9,1,0,,249,27.94,3237
U11852,2025-07-10,Free,India,Paid Search,SMB,8,3,2,4,0,0,,0,91.96,0
U11853,2025-04-18,Free,India,Referral,SMB,11,1,1,1,0,0,,0,25.99,0
U11854,2025-01-03,Pro,India,Paid Search,SMB,11,6,1,6,0,0,,79,118.85,1106
U11855,2025-08-02,Free,US,Organic,SMB,8,6,2,1,0,0,,0,26.99,0
U11856,2025-10-21,Pro,Canada,Content,Mid-Market,11,8,2,5,0,0,,79,48.57,1106
U11857,2025-02-17,Business,India,Content,Mid-Market,15,8,0,7,1,0,,249,36.17,2988
U11858,2025-02-03,Pro,UK,Organic,SMB,16,4,0,5,1,0,,79,34.29,711
U11859,2025-10-26,Pro,India,Partner,SMB,16,5,1,4,0,0,,79,68.18,790
U11860,2025-08-22,Free,US,Referral,Enterprise,9,2,0,3,0,0,,0,31.7,0
U11861,2025-01-28,Pro,India,Paid Search,Enterprise,7,3,1,3,0,0,,79,61.29,1027
U11862,2025-01-05,Pro,Australia,Organic,Mid-Market,8,7,0,5,0,0,,79,34.04,1027
U11863,2025-01-23,Free,India,Referral,Mid-Market,11,4,0,3,0,1,2025-11-02,0,27.76,0
U11864,2025-10-06,Pro,US,Organic,Enterprise,10,8,0,2,0,0,,79,45.8,869
U11865,2025-02-26,Free,India,Partner,Startup,8,3,3,1,0,1,2026-01-04,0,90.15,0
U11866,2025-01-05,Pro,Australia,Paid Search,SMB,13,5,3,5,0,0,,79,116.48,1106
U11867,2025-04-29,Business,Germany,Organic,Mid-Market,12,11,3,6,0,0,,249,51.67,2739
U11868,2025-05-06,Pro,US,Organic,SMB,9,8,0,6,0,0,,79,48.51,632
U11869,2025-02-18,Business,US,Organic,Mid-Market,15,9,2,6,0,0,,249,17.51,2241
U11870,2025-01-30,Free,UK,Paid Search,Startup,10,4,2,2,0,1,2025-12-13,0,66.13,0
U11871,2025-06-24,Pro,Canada,Partner,Enterprise,17,10,3,6,0,0,,79,70.65,869
U11872,2025-05-22,Free,India,Paid Search,SMB,7,3,3,2,0,1,2025-11-23,0,109.37,0
U11873,2025-10-03,Free,India,Content,Startup,10,8,2,4,0,1,2026-01-26,0,31.56,0
U11874,2025-08-28,Pro,Germany,Partner,Startup,13,7,3,6,1,0,,79,68.62,711
U11875,2025-07-13,Pro,India,Paid Search,Startup,13,9,0,8,0,0,,79,74.73,790
U11876,2025-03-31,Business,India,Partner,SMB,17,10,0,8,1,0,,249,53.63,3486
U11877,2025-06-22,Free,India,Organic,SMB,8,4,1,2,0,0,,0,27.38,0
U11878,2025-03-22,Pro,India,Organic,SMB,11,5,2,2,0,0,,79,35.7,632
U11879,2025-05-21,Free,Canada,Organic,Mid-Market,5,4,1,3,0,0,,0,20.84,0
U11880,2025-05-31,Business,US,Partner,Startup,15,10,1,4,0,1,2025-08-09,249,73.54,498
U11881,2025-07-31,Free,US,Partner,Startup,8,5,1,1,0,1,2026-04-29,0,81.55,0
U11882,2025-08-24,Free,Germany,Referral,Startup,9,2,1,2,0,0,,0,30.94,0
U11883,2025-07-13,Pro,India,Partner,SMB,10,5,2,4,1,0,,79,79.76,1027
U11884,2025-07-22,Pro,India,Organic,SMB,8,5,0,3,0,1,2025-09-29,79,42.82,158
U11885,2025-10-02,Business,UK,Content,Enterprise,18,9,0,7,1,0,,249,32.74,3237
U11886,2025-08-15,Free,India,Paid Search,Mid-Market,7,1,0,5,0,0,,0,57.5,0
U11887,2025-04-15,Free,Germany,Paid Search,Startup,9,4,1,2,0,0,,0,59.63,0
U11888,2025-08-20,Free,UK,Referral,Mid-Market,11,6,3,3,0,0,,0,20.33,0
U11889,2025-09-01,Free,US,Partner,Mid-Market,6,1,1,1,0,0,,0,44.58,0
U11890,2025-09-07,Pro,Germany,Organic,Mid-Market,7,7,1,5,0,1,2025-11-15,79,55.29,158
U11891,2025-04-29,Pro,US,Organic,SMB,10,7,0,6,0,0,,79,32.59,711
U11892,2025-06-10,Pro,Australia,Paid Search,Mid-Market,15,4,3,3,0,1,2025-09-01,79,94.6,237
U11893,2025-01-23,Pro,Canada,Organic,Mid-Market,12,5,3,4,1,0,,79,24.21,948
U11894,2025-06-17,Pro,US,Organic,Startup,15,7,1,5,1,0,,79,6.41,948
U11895,2025-07-19,Pro,India,Referral,Enterprise,10,9,2,7,0,1,2025-08-22,79,37.85,79
U11896,2025-07-26,Free,US,Content,Startup,10,1,1,3,0,1,2026-06-14,0,35.52,0
U11897,2025-06-05,Free,India,Referral,Startup,9,4,1,3,0,1,2025-09-27,0,32.15,0
U11898,2025-06-25,Free,India,Organic,Mid-Market,6,2,3,2,0,0,,0,28.3,0
U11899,2025-04-10,Free,India,Referral,Mid-Market,15,1,0,2,0,1,2025-07-23,0,37.12,0
U11900,2025-04-12,Free,India,Content,Startup,8,1,1,3,0,1,2026-01-28,0,17.01,0
U11901,2025-01-26,Pro,India,Referral,Mid-Market,13,6,0,3,0,1,2025-07-15,79,31.78,474
U11902,2025-04-10,Pro,Germany,Paid Search,Mid-Market,12,7,1,6,0,1,2025-10-19,79,95.35,474
U11903,2025-06-08,Free,UK,Paid Search,SMB,8,2,0,2,0,0,,0,69.91,0
U11904,2025-01-02,Free,India,Content,Startup,4,1,3,2,0,0,,0,25.96,0
U11905,2025-10-12,Pro,US,Paid Search,Mid-Market,9,7,2,2,0,1,2026-04-19,79,106.01,474
U11906,2025-10-08,Business,India,Content,Startup,20,8,1,6,1,0,,249,26.76,2739
U11907,2025-03-18,Pro,US,Partner,Mid-Market,10,5,1,6,1,0,,79,100.5,1106
U11908,2025-06-02,Pro,India,Organic,Startup,14,6,0,3,1,0,,79,41.52,869
U11909,2025-04-09,Business,US,Partner,Mid-Market,21,8,1,15,1,0,,249,50.65,2739
U11910,2025-01-24,Pro,US,Partner,SMB,10,8,0,5,0,0,,79,69.65,790
U11911,2025-06-22,Free,India,Paid Search,Mid-Market,8,5,1,3,0,0,,0,76.41,0
U11912,2025-09-28,Free,US,Organic,SMB,4,3,1,1,0,1,2026-02-27,0,33.31,0
U11913,2025-04-19,Pro,UK,Organic,Mid-Market,10,5,0,4,1,0,,79,57.13,1027
U11914,2025-07-20,Pro,India,Organic,Startup,11,8,1,2,1,0,,79,35.99,1027
U11915,2025-02-25,Pro,US,Referral,Mid-Market,18,8,0,5,0,0,,79,29.18,1027
U11916,2025-10-19,Pro,Australia,Organic,Startup,11,5,1,6,0,0,,79,48.79,948
U11917,2025-08-03,Business,Canada,Paid Search,Mid-Market,16,8,2,10,1,0,,249,47.12,2988
U11918,2025-02-16,Free,US,Referral,SMB,9,1,3,1,0,0,,0,37.07,0
U11919,2025-07-12,Free,UK,Content,SMB,8,1,0,2,0,0,,0,56.65,0
U11920,2025-04-29,Free,Germany,Paid Search,Mid-Market,11,4,3,4,0,0,,0,109.93,0
U11921,2025-09-18,Pro,India,Referral,Mid-Market,14,5,0,4,1,0,,79,33.99,632
U11922,2025-03-13,Pro,Germany,Referral,Mid-Market,8,8,1,2,1,0,,79,38.81,869
U11923,2025-08-27,Pro,India,Partner,Mid-Market,8,7,0,6,1,1,2026-05-09,79,69.33,632
U11924,2025-04-19,Free,Australia,Paid Search,Mid-Market,12,3,1,1,0,0,,0,104.31,0
U11925,2025-08-20,Free,Canada,Organic,SMB,7,8,1,2,1,1,2026-05-22,0,29.84,0
U11926,2025-03-05,Pro,Australia,Organic,Startup,15,5,0,2,1,0,,79,47.85,790
U11927,2025-01-14,Pro,Australia,Paid Search,SMB,12,7,2,4,0,0,,79,73.17,711
U11928,2025-02-18,Pro,US,Referral,Mid-Market,12,7,1,4,0,1,2025-08-30,79,35.11,474
U11929,2025-02-23,Free,India,Organic,SMB,9,2,1,1,0,0,,0,23.37,0
U11930,2025-07-07,Pro,Canada,Paid Search,Enterprise,12,7,0,5,0,0,,79,97.17,711
U11931,2025-05-05,Pro,India,Referral,Mid-Market,22,3,1,3,1,0,,79,28.07,790
U11932,2025-01-28,Free,US,Paid Search,SMB,8,2,1,2,0,1,2025-12-17,0,103.06,0
U11933,2025-08-07,Pro,US,Content,Mid-Market,13,2,1,6,0,0,,79,46.18,948
U11934,2025-04-13,Free,US,Paid Search,Startup,10,6,1,3,0,0,,0,121.77,0
U11935,2025-10-21,Pro,Canada,Partner,Startup,16,5,0,4,0,0,,79,58.54,869
U11936,2025-05-13,Pro,US,Paid Search,SMB,12,6,3,3,0,0,,79,112.63,711
U11937,2025-10-17,Free,India,Referral,SMB,5,4,1,2,0,0,,0,32.72,0
U11938,2025-10-20,Free,Australia,Referral,Startup,9,2,2,4,1,1,2026-01-16,0,32.48,0
U11939,2025-07-03,Free,Germany,Organic,SMB,10,3,2,1,0,1,2026-04-03,0,36.49,0
U11940,2025-06-23,Free,India,Paid Search,SMB,9,5,0,2,0,0,,0,76.15,0
U11941,2025-05-16,Pro,US,Partner,Enterprise,15,6,1,4,0,0,,79,42.17,948
U11942,2025-03-28,Free,India,Organic,Mid-Market,8,4,1,2,0,0,,0,22.76,0
U11943,2025-04-08,Pro,UK,Organic,Startup,13,6,0,4,0,0,,79,25.05,790
U11944,2025-03-28,Pro,US,Partner,SMB,14,7,1,7,0,0,,79,68.77,1027
U11945,2025-10-27,Free,Canada,Referral,Enterprise,8,6,1,1,0,0,,0,42.22,0
U11946,2025-09-05,Pro,India,Partner,SMB,13,9,1,5,0,0,,79,76.27,1106
U11947,2025-02-05,Free,US,Paid Search,Startup,6,4,2,5,0,1,2025-07-18,0,99.36,0
U11948,2025-08-22,Free,Australia,Paid Search,Mid-Market,10,4,2,6,0,0,,0,109.11,0
U11949,2025-07-06,Pro,UK,Content,Mid-Market,12,5,3,4,0,1,2025-08-12,79,33.77,79
U11950,2025-06-17,Free,India,Organic,Startup,8,3,0,2,1,0,,0,37.77,0
U11951,2025-04-02,Free,India,Partner,SMB,6,2,0,2,0,1,2025-10-24,0,106.07,0
U11952,2025-07-16,Free,Canada,Referral,Startup,9,3,2,2,0,1,2025-11-29,0,37.96,0
U11953,2025-06-24,Free,US,Partner,Startup,12,6,2,3,0,0,,0,62.32,0
U11954,2025-06-06,Pro,Canada,Organic,SMB,10,6,2,5,1,0,,79,18.11,1027
U11955,2025-05-10,Pro,US,Organic,SMB,8,7,2,5,1,0,,79,19.39,1027
U11956,2025-10-26,Pro,UK,Organic,Mid-Market,16,6,1,1,0,0,,79,24.32,790
U11957,2025-08-20,Pro,UK,Content,SMB,13,2,0,7,0,1,2026-01-03,79,50.41,395
U11958,2025-10-24,Pro,US,Content,Startup,11,6,1,6,1,0,,79,46.15,1027
U11959,2025-02-17,Pro,US,Organic,Enterprise,11,9,1,2,1,0,,79,34.88,948
U11960,2025-09-22,Business,UK,Paid Search,Startup,16,4,1,12,0,1,2026-03-15,249,79.99,1494
U11961,2025-01-05,Free,India,Paid Search,Enterprise,3,4,0,3,0,1,2025-08-22,0,104.86,0
U11962,2025-07-07,Pro,India,Referral,SMB,12,6,0,4,0,1,2026-02-09,79,26.36,553
U11963,2025-08-08,Pro,India,Organic,Mid-Market,18,8,2,9,1,0,,79,61.58,632
U11964,2025-02-01,Free,India,Paid Search,SMB,10,4,3,2,0,1,2025-07-31,0,70.14,0
U11965,2025-06-26,Free,US,Partner,SMB,4,2,1,1,0,0,,0,77.45,0
U11966,2025-07-03,Free,US,Organic,Mid-Market,13,2,1,1,0,1,2025-09-03,0,29.62,0
U11967,2025-04-27,Pro,India,Organic,Mid-Market,17,4,0,3,0,1,2025-10-19,79,35.94,474
U11968,2025-07-30,Pro,India,Content,Startup,16,3,3,5,0,1,2025-10-25,79,27.88,237
U11969,2025-02-15,Pro,UK,Organic,SMB,5,8,1,4,0,0,,79,34.15,632
U11970,2025-04-30,Business,US,Paid Search,Startup,13,10,0,8,0,0,,249,85.68,3237
U11971,2025-03-09,Pro,UK,Content,SMB,16,5,1,5,0,1,2025-06-11,79,25.03,237
U11972,2025-07-24,Free,Germany,Organic,SMB,6,4,4,3,0,1,2026-05-06,0,28.08,0
U11973,2025-10-01,Business,India,Paid Search,Startup,7,10,0,11,1,0,,249,99.69,2490
U11974,2025-01-14,Free,India,Content,Startup,16,1,2,2,0,1,2025-10-24,0,20.5,0
U11975,2025-05-02,Free,UK,Organic,Mid-Market,10,1,3,1,0,1,2026-02-27,0,41.44,0
U11976,2025-04-24,Free,Canada,Content,Startup,5,4,0,2,0,0,,0,45.52,0
U11977,2025-06-06,Free,Germany,Organic,Mid-Market,7,3,2,4,0,0,,0,35.96,0
U11978,2025-01-11,Free,Canada,Content,Enterprise,6,3,0,2,0,1,2025-07-18,0,35.2,0
U11979,2025-02-08,Free,Canada,Paid Search,SMB,10,4,1,1,0,0,,0,76.68,0
U11980,2025-06-11,Pro,US,Referral,Enterprise,10,7,0,5,0,0,,79,36.6,711
U11981,2025-01-04,Free,Germany,Content,Mid-Market,5,4,0,2,0,0,,0,35.42,0
U11982,2025-03-01,Free,Germany,Referral,Mid-Market,9,5,0,1,0,0,,0,43.15,0
U11983,2025-10-25,Free,UK,Organic,SMB,14,1,0,1,0,0,,0,27.47,0
U11984,2025-02-07,Pro,US,Referral,Startup,20,6,0,5,0,0,,79,42.97,632
U11985,2025-01-05,Free,US,Organic,SMB,9,2,1,4,0,1,2025-09-01,0,30.48,0
U11986,2025-08-29,Free,India,Referral,Mid-Market,10,4,0,1,0,1,2026-01-30,0,36.16,0
U11987,2025-07-29,Free,US,Organic,SMB,12,3,6,1,0,1,2026-02-28,0,25.48,0
U11988,2025-09-02,Business,US,Organic,Startup,9,8,0,7,1,0,,249,31.64,2739
U11989,2025-06-22,Pro,India,Content,Mid-Market,12,4,1,3,0,0,,79,22.92,1106
U11990,2025-09-01,Pro,US,Organic,SMB,12,6,2,3,1,0,,79,20.76,948
U11991,2025-04-27,Pro,India,Content,Enterprise,11,8,1,7,0,0,,79,17.75,790
U11992,2025-07-02,Pro,Canada,Content,Startup,10,8,0,2,0,1,2025-10-26,79,25.07,316
U11993,2025-08-18,Free,UK,Content,Startup,11,3,1,3,0,0,,0,27.31,0
U11994,2025-04-04,Pro,India,Organic,Startup,10,6,0,6,0,0,,79,29.17,790
U11995,2025-06-26,Business,US,Content,SMB,17,8,0,6,0,0,,249,33.05,2241
U11996,2025-01-09,Business,Germany,Organic,Mid-Market,16,6,0,12,0,0,,249,37.42,2739
U11997,2025-04-25,Free,Australia,Organic,SMB,4,6,2,2,0,0,,0,26.83,0
U11998,2025-03-12,Free,India,Paid Search,Startup,11,4,2,2,0,0,,0,81.42,0
U11999,2025-10-27,Free,US,Content,SMB,11,1,1,4,0,1,2026-08-25,0,37.57,0
U12000,2025-10-12,Pro,US,Referral,Enterprise,17,7,0,4,1,0,,79,41.83,1106
